fighter_1,fighter_2,bookmaker,type,point,price,fetched_at,commence_time
Alex Pereira,Ciryl Gane,1xBet,Over,2.5,1.8,2026-05-18,2026-06-15
Alex Pereira,Ciryl Gane,1xBet,Under,2.5,2.0,2026-05-18,2026-06-15
Alex Pereira,Ciryl Gane,PMU (FR),Over,2.5,1.81,2026-05-18,2026-06-15
Alex Pereira,Ciryl Gane,PMU (FR),Under,2.5,1.93,2026-05-18,2026-06-15
Ilia Topuria,Justin Gaethje,1xBet,Over,1.5,1.67,2026-05-18,2026-06-15
Ilia Topuria,Justin Gaethje,1xBet,Under,1.5,2.2,2026-05-18,2026-06-15
Ilia Topuria,Justin Gaethje,PMU (FR),Over,1.5,1.75,2026-05-18,2026-06-15
Ilia Topuria,Justin Gaethje,PMU (FR),Under,1.5,2.02,2026-05-18,2026-06-15
Conor McGregor,Max Holloway,PMU (FR),Over,3.5,2.0,2026-05-18,2026-07-12
Conor McGregor,Max Holloway,PMU (FR),Under,3.5,1.75,2026-05-18,2026-07-12
Alex Pereira,Ciryl Gane,1xBet,Over,2.5,1.8,2026-05-19,2026-06-15
Alex Pereira,Ciryl Gane,1xBet,Under,2.5,2.0,2026-05-19,2026-06-15
Alex Pereira,Ciryl Gane,PMU (FR),Over,2.5,1.81,2026-05-19,2026-06-15
Alex Pereira,Ciryl Gane,PMU (FR),Under,2.5,1.93,2026-05-19,2026-06-15
Ilia Topuria,Justin Gaethje,1xBet,Over,1.5,1.67,2026-05-19,2026-06-15
Ilia Topuria,Justin Gaethje,1xBet,Under,1.5,2.2,2026-05-19,2026-06-15
Ilia Topuria,Justin Gaethje,PMU (FR),Over,1.5,1.75,2026-05-19,2026-06-15
Ilia Topuria,Justin Gaethje,PMU (FR),Under,1.5,2.02,2026-05-19,2026-06-15
Conor McGregor,Max Holloway,PMU (FR),Over,3.5,2.0,2026-05-19,2026-07-12
Conor McGregor,Max Holloway,PMU (FR),Under,3.5,1.76,2026-05-19,2026-07-12
Alex Pereira,Ciryl Gane,1xBet,Over,2.5,1.8,2026-05-21,2026-06-15
Alex Pereira,Ciryl Gane,1xBet,Under,2.5,2.0,2026-05-21,2026-06-15
Alex Pereira,Ciryl Gane,PMU (FR),Over,2.5,1.81,2026-05-21,2026-06-15
Alex Pereira,Ciryl Gane,PMU (FR),Under,2.5,1.93,2026-05-21,2026-06-15
Ilia Topuria,Justin Gaethje,1xBet,Over,1.5,1.67,2026-05-21,2026-06-15
Ilia Topuria,Justin Gaethje,1xBet,Under,1.5,2.2,2026-05-21,2026-06-15
Ilia Topuria,Justin Gaethje,PMU (FR),Over,1.5,1.75,2026-05-21,2026-06-15
Ilia Topuria,Justin Gaethje,PMU (FR),Under,1.5,2.02,2026-05-21,2026-06-15
Conor McGregor,Max Holloway,PMU (FR),Over,3.5,2.0,2026-05-21,2026-07-12
Conor McGregor,Max Holloway,PMU (FR),Under,3.5,1.76,2026-05-21,2026-07-12
Alex Pereira,Ciryl Gane,1xBet,Over,2.5,1.8,2026-05-22,2026-06-15
Alex Pereira,Ciryl Gane,1xBet,Under,2.5,2.0,2026-05-22,2026-06-15
Alex Pereira,Ciryl Gane,PMU (FR),Over,2.5,1.81,2026-05-22,2026-06-15
Alex Pereira,Ciryl Gane,PMU (FR),Under,2.5,1.93,2026-05-22,2026-06-15
Ilia Topuria,Justin Gaethje,1xBet,Over,1.5,1.67,2026-05-22,2026-06-15
Ilia Topuria,Justin Gaethje,1xBet,Under,1.5,2.2,2026-05-22,2026-06-15
Ilia Topuria,Justin Gaethje,PMU (FR),Over,1.5,1.75,2026-05-22,2026-06-15
Ilia Topuria,Justin Gaethje,PMU (FR),Under,1.5,2.02,2026-05-22,2026-06-15
Conor McGregor,Max Holloway,PMU (FR),Over,3.5,2.0,2026-05-22,2026-07-12
Conor McGregor,Max Holloway,PMU (FR),Under,3.5,1.76,2026-05-22,2026-07-12
Adam Meskini,Keweny Lopes,BetOnline.ag,Over,1.5,1.62,2026-05-23,2026-05-23
Adam Meskini,Keweny Lopes,BetOnline.ag,Under,1.5,2.4,2026-05-23,2026-05-23
Rustam Serbiev,Ashley Reece,BetOnline.ag,Over,1.5,2.05,2026-05-23,2026-05-23
Rustam Serbiev,Ashley Reece,BetOnline.ag,Under,1.5,1.8,2026-05-23,2026-05-23
Donegi Abena,Joe Schilling,BetOnline.ag,Over,1.5,3.9,2026-05-23,2026-05-23
Donegi Abena,Joe Schilling,BetOnline.ag,Under,1.5,1.27,2026-05-23,2026-05-23
Khamzat Abaev,Luca Poclit,BetOnline.ag,Over,1.5,1.8,2026-05-23,2026-05-23
Khamzat Abaev,Luca Poclit,BetOnline.ag,Under,1.5,2.05,2026-05-23,2026-05-23
Baris Adiguzel,Gustavo Oliveira,BetOnline.ag,Over,1.5,2.3,2026-05-23,2026-05-23
Baris Adiguzel,Gustavo Oliveira,BetOnline.ag,Under,1.5,1.67,2026-05-23,2026-05-23
Asael Adjoudj,Keisuke Sasu,BetOnline.ag,Over,1.5,1.67,2026-05-23,2026-05-23
Asael Adjoudj,Keisuke Sasu,BetOnline.ag,Under,1.5,2.2,2026-05-23,2026-05-23
Marcirley Alves da Silva,Naoki Inoue,BetOnline.ag,Over,1.5,1.25,2026-05-23,2026-05-23
Marcirley Alves da Silva,Naoki Inoue,BetOnline.ag,Under,1.5,4.16,2026-05-23,2026-05-23
Boris Mbarga Atangana,Jared Gooden,BetOnline.ag,Over,1.5,2.9,2026-05-23,2026-05-23
Boris Mbarga Atangana,Jared Gooden,BetOnline.ag,Under,1.5,1.42,2026-05-23,2026-05-23
Taylor Lapilus,Jake Hadley,BetOnline.ag,Over,1.5,1.2,2026-05-23,2026-05-23
Taylor Lapilus,Jake Hadley,BetOnline.ag,Under,1.5,4.75,2026-05-23,2026-05-23
Patrick Habirora,Benson Henderson,BetOnline.ag,Over,1.5,2.65,2026-05-23,2026-05-23
Patrick Habirora,Benson Henderson,BetOnline.ag,Under,1.5,1.49,2026-05-23,2026-05-23
Angela Hill,Jingnan Xiong,1xBet,Over,2.5,1.22,2026-05-23,2026-05-30
Angela Hill,Jingnan Xiong,1xBet,Under,2.5,4.0,2026-05-23,2026-05-30
Loma Lookboonmee,Jaqueline Amorim,1xBet,Over,2.5,1.5,2026-05-23,2026-05-30
Loma Lookboonmee,Jaqueline Amorim,1xBet,Under,2.5,2.48,2026-05-23,2026-05-30
Meng Ding,José Henrique,1xBet,Over,2.5,2.25,2026-05-23,2026-05-30
Meng Ding,José Henrique,1xBet,Under,2.5,1.6,2026-05-23,2026-05-30
Luis Felipe Dias,Yi Sak Lee,1xBet,Over,1.5,1.7,2026-05-23,2026-05-30
Luis Felipe Dias,Yi Sak Lee,1xBet,Under,1.5,2.08,2026-05-23,2026-05-30
Aori Qileng,Cody Haddon,1xBet,Over,2.5,1.52,2026-05-23,2026-05-30
Aori Qileng,Cody Haddon,1xBet,Under,2.5,2.43,2026-05-23,2026-05-30
Rodrigo Vera,Kangjie Zhu,1xBet,Over,2.5,1.4,2026-05-23,2026-05-30
Rodrigo Vera,Kangjie Zhu,1xBet,Under,2.5,2.8,2026-05-23,2026-05-30
Alex Perez,Su Mudaerji,1xBet,Over,2.5,1.6,2026-05-23,2026-05-30
Alex Perez,Su Mudaerji,1xBet,Under,2.5,2.25,2026-05-23,2026-05-30
Zhang Mingyang,Alonzo Menifield,1xBet,Over,1.5,2.36,2026-05-23,2026-05-30
Zhang Mingyang,Alonzo Menifield,1xBet,Under,1.5,1.55,2026-05-23,2026-05-30
Kai Asakura,Cameron Smotherman,1xBet,Over,2.5,1.9,2026-05-23,2026-05-30
Kai Asakura,Cameron Smotherman,1xBet,Under,2.5,1.84,2026-05-23,2026-05-30
Song Yadong,Deiveson Figueiredo,1xBet,Over,2.5,1.4,2026-05-23,2026-05-30
Song Yadong,Deiveson Figueiredo,1xBet,Under,2.5,2.8,2026-05-23,2026-05-30
Sergey Pavlovich,Tallison Teixeira,1xBet,Over,1.5,2.0,2026-05-23,2026-05-30
Sergey Pavlovich,Tallison Teixeira,1xBet,Under,1.5,1.76,2026-05-23,2026-05-30
Jake Matthews,Carlston Harris,1xBet,Over,2.5,1.98,2026-05-23,2026-05-30
Jake Matthews,Carlston Harris,1xBet,Under,2.5,1.77,2026-05-23,2026-05-30
Derrick Lewis,Josh Hokit,1xBet,Over,1.5,2.1,2026-05-23,2026-06-14
Derrick Lewis,Josh Hokit,1xBet,Under,1.5,1.73,2026-05-23,2026-06-14
Mauricio Ruffy,Michael Chandler,1xBet,Over,1.5,2.1,2026-05-23,2026-06-14
Mauricio Ruffy,Michael Chandler,1xBet,Under,1.5,1.73,2026-05-23,2026-06-14
Alex Pereira,Ciryl Gane,1xBet,Over,2.5,1.8,2026-05-23,2026-06-15
Alex Pereira,Ciryl Gane,1xBet,Under,2.5,2.0,2026-05-23,2026-06-15
Alex Pereira,Ciryl Gane,PMU (FR),Over,2.5,1.81,2026-05-23,2026-06-15
Alex Pereira,Ciryl Gane,PMU (FR),Under,2.5,1.93,2026-05-23,2026-06-15
Ilia Topuria,Justin Gaethje,1xBet,Over,1.5,1.67,2026-05-23,2026-06-15
Ilia Topuria,Justin Gaethje,1xBet,Under,1.5,2.2,2026-05-23,2026-06-15
Ilia Topuria,Justin Gaethje,PMU (FR),Over,1.5,1.74,2026-05-23,2026-06-15
Ilia Topuria,Justin Gaethje,PMU (FR),Under,1.5,2.02,2026-05-23,2026-06-15
Conor McGregor,Max Holloway,PMU (FR),Over,3.5,1.97,2026-05-23,2026-07-12
Conor McGregor,Max Holloway,PMU (FR),Under,3.5,1.76,2026-05-23,2026-07-12
Angela Hill,Jingnan Xiong,BetOnline.ag,Over,2.5,1.25,2026-05-24,2026-05-30
Angela Hill,Jingnan Xiong,BetOnline.ag,Under,2.5,4.16,2026-05-24,2026-05-30
Angela Hill,Jingnan Xiong,1xBet,Over,2.5,1.22,2026-05-24,2026-05-30
Angela Hill,Jingnan Xiong,1xBet,Under,2.5,4.0,2026-05-24,2026-05-30
Loma Lookboonmee,Jaqueline Amorim,BetOnline.ag,Over,2.5,1.54,2026-05-24,2026-05-30
Loma Lookboonmee,Jaqueline Amorim,BetOnline.ag,Under,2.5,2.61,2026-05-24,2026-05-30
Loma Lookboonmee,Jaqueline Amorim,1xBet,Over,2.5,1.5,2026-05-24,2026-05-30
Loma Lookboonmee,Jaqueline Amorim,1xBet,Under,2.5,2.48,2026-05-24,2026-05-30
Meng Ding,José Henrique,1xBet,Over,2.5,2.25,2026-05-24,2026-05-30
Meng Ding,José Henrique,1xBet,Under,2.5,1.6,2026-05-24,2026-05-30
Luis Felipe Dias,Yi Sak Lee,BetOnline.ag,Over,1.5,1.54,2026-05-24,2026-05-30
Luis Felipe Dias,Yi Sak Lee,BetOnline.ag,Under,1.5,2.61,2026-05-24,2026-05-30
Luis Felipe Dias,Yi Sak Lee,1xBet,Over,1.5,1.7,2026-05-24,2026-05-30
Luis Felipe Dias,Yi Sak Lee,1xBet,Under,1.5,2.08,2026-05-24,2026-05-30
Aori Qileng,Cody Haddon,BetOnline.ag,Over,2.5,2.0,2026-05-24,2026-05-30
Aori Qileng,Cody Haddon,BetOnline.ag,Under,2.5,1.83,2026-05-24,2026-05-30
Aori Qileng,Cody Haddon,1xBet,Over,2.5,1.52,2026-05-24,2026-05-30
Aori Qileng,Cody Haddon,1xBet,Under,2.5,2.43,2026-05-24,2026-05-30
Rodrigo Vera,Kangjie Zhu,BetOnline.ag,Over,2.5,1.5,2026-05-24,2026-05-30
Rodrigo Vera,Kangjie Zhu,BetOnline.ag,Under,2.5,2.74,2026-05-24,2026-05-30
Rodrigo Vera,Kangjie Zhu,1xBet,Over,2.5,1.4,2026-05-24,2026-05-30
Rodrigo Vera,Kangjie Zhu,1xBet,Under,2.5,2.8,2026-05-24,2026-05-30
Alex Perez,Su Mudaerji,BetOnline.ag,Over,2.5,1.61,2026-05-24,2026-05-30
Alex Perez,Su Mudaerji,BetOnline.ag,Under,2.5,2.45,2026-05-24,2026-05-30
Alex Perez,Su Mudaerji,1xBet,Over,2.5,1.6,2026-05-24,2026-05-30
Alex Perez,Su Mudaerji,1xBet,Under,2.5,2.25,2026-05-24,2026-05-30
Zhang Mingyang,Alonzo Menifield,BetOnline.ag,Over,1.5,2.61,2026-05-24,2026-05-30
Zhang Mingyang,Alonzo Menifield,BetOnline.ag,Under,1.5,1.54,2026-05-24,2026-05-30
Zhang Mingyang,Alonzo Menifield,1xBet,Over,1.5,2.36,2026-05-24,2026-05-30
Zhang Mingyang,Alonzo Menifield,1xBet,Under,1.5,1.55,2026-05-24,2026-05-30
Kai Asakura,Cameron Smotherman,1xBet,Over,2.5,1.9,2026-05-24,2026-05-30
Kai Asakura,Cameron Smotherman,1xBet,Under,2.5,1.84,2026-05-24,2026-05-30
Song Yadong,Deiveson Figueiredo,BetOnline.ag,Over,4.5,1.83,2026-05-24,2026-05-30
Song Yadong,Deiveson Figueiredo,BetOnline.ag,Under,4.5,2.0,2026-05-24,2026-05-30
Song Yadong,Deiveson Figueiredo,1xBet,Over,2.5,1.4,2026-05-24,2026-05-30
Song Yadong,Deiveson Figueiredo,1xBet,Under,2.5,2.8,2026-05-24,2026-05-30
Sergey Pavlovich,Tallison Teixeira,BetOnline.ag,Over,1.5,2.53,2026-05-24,2026-05-30
Sergey Pavlovich,Tallison Teixeira,BetOnline.ag,Under,1.5,1.57,2026-05-24,2026-05-30
Sergey Pavlovich,Tallison Teixeira,1xBet,Over,1.5,2.0,2026-05-24,2026-05-30
Sergey Pavlovich,Tallison Teixeira,1xBet,Under,1.5,1.76,2026-05-24,2026-05-30
Jake Matthews,Carlston Harris,BetOnline.ag,Over,2.5,1.83,2026-05-24,2026-05-30
Jake Matthews,Carlston Harris,BetOnline.ag,Under,2.5,2.0,2026-05-24,2026-05-30
Jake Matthews,Carlston Harris,1xBet,Over,2.5,1.98,2026-05-24,2026-05-30
Jake Matthews,Carlston Harris,1xBet,Under,2.5,1.77,2026-05-24,2026-05-30
Rei Tsuruya,Luis Gurule,BetOnline.ag,Over,2.5,1.57,2026-05-24,2026-05-30
Rei Tsuruya,Luis Gurule,BetOnline.ag,Under,2.5,2.53,2026-05-24,2026-05-30
Derrick Lewis,Josh Hokit,1xBet,Over,1.5,2.1,2026-05-24,2026-06-14
Derrick Lewis,Josh Hokit,1xBet,Under,1.5,1.73,2026-05-24,2026-06-14
Mauricio Ruffy,Michael Chandler,1xBet,Over,1.5,2.1,2026-05-24,2026-06-14
Mauricio Ruffy,Michael Chandler,1xBet,Under,1.5,1.73,2026-05-24,2026-06-14
Alex Pereira,Ciryl Gane,1xBet,Over,2.5,1.8,2026-05-24,2026-06-15
Alex Pereira,Ciryl Gane,1xBet,Under,2.5,2.0,2026-05-24,2026-06-15
Alex Pereira,Ciryl Gane,PMU (FR),Over,2.5,1.81,2026-05-24,2026-06-15
Alex Pereira,Ciryl Gane,PMU (FR),Under,2.5,1.93,2026-05-24,2026-06-15
Ilia Topuria,Justin Gaethje,1xBet,Over,1.5,1.67,2026-05-24,2026-06-15
Ilia Topuria,Justin Gaethje,1xBet,Under,1.5,2.2,2026-05-24,2026-06-15
Ilia Topuria,Justin Gaethje,PMU (FR),Over,1.5,1.74,2026-05-24,2026-06-15
Ilia Topuria,Justin Gaethje,PMU (FR),Under,1.5,2.02,2026-05-24,2026-06-15
Conor McGregor,Max Holloway,PMU (FR),Over,3.5,1.97,2026-05-24,2026-07-12
Conor McGregor,Max Holloway,PMU (FR),Under,3.5,1.76,2026-05-24,2026-07-12
Diego Lopes,Steve Garcia Jr.,1xBet,Over,2.5,2.2,2026-05-24,2026-06-14
Diego Lopes,Steve Garcia Jr.,1xBet,Under,2.5,1.63,2026-05-24,2026-06-14
Bo Nickal,Kyle Daukaus,1xBet,Over,2.5,1.8,2026-05-24,2026-06-14
Bo Nickal,Kyle Daukaus,1xBet,Under,2.5,1.95,2026-05-24,2026-06-14
Mauricio Ruffy,Michael Chandler,1xBet,Over,2.5,1.9,2026-05-24,2026-06-14
Mauricio Ruffy,Michael Chandler,1xBet,Under,2.5,1.84,2026-05-24,2026-06-14
Sean O'Malley,Aiemann Zahabi,1xBet,Over,2.5,1.45,2026-05-24,2026-06-14
Sean O'Malley,Aiemann Zahabi,1xBet,Under,2.5,2.65,2026-05-24,2026-06-14
Assem Ghanem,Mohammad Fahmi,BetOnline.ag,Over,2.5,1.87,2026-05-24,2026-05-24
Assem Ghanem,Mohammad Fahmi,BetOnline.ag,Under,2.5,1.95,2026-05-24,2026-05-24
Angela Hill,Jingnan Xiong,Pinnacle,Over,2.5,1.24,2026-05-24,2026-05-30
Angela Hill,Jingnan Xiong,Pinnacle,Under,2.5,4.1,2026-05-24,2026-05-30
Loma Lookboonmee,Jaqueline Amorim,Pinnacle,Over,2.5,1.53,2026-05-24,2026-05-30
Loma Lookboonmee,Jaqueline Amorim,Pinnacle,Under,2.5,2.55,2026-05-24,2026-05-30
Luis Felipe Dias,Yi Sak Lee,1xBet,Over,2.5,2.16,2026-05-24,2026-05-30
Luis Felipe Dias,Yi Sak Lee,1xBet,Under,2.5,1.65,2026-05-24,2026-05-30
Luis Felipe Dias,Yi Sak Lee,Pinnacle,Over,1.5,1.57,2026-05-24,2026-05-30
Luis Felipe Dias,Yi Sak Lee,Pinnacle,Under,1.5,2.43,2026-05-24,2026-05-30
Aori Qileng,Cody Haddon,Pinnacle,Over,2.5,1.89,2026-05-24,2026-05-30
Aori Qileng,Cody Haddon,Pinnacle,Under,2.5,1.93,2026-05-24,2026-05-30
Rodrigo Vera,Kangjie Zhu,Pinnacle,Over,2.5,1.41,2026-05-24,2026-05-30
Rodrigo Vera,Kangjie Zhu,Pinnacle,Under,2.5,2.96,2026-05-24,2026-05-30
Alex Perez,Su Mudaerji,Pinnacle,Over,2.5,1.79,2026-05-24,2026-05-30
Alex Perez,Su Mudaerji,Pinnacle,Under,2.5,2.04,2026-05-24,2026-05-30
Zhang Mingyang,Alonzo Menifield,Pinnacle,Over,1.5,2.63,2026-05-24,2026-05-30
Zhang Mingyang,Alonzo Menifield,Pinnacle,Under,1.5,1.5,2026-05-24,2026-05-30
Song Yadong,Deiveson Figueiredo,Pinnacle,Over,4.5,1.79,2026-05-24,2026-05-30
Song Yadong,Deiveson Figueiredo,Pinnacle,Under,4.5,2.04,2026-05-24,2026-05-30
Sergey Pavlovich,Tallison Teixeira,Pinnacle,Over,1.5,2.38,2026-05-24,2026-05-30
Sergey Pavlovich,Tallison Teixeira,Pinnacle,Under,1.5,1.59,2026-05-24,2026-05-30
Jake Matthews,Carlston Harris,Pinnacle,Over,2.5,2.13,2026-05-24,2026-05-30
Jake Matthews,Carlston Harris,Pinnacle,Under,2.5,1.73,2026-05-24,2026-05-30
Rei Tsuruya,Luis Gurule,1xBet,Over,2.5,1.5,2026-05-24,2026-05-30
Rei Tsuruya,Luis Gurule,1xBet,Under,2.5,2.48,2026-05-24,2026-05-30
Rei Tsuruya,Luis Gurule,Pinnacle,Over,2.5,1.56,2026-05-24,2026-05-30
Rei Tsuruya,Luis Gurule,Pinnacle,Under,2.5,2.46,2026-05-24,2026-05-30
Angela Hill,Jingnan Xiong,BetOnline.ag,Over,2.5,1.25,2026-05-25,2026-05-30
Angela Hill,Jingnan Xiong,BetOnline.ag,Under,2.5,4.16,2026-05-25,2026-05-30
Angela Hill,Jingnan Xiong,1xBet,Over,2.5,1.22,2026-05-25,2026-05-30
Angela Hill,Jingnan Xiong,1xBet,Under,2.5,4.0,2026-05-25,2026-05-30
Angela Hill,Jingnan Xiong,Pinnacle,Over,2.5,1.24,2026-05-25,2026-05-30
Angela Hill,Jingnan Xiong,Pinnacle,Under,2.5,4.1,2026-05-25,2026-05-30
Loma Lookboonmee,Jaqueline Amorim,BetOnline.ag,Over,2.5,1.54,2026-05-25,2026-05-30
Loma Lookboonmee,Jaqueline Amorim,BetOnline.ag,Under,2.5,2.61,2026-05-25,2026-05-30
Loma Lookboonmee,Jaqueline Amorim,1xBet,Over,2.5,1.5,2026-05-25,2026-05-30
Loma Lookboonmee,Jaqueline Amorim,1xBet,Under,2.5,2.48,2026-05-25,2026-05-30
Loma Lookboonmee,Jaqueline Amorim,Pinnacle,Over,2.5,1.53,2026-05-25,2026-05-30
Loma Lookboonmee,Jaqueline Amorim,Pinnacle,Under,2.5,2.55,2026-05-25,2026-05-30
Meng Ding,José Henrique,1xBet,Over,2.5,2.25,2026-05-25,2026-05-30
Meng Ding,José Henrique,1xBet,Under,2.5,1.6,2026-05-25,2026-05-30
Luis Felipe Dias,Yi Sak Lee,BetOnline.ag,Over,1.5,1.59,2026-05-25,2026-05-30
Luis Felipe Dias,Yi Sak Lee,BetOnline.ag,Under,1.5,2.49,2026-05-25,2026-05-30
Luis Felipe Dias,Yi Sak Lee,1xBet,Over,2.5,2.16,2026-05-25,2026-05-30
Luis Felipe Dias,Yi Sak Lee,1xBet,Under,2.5,1.65,2026-05-25,2026-05-30
Luis Felipe Dias,Yi Sak Lee,Pinnacle,Over,1.5,1.57,2026-05-25,2026-05-30
Luis Felipe Dias,Yi Sak Lee,Pinnacle,Under,1.5,2.43,2026-05-25,2026-05-30
Aori Qileng,Cody Haddon,BetOnline.ag,Over,2.5,1.83,2026-05-25,2026-05-30
Aori Qileng,Cody Haddon,BetOnline.ag,Under,2.5,2.0,2026-05-25,2026-05-30
Aori Qileng,Cody Haddon,1xBet,Over,2.5,1.52,2026-05-25,2026-05-30
Aori Qileng,Cody Haddon,1xBet,Under,2.5,2.43,2026-05-25,2026-05-30
Aori Qileng,Cody Haddon,Pinnacle,Over,2.5,1.89,2026-05-25,2026-05-30
Aori Qileng,Cody Haddon,Pinnacle,Under,2.5,1.93,2026-05-25,2026-05-30
Rodrigo Vera,Kangjie Zhu,Pinnacle,Over,2.5,1.41,2026-05-25,2026-05-30
Rodrigo Vera,Kangjie Zhu,Pinnacle,Under,2.5,2.96,2026-05-25,2026-05-30
Rodrigo Vera,Kangjie Zhu,BetOnline.ag,Over,2.5,1.42,2026-05-25,2026-05-30
Rodrigo Vera,Kangjie Zhu,BetOnline.ag,Under,2.5,3.0,2026-05-25,2026-05-30
Rodrigo Vera,Kangjie Zhu,1xBet,Over,2.5,1.4,2026-05-25,2026-05-30
Rodrigo Vera,Kangjie Zhu,1xBet,Under,2.5,2.8,2026-05-25,2026-05-30
Alex Perez,Su Mudaerji,BetOnline.ag,Over,2.5,1.8,2026-05-25,2026-05-30
Alex Perez,Su Mudaerji,BetOnline.ag,Under,2.5,2.05,2026-05-25,2026-05-30
Alex Perez,Su Mudaerji,1xBet,Over,2.5,1.6,2026-05-25,2026-05-30
Alex Perez,Su Mudaerji,1xBet,Under,2.5,2.25,2026-05-25,2026-05-30
Alex Perez,Su Mudaerji,Pinnacle,Over,2.5,1.79,2026-05-25,2026-05-30
Alex Perez,Su Mudaerji,Pinnacle,Under,2.5,2.04,2026-05-25,2026-05-30
Zhang Mingyang,Alonzo Menifield,BetOnline.ag,Over,1.5,2.7,2026-05-25,2026-05-30
Zhang Mingyang,Alonzo Menifield,BetOnline.ag,Under,1.5,1.51,2026-05-25,2026-05-30
Zhang Mingyang,Alonzo Menifield,1xBet,Over,1.5,2.36,2026-05-25,2026-05-30
Zhang Mingyang,Alonzo Menifield,1xBet,Under,1.5,1.55,2026-05-25,2026-05-30
Zhang Mingyang,Alonzo Menifield,Pinnacle,Over,1.5,2.63,2026-05-25,2026-05-30
Zhang Mingyang,Alonzo Menifield,Pinnacle,Under,1.5,1.5,2026-05-25,2026-05-30
Kai Asakura,Cameron Smotherman,1xBet,Over,2.5,1.9,2026-05-25,2026-05-30
Kai Asakura,Cameron Smotherman,1xBet,Under,2.5,1.84,2026-05-25,2026-05-30
Song Yadong,Deiveson Figueiredo,BetOnline.ag,Over,4.5,1.95,2026-05-25,2026-05-30
Song Yadong,Deiveson Figueiredo,BetOnline.ag,Under,4.5,1.87,2026-05-25,2026-05-30
Song Yadong,Deiveson Figueiredo,1xBet,Over,2.5,1.4,2026-05-25,2026-05-30
Song Yadong,Deiveson Figueiredo,1xBet,Under,2.5,2.8,2026-05-25,2026-05-30
Song Yadong,Deiveson Figueiredo,Pinnacle,Over,4.5,1.79,2026-05-25,2026-05-30
Song Yadong,Deiveson Figueiredo,Pinnacle,Under,4.5,2.04,2026-05-25,2026-05-30
Sergey Pavlovich,Tallison Teixeira,BetOnline.ag,Over,1.5,2.3,2026-05-25,2026-05-30
Sergey Pavlovich,Tallison Teixeira,BetOnline.ag,Under,1.5,1.67,2026-05-25,2026-05-30
Sergey Pavlovich,Tallison Teixeira,1xBet,Over,1.5,2.0,2026-05-25,2026-05-30
Sergey Pavlovich,Tallison Teixeira,1xBet,Under,1.5,1.76,2026-05-25,2026-05-30
Sergey Pavlovich,Tallison Teixeira,Pinnacle,Over,1.5,2.38,2026-05-25,2026-05-30
Sergey Pavlovich,Tallison Teixeira,Pinnacle,Under,1.5,1.59,2026-05-25,2026-05-30
Jake Matthews,Carlston Harris,BetOnline.ag,Over,2.5,2.15,2026-05-25,2026-05-30
Jake Matthews,Carlston Harris,BetOnline.ag,Under,2.5,1.74,2026-05-25,2026-05-30
Jake Matthews,Carlston Harris,Pinnacle,Over,2.5,2.13,2026-05-25,2026-05-30
Jake Matthews,Carlston Harris,Pinnacle,Under,2.5,1.73,2026-05-25,2026-05-30
Jake Matthews,Carlston Harris,1xBet,Over,2.5,1.98,2026-05-25,2026-05-30
Jake Matthews,Carlston Harris,1xBet,Under,2.5,1.77,2026-05-25,2026-05-30
Rei Tsuruya,Luis Gurule,BetOnline.ag,Over,2.5,1.57,2026-05-25,2026-05-30
Rei Tsuruya,Luis Gurule,BetOnline.ag,Under,2.5,2.53,2026-05-25,2026-05-30
Rei Tsuruya,Luis Gurule,1xBet,Over,2.5,1.5,2026-05-25,2026-05-30
Rei Tsuruya,Luis Gurule,1xBet,Under,2.5,2.48,2026-05-25,2026-05-30
Rei Tsuruya,Luis Gurule,Pinnacle,Over,2.5,1.56,2026-05-25,2026-05-30
Rei Tsuruya,Luis Gurule,Pinnacle,Under,2.5,2.46,2026-05-25,2026-05-30
Diego Lopes,Steve Garcia Jr.,1xBet,Over,2.5,2.2,2026-05-25,2026-06-14
Diego Lopes,Steve Garcia Jr.,1xBet,Under,2.5,1.63,2026-05-25,2026-06-14
Bo Nickal,Kyle Daukaus,1xBet,Over,2.5,1.8,2026-05-25,2026-06-14
Bo Nickal,Kyle Daukaus,1xBet,Under,2.5,1.95,2026-05-25,2026-06-14
Derrick Lewis,Josh Hokit,1xBet,Over,1.5,1.75,2026-05-25,2026-06-14
Derrick Lewis,Josh Hokit,1xBet,Under,1.5,2.0,2026-05-25,2026-06-14
Mauricio Ruffy,Michael Chandler,1xBet,Over,2.5,1.9,2026-05-25,2026-06-14
Mauricio Ruffy,Michael Chandler,1xBet,Under,2.5,1.84,2026-05-25,2026-06-14
Sean O'Malley,Aiemann Zahabi,1xBet,Over,2.5,1.45,2026-05-25,2026-06-14
Sean O'Malley,Aiemann Zahabi,1xBet,Under,2.5,2.65,2026-05-25,2026-06-14
Alex Pereira,Ciryl Gane,1xBet,Over,2.5,1.8,2026-05-25,2026-06-15
Alex Pereira,Ciryl Gane,1xBet,Under,2.5,2.0,2026-05-25,2026-06-15
Alex Pereira,Ciryl Gane,PMU (FR),Over,2.5,1.81,2026-05-25,2026-06-15
Alex Pereira,Ciryl Gane,PMU (FR),Under,2.5,1.93,2026-05-25,2026-06-15
Ilia Topuria,Justin Gaethje,1xBet,Over,1.5,1.67,2026-05-25,2026-06-15
Ilia Topuria,Justin Gaethje,1xBet,Under,1.5,2.2,2026-05-25,2026-06-15
Ilia Topuria,Justin Gaethje,PMU (FR),Over,1.5,1.74,2026-05-25,2026-06-15
Ilia Topuria,Justin Gaethje,PMU (FR),Under,1.5,2.02,2026-05-25,2026-06-15
Conor McGregor,Max Holloway,PMU (FR),Over,3.5,1.97,2026-05-25,2026-07-12
Conor McGregor,Max Holloway,PMU (FR),Under,3.5,1.76,2026-05-25,2026-07-12
Loma Lookboonmee,Jaqueline Amorim,BetOnline.ag,Over,2.5,1.51,2026-05-30,2026-05-30
Loma Lookboonmee,Jaqueline Amorim,BetOnline.ag,Under,2.5,2.7,2026-05-30,2026-05-30
Loma Lookboonmee,Jaqueline Amorim,1xBet,Over,2.5,1.48,2026-05-30,2026-05-30
Loma Lookboonmee,Jaqueline Amorim,1xBet,Under,2.5,2.55,2026-05-30,2026-05-30
Loma Lookboonmee,Jaqueline Amorim,Pinnacle,Over,2.5,1.45,2026-05-30,2026-05-30
Loma Lookboonmee,Jaqueline Amorim,Pinnacle,Under,2.5,2.85,2026-05-30,2026-05-30
Loma Lookboonmee,Jaqueline Amorim,Coolbet,Over,2.5,1.54,2026-05-30,2026-05-30
Loma Lookboonmee,Jaqueline Amorim,Coolbet,Under,2.5,2.55,2026-05-30,2026-05-30
Loma Lookboonmee,Jaqueline Amorim,BetAnything,Over,2.5,1.48,2026-05-30,2026-05-30
Loma Lookboonmee,Jaqueline Amorim,BetAnything,Under,2.5,2.75,2026-05-30,2026-05-30
Rodrigo Vera,Kangjie Zhu,Pinnacle,Over,2.5,1.38,2026-05-30,2026-05-30
Rodrigo Vera,Kangjie Zhu,Pinnacle,Under,2.5,3.17,2026-05-30,2026-05-30
Rodrigo Vera,Kangjie Zhu,BetOnline.ag,Over,2.5,1.37,2026-05-30,2026-05-30
Rodrigo Vera,Kangjie Zhu,BetOnline.ag,Under,2.5,3.22,2026-05-30,2026-05-30
Rodrigo Vera,Kangjie Zhu,1xBet,Over,2.5,1.36,2026-05-30,2026-05-30
Rodrigo Vera,Kangjie Zhu,1xBet,Under,2.5,3.0,2026-05-30,2026-05-30
Rodrigo Vera,Kangjie Zhu,Coolbet,Over,2.5,1.4,2026-05-30,2026-05-30
Rodrigo Vera,Kangjie Zhu,Coolbet,Under,2.5,3.05,2026-05-30,2026-05-30
Rodrigo Vera,Kangjie Zhu,BetAnything,Over,2.5,1.37,2026-05-30,2026-05-30
Rodrigo Vera,Kangjie Zhu,BetAnything,Under,2.5,3.1,2026-05-30,2026-05-30
Angela Hill,Jingnan Xiong,BetOnline.ag,Over,2.5,1.22,2026-05-30,2026-05-30
Angela Hill,Jingnan Xiong,BetOnline.ag,Under,2.5,4.5,2026-05-30,2026-05-30
Angela Hill,Jingnan Xiong,1xBet,Over,2.5,1.21,2026-05-30,2026-05-30
Angela Hill,Jingnan Xiong,1xBet,Under,2.5,4.2,2026-05-30,2026-05-30
Angela Hill,Jingnan Xiong,Pinnacle,Over,2.5,1.23,2026-05-30,2026-05-30
Angela Hill,Jingnan Xiong,Pinnacle,Under,2.5,4.49,2026-05-30,2026-05-30
Angela Hill,Jingnan Xiong,Coolbet,Over,2.5,1.25,2026-05-30,2026-05-30
Angela Hill,Jingnan Xiong,Coolbet,Under,2.5,4.15,2026-05-30,2026-05-30
Angela Hill,Jingnan Xiong,BetAnything,Over,2.5,1.22,2026-05-30,2026-05-30
Angela Hill,Jingnan Xiong,BetAnything,Under,2.5,3.85,2026-05-30,2026-05-30
Rei Tsuruya,Luis Gurule,BetOnline.ag,Over,2.5,1.58,2026-05-30,2026-05-30
Rei Tsuruya,Luis Gurule,BetOnline.ag,Under,2.5,2.51,2026-05-30,2026-05-30
Rei Tsuruya,Luis Gurule,1xBet,Over,2.5,1.53,2026-05-30,2026-05-30
Rei Tsuruya,Luis Gurule,1xBet,Under,2.5,2.4,2026-05-30,2026-05-30
Rei Tsuruya,Luis Gurule,Pinnacle,Over,2.5,1.56,2026-05-30,2026-05-30
Rei Tsuruya,Luis Gurule,Pinnacle,Under,2.5,2.5,2026-05-30,2026-05-30
Rei Tsuruya,Luis Gurule,Coolbet,Over,2.5,1.55,2026-05-30,2026-05-30
Rei Tsuruya,Luis Gurule,Coolbet,Under,2.5,2.5,2026-05-30,2026-05-30
Rei Tsuruya,Luis Gurule,BetAnything,Over,2.5,1.56,2026-05-30,2026-05-30
Rei Tsuruya,Luis Gurule,BetAnything,Under,2.5,2.5,2026-05-30,2026-05-30
Aori Qileng,Cody Haddon,BetOnline.ag,Over,2.5,1.8,2026-05-30,2026-05-30
Aori Qileng,Cody Haddon,BetOnline.ag,Under,2.5,2.05,2026-05-30,2026-05-30
Aori Qileng,Cody Haddon,1xBet,Over,2.5,1.84,2026-05-30,2026-05-30
Aori Qileng,Cody Haddon,1xBet,Under,2.5,1.9,2026-05-30,2026-05-30
Aori Qileng,Cody Haddon,Pinnacle,Over,2.5,1.8,2026-05-30,2026-05-30
Aori Qileng,Cody Haddon,Pinnacle,Under,2.5,2.07,2026-05-30,2026-05-30
Aori Qileng,Cody Haddon,Coolbet,Over,2.5,1.88,2026-05-30,2026-05-30
Aori Qileng,Cody Haddon,Coolbet,Under,2.5,1.96,2026-05-30,2026-05-30
Aori Qileng,Cody Haddon,BetAnything,Over,2.5,1.8,2026-05-30,2026-05-30
Aori Qileng,Cody Haddon,BetAnything,Under,2.5,1.95,2026-05-30,2026-05-30
Meng Ding,José Henrique,BetOnline.ag,Over,1.5,1.67,2026-05-30,2026-05-30
Meng Ding,José Henrique,BetOnline.ag,Under,1.5,2.3,2026-05-30,2026-05-30
Meng Ding,José Henrique,Pinnacle,Over,1.5,1.62,2026-05-30,2026-05-30
Meng Ding,José Henrique,Pinnacle,Under,1.5,2.38,2026-05-30,2026-05-30
Meng Ding,José Henrique,Coolbet,Over,1.5,1.58,2026-05-30,2026-05-30
Meng Ding,José Henrique,Coolbet,Under,1.5,2.45,2026-05-30,2026-05-30
Meng Ding,José Henrique,1xBet,Over,2.5,2.21,2026-05-30,2026-05-30
Meng Ding,José Henrique,1xBet,Under,2.5,1.62,2026-05-30,2026-05-30
Meng Ding,José Henrique,BetAnything,Over,1.5,1.57,2026-05-30,2026-05-30
Meng Ding,José Henrique,BetAnything,Under,1.5,2.45,2026-05-30,2026-05-30
Yi Sak Lee,Luis Felipe Dias,BetOnline.ag,Over,1.5,1.87,2026-05-30,2026-05-30
Yi Sak Lee,Luis Felipe Dias,BetOnline.ag,Under,1.5,1.95,2026-05-30,2026-05-30
Yi Sak Lee,Luis Felipe Dias,1xBet,Over,1.5,1.76,2026-05-30,2026-05-30
Yi Sak Lee,Luis Felipe Dias,1xBet,Under,1.5,2.0,2026-05-30,2026-05-30
Yi Sak Lee,Luis Felipe Dias,Pinnacle,Over,1.5,1.79,2026-05-30,2026-05-30
Yi Sak Lee,Luis Felipe Dias,Pinnacle,Under,1.5,2.08,2026-05-30,2026-05-30
Yi Sak Lee,Luis Felipe Dias,Coolbet,Over,1.5,1.8,2026-05-30,2026-05-30
Yi Sak Lee,Luis Felipe Dias,Coolbet,Under,1.5,2.05,2026-05-30,2026-05-30
Yi Sak Lee,Luis Felipe Dias,BetAnything,Over,1.5,1.77,2026-05-30,2026-05-30
Yi Sak Lee,Luis Felipe Dias,BetAnything,Under,1.5,2.0,2026-05-30,2026-05-30
Alex Perez,Su Mudaerji,BetOnline.ag,Over,2.5,1.65,2026-05-30,2026-05-30
Alex Perez,Su Mudaerji,BetOnline.ag,Under,2.5,2.35,2026-05-30,2026-05-30
Alex Perez,Su Mudaerji,1xBet,Over,2.5,1.71,2026-05-30,2026-05-30
Alex Perez,Su Mudaerji,1xBet,Under,2.5,2.07,2026-05-30,2026-05-30
Alex Perez,Su Mudaerji,Pinnacle,Over,2.5,1.69,2026-05-30,2026-05-30
Alex Perez,Su Mudaerji,Pinnacle,Under,2.5,2.23,2026-05-30,2026-05-30
Alex Perez,Su Mudaerji,Coolbet,Over,2.5,1.68,2026-05-30,2026-05-30
Alex Perez,Su Mudaerji,Coolbet,Under,2.5,2.23,2026-05-30,2026-05-30
Alex Perez,Su Mudaerji,PMU (FR),Over,2.5,1.72,2026-05-30,2026-05-30
Alex Perez,Su Mudaerji,PMU (FR),Under,2.5,2.05,2026-05-30,2026-05-30
Alex Perez,Su Mudaerji,BetAnything,Over,2.5,1.65,2026-05-30,2026-05-30
Alex Perez,Su Mudaerji,BetAnything,Under,2.5,2.25,2026-05-30,2026-05-30
Jake Matthews,Carlston Harris,BetOnline.ag,Over,2.5,2.0,2026-05-30,2026-05-30
Jake Matthews,Carlston Harris,BetOnline.ag,Under,2.5,1.83,2026-05-30,2026-05-30
Jake Matthews,Carlston Harris,Pinnacle,Over,2.5,1.99,2026-05-30,2026-05-30
Jake Matthews,Carlston Harris,Pinnacle,Under,2.5,1.86,2026-05-30,2026-05-30
Jake Matthews,Carlston Harris,1xBet,Over,2.5,2.05,2026-05-30,2026-05-30
Jake Matthews,Carlston Harris,1xBet,Under,2.5,1.74,2026-05-30,2026-05-30
Jake Matthews,Carlston Harris,BetAnything,Over,2.5,1.88,2026-05-30,2026-05-30
Jake Matthews,Carlston Harris,BetAnything,Under,2.5,1.85,2026-05-30,2026-05-30
Jake Matthews,Carlston Harris,Coolbet,Over,2.5,2.15,2026-05-30,2026-05-30
Jake Matthews,Carlston Harris,Coolbet,Under,2.5,1.75,2026-05-30,2026-05-30
Jake Matthews,Carlston Harris,PMU (FR),Over,2.5,2.14,2026-05-30,2026-05-30
Jake Matthews,Carlston Harris,PMU (FR),Under,2.5,1.67,2026-05-30,2026-05-30
Kai Asakura,Cameron Smotherman,BetOnline.ag,Over,2.5,2.0,2026-05-30,2026-05-30
Kai Asakura,Cameron Smotherman,BetOnline.ag,Under,2.5,1.83,2026-05-30,2026-05-30
Kai Asakura,Cameron Smotherman,1xBet,Over,2.5,2.1,2026-05-30,2026-05-30
Kai Asakura,Cameron Smotherman,1xBet,Under,2.5,1.71,2026-05-30,2026-05-30
Kai Asakura,Cameron Smotherman,Pinnacle,Over,2.5,1.97,2026-05-30,2026-05-30
Kai Asakura,Cameron Smotherman,Pinnacle,Under,2.5,1.88,2026-05-30,2026-05-30
Kai Asakura,Cameron Smotherman,Coolbet,Over,2.5,2.15,2026-05-30,2026-05-30
Kai Asakura,Cameron Smotherman,Coolbet,Under,2.5,1.75,2026-05-30,2026-05-30
Kai Asakura,Cameron Smotherman,PMU (FR),Over,2.5,2.16,2026-05-30,2026-05-30
Kai Asakura,Cameron Smotherman,PMU (FR),Under,2.5,1.65,2026-05-30,2026-05-30
Kai Asakura,Cameron Smotherman,BetAnything,Over,2.5,1.91,2026-05-30,2026-05-30
Kai Asakura,Cameron Smotherman,BetAnything,Under,2.5,1.83,2026-05-30,2026-05-30
Sergey Pavlovich,Tallison Teixeira,BetOnline.ag,Over,1.5,2.56,2026-05-30,2026-05-30
Sergey Pavlovich,Tallison Teixeira,BetOnline.ag,Under,1.5,1.56,2026-05-30,2026-05-30
Sergey Pavlovich,Tallison Teixeira,1xBet,Over,1.5,2.25,2026-05-30,2026-05-30
Sergey Pavlovich,Tallison Teixeira,1xBet,Under,1.5,1.6,2026-05-30,2026-05-30
Sergey Pavlovich,Tallison Teixeira,Pinnacle,Over,1.5,2.52,2026-05-30,2026-05-30
Sergey Pavlovich,Tallison Teixeira,Pinnacle,Under,1.5,1.56,2026-05-30,2026-05-30
Sergey Pavlovich,Tallison Teixeira,Coolbet,Over,1.5,2.5,2026-05-30,2026-05-30
Sergey Pavlovich,Tallison Teixeira,Coolbet,Under,1.5,1.56,2026-05-30,2026-05-30
Sergey Pavlovich,Tallison Teixeira,PMU (FR),Over,1.5,2.43,2026-05-30,2026-05-30
Sergey Pavlovich,Tallison Teixeira,PMU (FR),Under,1.5,1.51,2026-05-30,2026-05-30
Sergey Pavlovich,Tallison Teixeira,BetAnything,Over,1.5,2.4,2026-05-30,2026-05-30
Sergey Pavlovich,Tallison Teixeira,BetAnything,Under,1.5,1.59,2026-05-30,2026-05-30
Zhang Mingyang,Alonzo Menifield,BetOnline.ag,Over,1.5,2.35,2026-05-30,2026-05-30
Zhang Mingyang,Alonzo Menifield,BetOnline.ag,Under,1.5,1.65,2026-05-30,2026-05-30
Zhang Mingyang,Alonzo Menifield,1xBet,Over,1.5,2.45,2026-05-30,2026-05-30
Zhang Mingyang,Alonzo Menifield,1xBet,Under,1.5,1.54,2026-05-30,2026-05-30
Zhang Mingyang,Alonzo Menifield,Pinnacle,Over,1.5,2.34,2026-05-30,2026-05-30
Zhang Mingyang,Alonzo Menifield,Pinnacle,Under,1.5,1.64,2026-05-30,2026-05-30
Zhang Mingyang,Alonzo Menifield,Coolbet,Over,1.5,2.45,2026-05-30,2026-05-30
Zhang Mingyang,Alonzo Menifield,Coolbet,Under,1.5,1.57,2026-05-30,2026-05-30
Zhang Mingyang,Alonzo Menifield,PMU (FR),Over,1.5,2.45,2026-05-30,2026-05-30
Zhang Mingyang,Alonzo Menifield,PMU (FR),Under,1.5,1.51,2026-05-30,2026-05-30
Zhang Mingyang,Alonzo Menifield,BetAnything,Over,1.5,2.2,2026-05-30,2026-05-30
Zhang Mingyang,Alonzo Menifield,BetAnything,Under,1.5,1.67,2026-05-30,2026-05-30
Song Yadong,Deiveson Figueiredo,BetOnline.ag,Over,4.5,1.91,2026-05-30,2026-05-30
Song Yadong,Deiveson Figueiredo,BetOnline.ag,Under,4.5,1.91,2026-05-30,2026-05-30
Song Yadong,Deiveson Figueiredo,1xBet,Over,4.5,1.88,2026-05-30,2026-05-30
Song Yadong,Deiveson Figueiredo,1xBet,Under,4.5,1.86,2026-05-30,2026-05-30
Song Yadong,Deiveson Figueiredo,Pinnacle,Over,4.5,1.88,2026-05-30,2026-05-30
Song Yadong,Deiveson Figueiredo,Pinnacle,Under,4.5,1.96,2026-05-30,2026-05-30
Song Yadong,Deiveson Figueiredo,Coolbet,Over,4.5,1.84,2026-05-30,2026-05-30
Song Yadong,Deiveson Figueiredo,Coolbet,Under,4.5,1.98,2026-05-30,2026-05-30
Song Yadong,Deiveson Figueiredo,PMU (FR),Over,4.5,1.83,2026-05-30,2026-05-30
Song Yadong,Deiveson Figueiredo,PMU (FR),Under,4.5,1.91,2026-05-30,2026-05-30
Song Yadong,Deiveson Figueiredo,BetAnything,Over,4.5,1.83,2026-05-30,2026-05-30
Song Yadong,Deiveson Figueiredo,BetAnything,Under,4.5,1.91,2026-05-30,2026-05-30
Diego Lopes,Steve Garcia Jr.,1xBet,Over,1.5,1.8,2026-05-30,2026-06-14
Diego Lopes,Steve Garcia Jr.,1xBet,Under,1.5,2.0,2026-05-30,2026-06-14
Bo Nickal,Kyle Daukaus,1xBet,Over,2.5,1.8,2026-05-30,2026-06-14
Bo Nickal,Kyle Daukaus,1xBet,Under,2.5,1.95,2026-05-30,2026-06-14
Derrick Lewis,Josh Hokit,1xBet,Over,1.5,1.75,2026-05-30,2026-06-14
Derrick Lewis,Josh Hokit,1xBet,Under,1.5,2.0,2026-05-30,2026-06-14
Mauricio Ruffy,Michael Chandler,1xBet,Over,2.5,1.9,2026-05-30,2026-06-14
Mauricio Ruffy,Michael Chandler,1xBet,Under,2.5,1.84,2026-05-30,2026-06-14
Sean O'Malley,Aiemann Zahabi,1xBet,Over,2.5,1.45,2026-05-30,2026-06-14
Sean O'Malley,Aiemann Zahabi,1xBet,Under,2.5,2.65,2026-05-30,2026-06-14
Alex Pereira,Ciryl Gane,1xBet,Over,2.5,1.8,2026-05-30,2026-06-15
Alex Pereira,Ciryl Gane,1xBet,Under,2.5,2.0,2026-05-30,2026-06-15
Alex Pereira,Ciryl Gane,PMU (FR),Over,2.5,1.81,2026-05-30,2026-06-15
Alex Pereira,Ciryl Gane,PMU (FR),Under,2.5,1.93,2026-05-30,2026-06-15
Ilia Topuria,Justin Gaethje,1xBet,Over,1.5,1.67,2026-05-30,2026-06-15
Ilia Topuria,Justin Gaethje,1xBet,Under,1.5,2.2,2026-05-30,2026-06-15
Ilia Topuria,Justin Gaethje,PMU (FR),Over,1.5,1.74,2026-05-30,2026-06-15
Ilia Topuria,Justin Gaethje,PMU (FR),Under,1.5,2.02,2026-05-30,2026-06-15
Conor McGregor,Max Holloway,PMU (FR),Over,3.5,1.97,2026-05-30,2026-07-12
Conor McGregor,Max Holloway,PMU (FR),Under,3.5,1.76,2026-05-30,2026-07-12
Bryce Mitchell,Santiago Luna,BetOnline.ag,Over,2.5,1.61,2026-05-31,2026-06-06
Bryce Mitchell,Santiago Luna,BetOnline.ag,Under,2.5,2.45,2026-05-31,2026-06-06
Bryce Mitchell,Santiago Luna,1xBet,Over,2.5,1.5,2026-05-31,2026-06-06
Bryce Mitchell,Santiago Luna,1xBet,Under,2.5,2.48,2026-05-31,2026-06-06
Ketlen Souza,Ariane Carnelossi,BetOnline.ag,Over,2.5,1.49,2026-05-31,2026-06-06
Ketlen Souza,Ariane Carnelossi,BetOnline.ag,Under,2.5,2.77,2026-05-31,2026-06-06
Ketlen Souza,Ariane Carnelossi,1xBet,Over,2.5,1.35,2026-05-31,2026-06-06
Ketlen Souza,Ariane Carnelossi,1xBet,Under,2.5,3.0,2026-05-31,2026-06-06
Belal Muhammad,Gabriel Bonfim,BetOnline.ag,Over,3.5,1.57,2026-05-31,2026-06-06
Belal Muhammad,Gabriel Bonfim,BetOnline.ag,Under,3.5,2.53,2026-05-31,2026-06-06
Belal Muhammad,Gabriel Bonfim,1xBet,Over,2.5,1.36,2026-05-31,2026-06-06
Belal Muhammad,Gabriel Bonfim,1xBet,Under,2.5,3.0,2026-05-31,2026-06-06
Brendan Allen,Edmen Shahbazyan,BetOnline.ag,Over,1.5,1.54,2026-05-31,2026-06-06
Brendan Allen,Edmen Shahbazyan,BetOnline.ag,Under,1.5,2.61,2026-05-31,2026-06-06
Brendan Allen,Edmen Shahbazyan,1xBet,Over,2.5,1.95,2026-05-31,2026-06-06
Brendan Allen,Edmen Shahbazyan,1xBet,Under,2.5,1.8,2026-05-31,2026-06-06
Bruno Silva,Edgar Chairez,BetOnline.ag,Over,2.5,1.77,2026-05-31,2026-06-06
Bruno Silva,Edgar Chairez,BetOnline.ag,Under,2.5,2.1,2026-05-31,2026-06-06
Priscila Cachoeira,Chelsea Chandler,BetOnline.ag,Over,2.5,1.83,2026-05-31,2026-06-06
Priscila Cachoeira,Chelsea Chandler,BetOnline.ag,Under,2.5,2.0,2026-05-31,2026-06-06
Priscila Cachoeira,Chelsea Chandler,1xBet,Over,2.5,1.75,2026-05-31,2026-06-06
Priscila Cachoeira,Chelsea Chandler,1xBet,Under,2.5,2.0,2026-05-31,2026-06-06
Fares Ziam,Tom Nolan,BetOnline.ag,Over,1.5,1.51,2026-05-31,2026-06-06
Fares Ziam,Tom Nolan,BetOnline.ag,Under,1.5,2.7,2026-05-31,2026-06-06
Fares Ziam,Tom Nolan,1xBet,Over,2.5,1.8,2026-05-31,2026-06-06
Fares Ziam,Tom Nolan,1xBet,Under,2.5,1.95,2026-05-31,2026-06-06
Iwo Baraniewski,Junior Tafa,BetOnline.ag,Over,1.5,3.8,2026-05-31,2026-06-06
Iwo Baraniewski,Junior Tafa,BetOnline.ag,Under,1.5,1.29,2026-05-31,2026-06-06
Iwo Baraniewski,Junior Tafa,1xBet,Over,1.5,3.7,2026-05-31,2026-06-06
Iwo Baraniewski,Junior Tafa,1xBet,Under,1.5,1.25,2026-05-31,2026-06-06
Jeisla Chaves,Yuneisy Duben,BetOnline.ag,Over,2.5,1.71,2026-05-31,2026-06-06
Jeisla Chaves,Yuneisy Duben,BetOnline.ag,Under,2.5,2.2,2026-05-31,2026-06-06
Jordan Leavitt,Joanderson Brito,BetOnline.ag,Over,2.5,1.71,2026-05-31,2026-06-06
Jordan Leavitt,Joanderson Brito,BetOnline.ag,Under,2.5,2.2,2026-05-31,2026-06-06
Jordan Leavitt,Joanderson Brito,1xBet,Over,2.5,1.75,2026-05-31,2026-06-06
Jordan Leavitt,Joanderson Brito,1xBet,Under,2.5,2.0,2026-05-31,2026-06-06
Marcus McGhee,John Yannis,BetOnline.ag,Over,2.5,2.3,2026-05-31,2026-06-06
Marcus McGhee,John Yannis,BetOnline.ag,Under,2.5,1.67,2026-05-31,2026-06-06
Marcus McGhee,John Yannis,1xBet,Over,2.5,2.48,2026-05-31,2026-06-06
Marcus McGhee,John Yannis,1xBet,Under,2.5,1.5,2026-05-31,2026-06-06
Matt Schnell,Alessandro Costa,BetOnline.ag,Over,1.5,2.15,2026-05-31,2026-06-06
Matt Schnell,Alessandro Costa,BetOnline.ag,Under,1.5,1.74,2026-05-31,2026-06-06
Matt Schnell,Alessandro Costa,1xBet,Over,1.5,1.72,2026-05-31,2026-06-06
Matt Schnell,Alessandro Costa,1xBet,Under,1.5,2.05,2026-05-31,2026-06-06
Diego Lopes,Steve Garcia Jr.,1xBet,Over,1.5,1.8,2026-05-31,2026-06-14
Diego Lopes,Steve Garcia Jr.,1xBet,Under,1.5,2.0,2026-05-31,2026-06-14
Bo Nickal,Kyle Daukaus,1xBet,Over,2.5,1.8,2026-05-31,2026-06-14
Bo Nickal,Kyle Daukaus,1xBet,Under,2.5,1.95,2026-05-31,2026-06-14
Derrick Lewis,Josh Hokit,1xBet,Over,1.5,2.5,2026-05-31,2026-06-14
Derrick Lewis,Josh Hokit,1xBet,Under,1.5,1.53,2026-05-31,2026-06-14
Mauricio Ruffy,Michael Chandler,1xBet,Over,2.5,1.9,2026-05-31,2026-06-14
Mauricio Ruffy,Michael Chandler,1xBet,Under,2.5,1.84,2026-05-31,2026-06-14
Sean O'Malley,Aiemann Zahabi,1xBet,Over,2.5,1.45,2026-05-31,2026-06-14
Sean O'Malley,Aiemann Zahabi,1xBet,Under,2.5,2.65,2026-05-31,2026-06-14
Alex Pereira,Ciryl Gane,1xBet,Over,2.5,1.8,2026-05-31,2026-06-15
Alex Pereira,Ciryl Gane,1xBet,Under,2.5,2.0,2026-05-31,2026-06-15
Alex Pereira,Ciryl Gane,PMU (FR),Over,2.5,1.81,2026-05-31,2026-06-15
Alex Pereira,Ciryl Gane,PMU (FR),Under,2.5,1.93,2026-05-31,2026-06-15
Ilia Topuria,Justin Gaethje,1xBet,Over,1.5,1.67,2026-05-31,2026-06-15
Ilia Topuria,Justin Gaethje,1xBet,Under,1.5,2.2,2026-05-31,2026-06-15
Ilia Topuria,Justin Gaethje,PMU (FR),Over,1.5,1.78,2026-05-31,2026-06-15
Ilia Topuria,Justin Gaethje,PMU (FR),Under,1.5,1.97,2026-05-31,2026-06-15
Conor McGregor,Max Holloway,PMU (FR),Over,3.5,1.97,2026-05-31,2026-07-12
Conor McGregor,Max Holloway,PMU (FR),Under,3.5,1.76,2026-05-31,2026-07-12
Bryce Mitchell,Santiago Luna,BetOnline.ag,Over,2.5,1.56,2026-06-01,2026-06-06
Bryce Mitchell,Santiago Luna,BetOnline.ag,Under,2.5,2.57,2026-06-01,2026-06-06
Bryce Mitchell,Santiago Luna,1xBet,Over,2.5,1.5,2026-06-01,2026-06-06
Bryce Mitchell,Santiago Luna,1xBet,Under,2.5,2.48,2026-06-01,2026-06-06
Ketlen Souza,Ariane Carnelossi,BetOnline.ag,Over,2.5,1.44,2026-06-01,2026-06-06
Ketlen Souza,Ariane Carnelossi,BetOnline.ag,Under,2.5,2.89,2026-06-01,2026-06-06
Ketlen Souza,Ariane Carnelossi,1xBet,Over,2.5,1.35,2026-06-01,2026-06-06
Ketlen Souza,Ariane Carnelossi,1xBet,Under,2.5,3.0,2026-06-01,2026-06-06
Belal Muhammad,Gabriel Bonfim,BetOnline.ag,Over,3.5,1.57,2026-06-01,2026-06-06
Belal Muhammad,Gabriel Bonfim,BetOnline.ag,Under,3.5,2.53,2026-06-01,2026-06-06
Belal Muhammad,Gabriel Bonfim,1xBet,Over,2.5,1.36,2026-06-01,2026-06-06
Belal Muhammad,Gabriel Bonfim,1xBet,Under,2.5,3.0,2026-06-01,2026-06-06
Brendan Allen,Edmen Shahbazyan,BetOnline.ag,Over,1.5,1.54,2026-06-01,2026-06-06
Brendan Allen,Edmen Shahbazyan,BetOnline.ag,Under,1.5,2.61,2026-06-01,2026-06-06
Brendan Allen,Edmen Shahbazyan,1xBet,Over,2.5,1.95,2026-06-01,2026-06-06
Brendan Allen,Edmen Shahbazyan,1xBet,Under,2.5,1.8,2026-06-01,2026-06-06
Bruno Silva,Edgar Chairez,BetOnline.ag,Over,2.5,1.77,2026-06-01,2026-06-06
Bruno Silva,Edgar Chairez,BetOnline.ag,Under,2.5,2.1,2026-06-01,2026-06-06
Priscila Cachoeira,Chelsea Chandler,BetOnline.ag,Over,2.5,1.83,2026-06-01,2026-06-06
Priscila Cachoeira,Chelsea Chandler,BetOnline.ag,Under,2.5,2.0,2026-06-01,2026-06-06
Priscila Cachoeira,Chelsea Chandler,1xBet,Over,2.5,1.75,2026-06-01,2026-06-06
Priscila Cachoeira,Chelsea Chandler,1xBet,Under,2.5,2.0,2026-06-01,2026-06-06
Fares Ziam,Tom Nolan,BetOnline.ag,Over,1.5,1.51,2026-06-01,2026-06-06
Fares Ziam,Tom Nolan,BetOnline.ag,Under,1.5,2.7,2026-06-01,2026-06-06
Fares Ziam,Tom Nolan,1xBet,Over,2.5,1.8,2026-06-01,2026-06-06
Fares Ziam,Tom Nolan,1xBet,Under,2.5,1.95,2026-06-01,2026-06-06
Iwo Baraniewski,Junior Tafa,BetOnline.ag,Over,1.5,3.45,2026-06-01,2026-06-06
Iwo Baraniewski,Junior Tafa,BetOnline.ag,Under,1.5,1.33,2026-06-01,2026-06-06
Iwo Baraniewski,Junior Tafa,1xBet,Over,1.5,3.7,2026-06-01,2026-06-06
Iwo Baraniewski,Junior Tafa,1xBet,Under,1.5,1.25,2026-06-01,2026-06-06
Jeisla Chaves,Yuneisy Duben,BetOnline.ag,Over,2.5,1.71,2026-06-01,2026-06-06
Jeisla Chaves,Yuneisy Duben,BetOnline.ag,Under,2.5,2.2,2026-06-01,2026-06-06
Jordan Leavitt,Joanderson Brito,BetOnline.ag,Over,2.5,1.69,2026-06-01,2026-06-06
Jordan Leavitt,Joanderson Brito,BetOnline.ag,Under,2.5,2.25,2026-06-01,2026-06-06
Jordan Leavitt,Joanderson Brito,1xBet,Over,2.5,1.75,2026-06-01,2026-06-06
Jordan Leavitt,Joanderson Brito,1xBet,Under,2.5,2.0,2026-06-01,2026-06-06
Marcus McGhee,John Yannis,BetOnline.ag,Over,2.5,2.4,2026-06-01,2026-06-06
Marcus McGhee,John Yannis,BetOnline.ag,Under,2.5,1.62,2026-06-01,2026-06-06
Marcus McGhee,John Yannis,1xBet,Over,2.5,2.48,2026-06-01,2026-06-06
Marcus McGhee,John Yannis,1xBet,Under,2.5,1.5,2026-06-01,2026-06-06
Matt Schnell,Alessandro Costa,BetOnline.ag,Over,1.5,2.15,2026-06-01,2026-06-06
Matt Schnell,Alessandro Costa,BetOnline.ag,Under,1.5,1.74,2026-06-01,2026-06-06
Diego Lopes,Steve Garcia Jr.,1xBet,Over,1.5,1.8,2026-06-01,2026-06-14
Diego Lopes,Steve Garcia Jr.,1xBet,Under,1.5,2.0,2026-06-01,2026-06-14
Bo Nickal,Kyle Daukaus,1xBet,Over,2.5,1.8,2026-06-01,2026-06-14
Bo Nickal,Kyle Daukaus,1xBet,Under,2.5,1.95,2026-06-01,2026-06-14
Derrick Lewis,Josh Hokit,1xBet,Over,1.5,2.5,2026-06-01,2026-06-14
Derrick Lewis,Josh Hokit,1xBet,Under,1.5,1.53,2026-06-01,2026-06-14
Mauricio Ruffy,Michael Chandler,1xBet,Over,2.5,1.9,2026-06-01,2026-06-14
Mauricio Ruffy,Michael Chandler,1xBet,Under,2.5,1.84,2026-06-01,2026-06-14
Sean O'Malley,Aiemann Zahabi,1xBet,Over,2.5,1.45,2026-06-01,2026-06-14
Sean O'Malley,Aiemann Zahabi,1xBet,Under,2.5,2.65,2026-06-01,2026-06-14
Alex Pereira,Ciryl Gane,1xBet,Over,2.5,1.8,2026-06-01,2026-06-15
Alex Pereira,Ciryl Gane,1xBet,Under,2.5,2.0,2026-06-01,2026-06-15
Alex Pereira,Ciryl Gane,PMU (FR),Over,2.5,1.81,2026-06-01,2026-06-15
Alex Pereira,Ciryl Gane,PMU (FR),Under,2.5,1.93,2026-06-01,2026-06-15
Ilia Topuria,Justin Gaethje,1xBet,Over,1.5,1.67,2026-06-01,2026-06-15
Ilia Topuria,Justin Gaethje,1xBet,Under,1.5,2.2,2026-06-01,2026-06-15
Ilia Topuria,Justin Gaethje,PMU (FR),Over,1.5,1.78,2026-06-01,2026-06-15
Ilia Topuria,Justin Gaethje,PMU (FR),Under,1.5,1.97,2026-06-01,2026-06-15
Conor McGregor,Max Holloway,PMU (FR),Over,3.5,1.97,2026-06-01,2026-07-12
Conor McGregor,Max Holloway,PMU (FR),Under,3.5,1.76,2026-06-01,2026-07-12
Bryce Mitchell,Santiago Luna,BetOnline.ag,Over,2.5,1.56,2026-06-02,2026-06-06
Bryce Mitchell,Santiago Luna,BetOnline.ag,Under,2.5,2.57,2026-06-02,2026-06-06
Bryce Mitchell,Santiago Luna,1xBet,Over,2.5,1.5,2026-06-02,2026-06-06
Bryce Mitchell,Santiago Luna,1xBet,Under,2.5,2.48,2026-06-02,2026-06-06
Bryce Mitchell,Santiago Luna,PMU (FR),Over,2.5,1.49,2026-06-02,2026-06-06
Bryce Mitchell,Santiago Luna,PMU (FR),Under,2.5,2.5,2026-06-02,2026-06-06
Bryce Mitchell,Santiago Luna,Coolbet,Over,2.5,1.54,2026-06-02,2026-06-06
Bryce Mitchell,Santiago Luna,Coolbet,Under,2.5,2.55,2026-06-02,2026-06-06
Bryce Mitchell,Santiago Luna,Pinnacle,Over,2.5,1.54,2026-06-02,2026-06-06
Bryce Mitchell,Santiago Luna,Pinnacle,Under,2.5,2.5,2026-06-02,2026-06-06
Ketlen Souza,Ariane Carnelossi,BetOnline.ag,Over,2.5,1.44,2026-06-02,2026-06-06
Ketlen Souza,Ariane Carnelossi,BetOnline.ag,Under,2.5,2.89,2026-06-02,2026-06-06
Ketlen Souza,Ariane Carnelossi,1xBet,Over,2.5,1.35,2026-06-02,2026-06-06
Ketlen Souza,Ariane Carnelossi,1xBet,Under,2.5,3.0,2026-06-02,2026-06-06
Ketlen Souza,Ariane Carnelossi,Pinnacle,Over,2.5,1.44,2026-06-02,2026-06-06
Ketlen Souza,Ariane Carnelossi,Pinnacle,Under,2.5,2.84,2026-06-02,2026-06-06
Ketlen Souza,Ariane Carnelossi,Coolbet,Over,2.5,1.44,2026-06-02,2026-06-06
Ketlen Souza,Ariane Carnelossi,Coolbet,Under,2.5,2.89,2026-06-02,2026-06-06
Belal Muhammad,Gabriel Bonfim,BetOnline.ag,Over,3.5,1.57,2026-06-02,2026-06-06
Belal Muhammad,Gabriel Bonfim,BetOnline.ag,Under,3.5,2.53,2026-06-02,2026-06-06
Belal Muhammad,Gabriel Bonfim,1xBet,Over,4.5,1.83,2026-06-02,2026-06-06
Belal Muhammad,Gabriel Bonfim,1xBet,Under,4.5,1.91,2026-06-02,2026-06-06
Belal Muhammad,Gabriel Bonfim,Pinnacle,Over,3.5,1.56,2026-06-02,2026-06-06
Belal Muhammad,Gabriel Bonfim,Pinnacle,Under,3.5,2.47,2026-06-02,2026-06-06
Belal Muhammad,Gabriel Bonfim,PMU (FR),Over,4.5,1.8,2026-06-02,2026-06-06
Belal Muhammad,Gabriel Bonfim,PMU (FR),Under,4.5,1.93,2026-06-02,2026-06-06
Belal Muhammad,Gabriel Bonfim,Coolbet,Over,3.5,1.56,2026-06-02,2026-06-06
Belal Muhammad,Gabriel Bonfim,Coolbet,Under,3.5,2.5,2026-06-02,2026-06-06
Brendan Allen,Edmen Shahbazyan,BetOnline.ag,Over,1.5,1.54,2026-06-02,2026-06-06
Brendan Allen,Edmen Shahbazyan,BetOnline.ag,Under,1.5,2.61,2026-06-02,2026-06-06
Brendan Allen,Edmen Shahbazyan,1xBet,Over,2.5,2.08,2026-06-02,2026-06-06
Brendan Allen,Edmen Shahbazyan,1xBet,Under,2.5,1.7,2026-06-02,2026-06-06
Brendan Allen,Edmen Shahbazyan,Pinnacle,Over,1.5,1.54,2026-06-02,2026-06-06
Brendan Allen,Edmen Shahbazyan,Pinnacle,Under,1.5,2.51,2026-06-02,2026-06-06
Brendan Allen,Edmen Shahbazyan,PMU (FR),Over,2.5,2.25,2026-06-02,2026-06-06
Brendan Allen,Edmen Shahbazyan,PMU (FR),Under,2.5,1.6,2026-06-02,2026-06-06
Brendan Allen,Edmen Shahbazyan,Coolbet,Over,1.5,1.53,2026-06-02,2026-06-06
Brendan Allen,Edmen Shahbazyan,Coolbet,Under,1.5,2.6,2026-06-02,2026-06-06
Bruno Silva,Edgar Chairez,BetOnline.ag,Over,2.5,1.69,2026-06-02,2026-06-06
Bruno Silva,Edgar Chairez,BetOnline.ag,Under,2.5,2.25,2026-06-02,2026-06-06
Bruno Silva,Edgar Chairez,1xBet,Over,2.5,1.67,2026-06-02,2026-06-06
Bruno Silva,Edgar Chairez,1xBet,Under,2.5,2.2,2026-06-02,2026-06-06
Bruno Silva,Edgar Chairez,Pinnacle,Over,2.5,1.7,2026-06-02,2026-06-06
Bruno Silva,Edgar Chairez,Pinnacle,Under,2.5,2.17,2026-06-02,2026-06-06
Bruno Silva,Edgar Chairez,Coolbet,Over,2.5,1.68,2026-06-02,2026-06-06
Bruno Silva,Edgar Chairez,Coolbet,Under,2.5,2.25,2026-06-02,2026-06-06
Priscila Cachoeira,Chelsea Chandler,BetOnline.ag,Over,2.5,1.74,2026-06-02,2026-06-06
Priscila Cachoeira,Chelsea Chandler,BetOnline.ag,Under,2.5,2.15,2026-06-02,2026-06-06
Priscila Cachoeira,Chelsea Chandler,1xBet,Over,2.5,1.75,2026-06-02,2026-06-06
Priscila Cachoeira,Chelsea Chandler,1xBet,Under,2.5,2.0,2026-06-02,2026-06-06
Priscila Cachoeira,Chelsea Chandler,Pinnacle,Over,2.5,1.83,2026-06-02,2026-06-06
Priscila Cachoeira,Chelsea Chandler,Pinnacle,Under,2.5,1.99,2026-06-02,2026-06-06
Priscila Cachoeira,Chelsea Chandler,Coolbet,Over,2.5,1.74,2026-06-02,2026-06-06
Priscila Cachoeira,Chelsea Chandler,Coolbet,Under,2.5,2.15,2026-06-02,2026-06-06
Fares Ziam,Tom Nolan,BetOnline.ag,Over,1.5,1.48,2026-06-02,2026-06-06
Fares Ziam,Tom Nolan,BetOnline.ag,Under,1.5,2.8,2026-06-02,2026-06-06
Fares Ziam,Tom Nolan,1xBet,Over,2.5,1.9,2026-06-02,2026-06-06
Fares Ziam,Tom Nolan,1xBet,Under,2.5,1.85,2026-06-02,2026-06-06
Fares Ziam,Tom Nolan,Pinnacle,Over,1.5,1.5,2026-06-02,2026-06-06
Fares Ziam,Tom Nolan,Pinnacle,Under,1.5,2.62,2026-06-02,2026-06-06
Fares Ziam,Tom Nolan,PMU (FR),Over,2.5,1.68,2026-06-02,2026-06-06
Fares Ziam,Tom Nolan,PMU (FR),Under,2.5,2.1,2026-06-02,2026-06-06
Fares Ziam,Tom Nolan,Coolbet,Over,1.5,1.47,2026-06-02,2026-06-06
Fares Ziam,Tom Nolan,Coolbet,Under,1.5,2.78,2026-06-02,2026-06-06
Iwo Baraniewski,Junior Tafa,BetOnline.ag,Over,1.5,3.56,2026-06-02,2026-06-06
Iwo Baraniewski,Junior Tafa,BetOnline.ag,Under,1.5,1.32,2026-06-02,2026-06-06
Iwo Baraniewski,Junior Tafa,1xBet,Over,1.5,3.7,2026-06-02,2026-06-06
Iwo Baraniewski,Junior Tafa,1xBet,Under,1.5,1.25,2026-06-02,2026-06-06
Iwo Baraniewski,Junior Tafa,Pinnacle,Over,1.5,3.36,2026-06-02,2026-06-06
Iwo Baraniewski,Junior Tafa,Pinnacle,Under,1.5,1.33,2026-06-02,2026-06-06
Iwo Baraniewski,Junior Tafa,PMU (FR),Over,1.5,3.4,2026-06-02,2026-06-06
Iwo Baraniewski,Junior Tafa,PMU (FR),Under,1.5,1.29,2026-06-02,2026-06-06
Iwo Baraniewski,Junior Tafa,Coolbet,Over,1.5,3.45,2026-06-02,2026-06-06
Iwo Baraniewski,Junior Tafa,Coolbet,Under,1.5,1.33,2026-06-02,2026-06-06
Jeisla Chaves,Yuneisy Duben,BetOnline.ag,Over,2.5,1.91,2026-06-02,2026-06-06
Jeisla Chaves,Yuneisy Duben,BetOnline.ag,Under,2.5,1.91,2026-06-02,2026-06-06
Jeisla Chaves,Yuneisy Duben,1xBet,Over,2.5,1.91,2026-06-02,2026-06-06
Jeisla Chaves,Yuneisy Duben,1xBet,Under,2.5,1.83,2026-06-02,2026-06-06
Jeisla Chaves,Yuneisy Duben,Pinnacle,Over,2.5,1.88,2026-06-02,2026-06-06
Jeisla Chaves,Yuneisy Duben,Pinnacle,Under,2.5,1.93,2026-06-02,2026-06-06
Jeisla Chaves,Yuneisy Duben,Coolbet,Over,2.5,1.91,2026-06-02,2026-06-06
Jeisla Chaves,Yuneisy Duben,Coolbet,Under,2.5,1.91,2026-06-02,2026-06-06
Jordan Leavitt,Joanderson Brito,BetOnline.ag,Over,2.5,1.83,2026-06-02,2026-06-06
Jordan Leavitt,Joanderson Brito,BetOnline.ag,Under,2.5,2.0,2026-06-02,2026-06-06
Jordan Leavitt,Joanderson Brito,1xBet,Over,2.5,1.75,2026-06-02,2026-06-06
Jordan Leavitt,Joanderson Brito,1xBet,Under,2.5,2.0,2026-06-02,2026-06-06
Jordan Leavitt,Joanderson Brito,Pinnacle,Over,2.5,1.69,2026-06-02,2026-06-06
Jordan Leavitt,Joanderson Brito,Pinnacle,Under,2.5,2.18,2026-06-02,2026-06-06
Jordan Leavitt,Joanderson Brito,Coolbet,Over,2.5,1.74,2026-06-02,2026-06-06
Jordan Leavitt,Joanderson Brito,Coolbet,Under,2.5,2.1,2026-06-02,2026-06-06
Marcus McGhee,John Yannis,BetOnline.ag,Over,2.5,2.1,2026-06-02,2026-06-06
Marcus McGhee,John Yannis,BetOnline.ag,Under,2.5,1.77,2026-06-02,2026-06-06
Marcus McGhee,John Yannis,Pinnacle,Over,2.5,2.07,2026-06-02,2026-06-06
Marcus McGhee,John Yannis,Pinnacle,Under,2.5,1.77,2026-06-02,2026-06-06
Marcus McGhee,John Yannis,1xBet,Over,2.5,2.15,2026-06-02,2026-06-06
Marcus McGhee,John Yannis,1xBet,Under,2.5,1.65,2026-06-02,2026-06-06
Marcus McGhee,John Yannis,Coolbet,Over,2.5,2.1,2026-06-02,2026-06-06
Marcus McGhee,John Yannis,Coolbet,Under,2.5,1.77,2026-06-02,2026-06-06
Matt Schnell,Alessandro Costa,BetOnline.ag,Over,1.5,2.3,2026-06-02,2026-06-06
Matt Schnell,Alessandro Costa,BetOnline.ag,Under,1.5,1.67,2026-06-02,2026-06-06
Matt Schnell,Alessandro Costa,1xBet,Over,1.5,2.2,2026-06-02,2026-06-06
Matt Schnell,Alessandro Costa,1xBet,Under,1.5,1.67,2026-06-02,2026-06-06
Matt Schnell,Alessandro Costa,PMU (FR),Over,1.5,2.25,2026-06-02,2026-06-06
Matt Schnell,Alessandro Costa,PMU (FR),Under,1.5,1.6,2026-06-02,2026-06-06
Matt Schnell,Alessandro Costa,Coolbet,Over,1.5,2.3,2026-06-02,2026-06-06
Matt Schnell,Alessandro Costa,Coolbet,Under,1.5,1.65,2026-06-02,2026-06-06
Matt Schnell,Alessandro Costa,Pinnacle,Over,1.5,2.41,2026-06-02,2026-06-06
Matt Schnell,Alessandro Costa,Pinnacle,Under,1.5,1.58,2026-06-02,2026-06-06
Diego Lopes,Steve Garcia Jr.,1xBet,Over,1.5,1.8,2026-06-02,2026-06-14
Diego Lopes,Steve Garcia Jr.,1xBet,Under,1.5,2.0,2026-06-02,2026-06-14
Bo Nickal,Kyle Daukaus,1xBet,Over,2.5,1.8,2026-06-02,2026-06-14
Bo Nickal,Kyle Daukaus,1xBet,Under,2.5,1.95,2026-06-02,2026-06-14
Derrick Lewis,Josh Hokit,1xBet,Over,1.5,2.62,2026-06-02,2026-06-14
Derrick Lewis,Josh Hokit,1xBet,Under,1.5,1.5,2026-06-02,2026-06-14
Mauricio Ruffy,Michael Chandler,1xBet,Over,2.5,1.9,2026-06-02,2026-06-14
Mauricio Ruffy,Michael Chandler,1xBet,Under,2.5,1.84,2026-06-02,2026-06-14
Sean O'Malley,Aiemann Zahabi,1xBet,Over,2.5,1.45,2026-06-02,2026-06-14
Sean O'Malley,Aiemann Zahabi,1xBet,Under,2.5,2.65,2026-06-02,2026-06-14
Alex Pereira,Ciryl Gane,1xBet,Over,2.5,1.8,2026-06-02,2026-06-15
Alex Pereira,Ciryl Gane,1xBet,Under,2.5,2.0,2026-06-02,2026-06-15
Alex Pereira,Ciryl Gane,PMU (FR),Over,2.5,1.81,2026-06-02,2026-06-15
Alex Pereira,Ciryl Gane,PMU (FR),Under,2.5,1.93,2026-06-02,2026-06-15
Ilia Topuria,Justin Gaethje,1xBet,Over,1.5,1.67,2026-06-02,2026-06-15
Ilia Topuria,Justin Gaethje,1xBet,Under,1.5,2.2,2026-06-02,2026-06-15
Ilia Topuria,Justin Gaethje,PMU (FR),Over,1.5,1.78,2026-06-02,2026-06-15
Ilia Topuria,Justin Gaethje,PMU (FR),Under,1.5,1.97,2026-06-02,2026-06-15
Conor McGregor,Max Holloway,PMU (FR),Over,3.5,1.97,2026-06-02,2026-07-12
Conor McGregor,Max Holloway,PMU (FR),Under,3.5,1.76,2026-06-02,2026-07-12
Bryce Mitchell,Santiago Luna,BetOnline.ag,Over,2.5,1.53,2026-06-04,2026-06-06
Bryce Mitchell,Santiago Luna,BetOnline.ag,Under,2.5,2.65,2026-06-04,2026-06-06
Bryce Mitchell,Santiago Luna,1xBet,Over,2.5,1.5,2026-06-04,2026-06-06
Bryce Mitchell,Santiago Luna,1xBet,Under,2.5,2.48,2026-06-04,2026-06-06
Bryce Mitchell,Santiago Luna,PMU (FR),Over,2.5,1.49,2026-06-04,2026-06-06
Bryce Mitchell,Santiago Luna,PMU (FR),Under,2.5,2.5,2026-06-04,2026-06-06
Bryce Mitchell,Santiago Luna,Coolbet,Over,2.5,1.54,2026-06-04,2026-06-06
Bryce Mitchell,Santiago Luna,Coolbet,Under,2.5,2.55,2026-06-04,2026-06-06
Bryce Mitchell,Santiago Luna,BetAnything,Over,2.5,1.51,2026-06-04,2026-06-06
Bryce Mitchell,Santiago Luna,BetAnything,Under,2.5,2.65,2026-06-04,2026-06-06
Bryce Mitchell,Santiago Luna,Pinnacle,Over,2.5,1.54,2026-06-04,2026-06-06
Bryce Mitchell,Santiago Luna,Pinnacle,Under,2.5,2.5,2026-06-04,2026-06-06
Ketlen Souza,Ariane Carnelossi,BetOnline.ag,Over,2.5,1.42,2026-06-04,2026-06-06
Ketlen Souza,Ariane Carnelossi,BetOnline.ag,Under,2.5,3.0,2026-06-04,2026-06-06
Ketlen Souza,Ariane Carnelossi,1xBet,Over,2.5,1.35,2026-06-04,2026-06-06
Ketlen Souza,Ariane Carnelossi,1xBet,Under,2.5,3.0,2026-06-04,2026-06-06
Ketlen Souza,Ariane Carnelossi,Pinnacle,Over,2.5,1.44,2026-06-04,2026-06-06
Ketlen Souza,Ariane Carnelossi,Pinnacle,Under,2.5,2.84,2026-06-04,2026-06-06
Ketlen Souza,Ariane Carnelossi,Coolbet,Over,2.5,1.44,2026-06-04,2026-06-06
Ketlen Souza,Ariane Carnelossi,Coolbet,Under,2.5,2.89,2026-06-04,2026-06-06
Ketlen Souza,Ariane Carnelossi,BetAnything,Over,2.5,1.42,2026-06-04,2026-06-06
Ketlen Souza,Ariane Carnelossi,BetAnything,Under,2.5,2.9,2026-06-04,2026-06-06
Belal Muhammad,Gabriel Bonfim,BetOnline.ag,Over,3.5,1.57,2026-06-04,2026-06-06
Belal Muhammad,Gabriel Bonfim,BetOnline.ag,Under,3.5,2.53,2026-06-04,2026-06-06
Belal Muhammad,Gabriel Bonfim,1xBet,Over,4.5,1.83,2026-06-04,2026-06-06
Belal Muhammad,Gabriel Bonfim,1xBet,Under,4.5,1.91,2026-06-04,2026-06-06
Belal Muhammad,Gabriel Bonfim,Pinnacle,Over,3.5,1.56,2026-06-04,2026-06-06
Belal Muhammad,Gabriel Bonfim,Pinnacle,Under,3.5,2.47,2026-06-04,2026-06-06
Belal Muhammad,Gabriel Bonfim,PMU (FR),Over,4.5,1.8,2026-06-04,2026-06-06
Belal Muhammad,Gabriel Bonfim,PMU (FR),Under,4.5,1.93,2026-06-04,2026-06-06
Belal Muhammad,Gabriel Bonfim,Coolbet,Over,3.5,1.56,2026-06-04,2026-06-06
Belal Muhammad,Gabriel Bonfim,Coolbet,Under,3.5,2.5,2026-06-04,2026-06-06
Belal Muhammad,Gabriel Bonfim,BetAnything,Over,3.5,1.56,2026-06-04,2026-06-06
Belal Muhammad,Gabriel Bonfim,BetAnything,Under,3.5,2.5,2026-06-04,2026-06-06
Brendan Allen,Edmen Shahbazyan,BetOnline.ag,Over,1.5,1.54,2026-06-04,2026-06-06
Brendan Allen,Edmen Shahbazyan,BetOnline.ag,Under,1.5,2.61,2026-06-04,2026-06-06
Brendan Allen,Edmen Shahbazyan,1xBet,Over,2.5,2.08,2026-06-04,2026-06-06
Brendan Allen,Edmen Shahbazyan,1xBet,Under,2.5,1.7,2026-06-04,2026-06-06
Brendan Allen,Edmen Shahbazyan,Pinnacle,Over,1.5,1.51,2026-06-04,2026-06-06
Brendan Allen,Edmen Shahbazyan,Pinnacle,Under,1.5,2.59,2026-06-04,2026-06-06
Brendan Allen,Edmen Shahbazyan,PMU (FR),Over,2.5,2.25,2026-06-04,2026-06-06
Brendan Allen,Edmen Shahbazyan,PMU (FR),Under,2.5,1.6,2026-06-04,2026-06-06
Brendan Allen,Edmen Shahbazyan,Coolbet,Over,1.5,1.53,2026-06-04,2026-06-06
Brendan Allen,Edmen Shahbazyan,Coolbet,Under,1.5,2.6,2026-06-04,2026-06-06
Brendan Allen,Edmen Shahbazyan,BetAnything,Over,1.5,1.54,2026-06-04,2026-06-06
Brendan Allen,Edmen Shahbazyan,BetAnything,Under,1.5,2.55,2026-06-04,2026-06-06
Bruno Silva,Edgar Chairez,BetOnline.ag,Over,2.5,1.71,2026-06-04,2026-06-06
Bruno Silva,Edgar Chairez,BetOnline.ag,Under,2.5,2.2,2026-06-04,2026-06-06
Bruno Silva,Edgar Chairez,1xBet,Over,2.5,1.87,2026-06-04,2026-06-06
Bruno Silva,Edgar Chairez,1xBet,Under,2.5,1.87,2026-06-04,2026-06-06
Bruno Silva,Edgar Chairez,Pinnacle,Over,2.5,1.7,2026-06-04,2026-06-06
Bruno Silva,Edgar Chairez,Pinnacle,Under,2.5,2.17,2026-06-04,2026-06-06
Bruno Silva,Edgar Chairez,Coolbet,Over,2.5,1.78,2026-06-04,2026-06-06
Bruno Silva,Edgar Chairez,Coolbet,Under,2.5,2.07,2026-06-04,2026-06-06
Bruno Silva,Edgar Chairez,BetAnything,Over,2.5,1.74,2026-06-04,2026-06-06
Bruno Silva,Edgar Chairez,BetAnything,Under,2.5,2.05,2026-06-04,2026-06-06
Priscila Cachoeira,Chelsea Chandler,BetOnline.ag,Over,2.5,1.74,2026-06-04,2026-06-06
Priscila Cachoeira,Chelsea Chandler,BetOnline.ag,Under,2.5,2.15,2026-06-04,2026-06-06
Priscila Cachoeira,Chelsea Chandler,1xBet,Over,2.5,1.75,2026-06-04,2026-06-06
Priscila Cachoeira,Chelsea Chandler,1xBet,Under,2.5,2.0,2026-06-04,2026-06-06
Priscila Cachoeira,Chelsea Chandler,Pinnacle,Over,2.5,1.83,2026-06-04,2026-06-06
Priscila Cachoeira,Chelsea Chandler,Pinnacle,Under,2.5,1.99,2026-06-04,2026-06-06
Priscila Cachoeira,Chelsea Chandler,Coolbet,Over,2.5,1.74,2026-06-04,2026-06-06
Priscila Cachoeira,Chelsea Chandler,Coolbet,Under,2.5,2.15,2026-06-04,2026-06-06
Priscila Cachoeira,Chelsea Chandler,BetAnything,Over,2.5,1.74,2026-06-04,2026-06-06
Priscila Cachoeira,Chelsea Chandler,BetAnything,Under,2.5,2.05,2026-06-04,2026-06-06
Fares Ziam,Tom Nolan,BetOnline.ag,Over,1.5,1.48,2026-06-04,2026-06-06
Fares Ziam,Tom Nolan,BetOnline.ag,Under,1.5,2.8,2026-06-04,2026-06-06
Fares Ziam,Tom Nolan,1xBet,Over,2.5,1.9,2026-06-04,2026-06-06
Fares Ziam,Tom Nolan,1xBet,Under,2.5,1.85,2026-06-04,2026-06-06
Fares Ziam,Tom Nolan,Pinnacle,Over,1.5,1.5,2026-06-04,2026-06-06
Fares Ziam,Tom Nolan,Pinnacle,Under,1.5,2.62,2026-06-04,2026-06-06
Fares Ziam,Tom Nolan,PMU (FR),Over,2.5,1.68,2026-06-04,2026-06-06
Fares Ziam,Tom Nolan,PMU (FR),Under,2.5,2.1,2026-06-04,2026-06-06
Fares Ziam,Tom Nolan,Coolbet,Over,1.5,1.47,2026-06-04,2026-06-06
Fares Ziam,Tom Nolan,Coolbet,Under,1.5,2.78,2026-06-04,2026-06-06
Fares Ziam,Tom Nolan,BetAnything,Over,1.5,1.48,2026-06-04,2026-06-06
Fares Ziam,Tom Nolan,BetAnything,Under,1.5,2.75,2026-06-04,2026-06-06
Iwo Baraniewski,Junior Tafa,BetOnline.ag,Over,1.5,3.74,2026-06-04,2026-06-06
Iwo Baraniewski,Junior Tafa,BetOnline.ag,Under,1.5,1.29,2026-06-04,2026-06-06
Iwo Baraniewski,Junior Tafa,1xBet,Over,1.5,3.7,2026-06-04,2026-06-06
Iwo Baraniewski,Junior Tafa,1xBet,Under,1.5,1.25,2026-06-04,2026-06-06
Iwo Baraniewski,Junior Tafa,Pinnacle,Over,1.5,3.44,2026-06-04,2026-06-06
Iwo Baraniewski,Junior Tafa,Pinnacle,Under,1.5,1.32,2026-06-04,2026-06-06
Iwo Baraniewski,Junior Tafa,PMU (FR),Over,1.5,3.5,2026-06-04,2026-06-06
Iwo Baraniewski,Junior Tafa,PMU (FR),Under,1.5,1.27,2026-06-04,2026-06-06
Iwo Baraniewski,Junior Tafa,Coolbet,Over,1.5,3.7,2026-06-04,2026-06-06
Iwo Baraniewski,Junior Tafa,Coolbet,Under,1.5,1.29,2026-06-04,2026-06-06
Iwo Baraniewski,Junior Tafa,BetAnything,Over,1.5,3.6,2026-06-04,2026-06-06
Iwo Baraniewski,Junior Tafa,BetAnything,Under,1.5,1.29,2026-06-04,2026-06-06
Jeisla Chaves,Yuneisy Duben,BetOnline.ag,Over,2.5,1.77,2026-06-04,2026-06-06
Jeisla Chaves,Yuneisy Duben,BetOnline.ag,Under,2.5,2.1,2026-06-04,2026-06-06
Jeisla Chaves,Yuneisy Duben,1xBet,Over,2.5,1.83,2026-06-04,2026-06-06
Jeisla Chaves,Yuneisy Duben,1xBet,Under,2.5,1.91,2026-06-04,2026-06-06
Jeisla Chaves,Yuneisy Duben,Pinnacle,Over,2.5,1.77,2026-06-04,2026-06-06
Jeisla Chaves,Yuneisy Duben,Pinnacle,Under,2.5,2.07,2026-06-04,2026-06-06
Jeisla Chaves,Yuneisy Duben,Coolbet,Over,2.5,1.77,2026-06-04,2026-06-06
Jeisla Chaves,Yuneisy Duben,Coolbet,Under,2.5,2.05,2026-06-04,2026-06-06
Jeisla Chaves,Yuneisy Duben,BetAnything,Over,2.5,1.77,2026-06-04,2026-06-06
Jeisla Chaves,Yuneisy Duben,BetAnything,Under,2.5,2.0,2026-06-04,2026-06-06
Jordan Leavitt,Joanderson Brito,BetOnline.ag,Over,2.5,1.83,2026-06-04,2026-06-06
Jordan Leavitt,Joanderson Brito,BetOnline.ag,Under,2.5,2.0,2026-06-04,2026-06-06
Jordan Leavitt,Joanderson Brito,1xBet,Over,2.5,1.75,2026-06-04,2026-06-06
Jordan Leavitt,Joanderson Brito,1xBet,Under,2.5,2.0,2026-06-04,2026-06-06
Jordan Leavitt,Joanderson Brito,Pinnacle,Over,2.5,1.69,2026-06-04,2026-06-06
Jordan Leavitt,Joanderson Brito,Pinnacle,Under,2.5,2.18,2026-06-04,2026-06-06
Jordan Leavitt,Joanderson Brito,Coolbet,Over,2.5,1.83,2026-06-04,2026-06-06
Jordan Leavitt,Joanderson Brito,Coolbet,Under,2.5,2.0,2026-06-04,2026-06-06
Jordan Leavitt,Joanderson Brito,BetAnything,Over,2.5,1.77,2026-06-04,2026-06-06
Jordan Leavitt,Joanderson Brito,BetAnything,Under,2.5,2.0,2026-06-04,2026-06-06
Marcus McGhee,John Yannis,BetOnline.ag,Over,2.5,2.2,2026-06-04,2026-06-06
Marcus McGhee,John Yannis,BetOnline.ag,Under,2.5,1.71,2026-06-04,2026-06-06
Marcus McGhee,John Yannis,Pinnacle,Over,2.5,2.07,2026-06-04,2026-06-06
Marcus McGhee,John Yannis,Pinnacle,Under,2.5,1.77,2026-06-04,2026-06-06
Marcus McGhee,John Yannis,1xBet,Over,2.5,2.15,2026-06-04,2026-06-06
Marcus McGhee,John Yannis,1xBet,Under,2.5,1.65,2026-06-04,2026-06-06
Marcus McGhee,John Yannis,Coolbet,Over,2.5,2.1,2026-06-04,2026-06-06
Marcus McGhee,John Yannis,Coolbet,Under,2.5,1.77,2026-06-04,2026-06-06
Marcus McGhee,John Yannis,BetAnything,Over,2.5,2.1,2026-06-04,2026-06-06
Marcus McGhee,John Yannis,BetAnything,Under,2.5,1.71,2026-06-04,2026-06-06
Matt Schnell,Alessandro Costa,BetOnline.ag,Over,1.5,2.25,2026-06-04,2026-06-06
Matt Schnell,Alessandro Costa,BetOnline.ag,Under,1.5,1.69,2026-06-04,2026-06-06
Matt Schnell,Alessandro Costa,1xBet,Over,1.5,2.2,2026-06-04,2026-06-06
Matt Schnell,Alessandro Costa,1xBet,Under,1.5,1.67,2026-06-04,2026-06-06
Matt Schnell,Alessandro Costa,PMU (FR),Over,1.5,2.25,2026-06-04,2026-06-06
Matt Schnell,Alessandro Costa,PMU (FR),Under,1.5,1.6,2026-06-04,2026-06-06
Matt Schnell,Alessandro Costa,Coolbet,Over,1.5,2.3,2026-06-04,2026-06-06
Matt Schnell,Alessandro Costa,Coolbet,Under,1.5,1.65,2026-06-04,2026-06-06
Matt Schnell,Alessandro Costa,BetAnything,Over,1.5,2.15,2026-06-04,2026-06-06
Matt Schnell,Alessandro Costa,BetAnything,Under,1.5,1.69,2026-06-04,2026-06-06
Matt Schnell,Alessandro Costa,Pinnacle,Over,1.5,2.35,2026-06-04,2026-06-06
Matt Schnell,Alessandro Costa,Pinnacle,Under,1.5,1.61,2026-06-04,2026-06-06
Diego Lopes,Steve Garcia Jr.,1xBet,Over,1.5,1.8,2026-06-04,2026-06-14
Diego Lopes,Steve Garcia Jr.,1xBet,Under,1.5,2.0,2026-06-04,2026-06-14
Bo Nickal,Kyle Daukaus,1xBet,Over,2.5,1.87,2026-06-04,2026-06-14
Bo Nickal,Kyle Daukaus,1xBet,Under,2.5,1.87,2026-06-04,2026-06-14
Derrick Lewis,Josh Hokit,1xBet,Over,1.5,2.62,2026-06-04,2026-06-14
Derrick Lewis,Josh Hokit,1xBet,Under,1.5,1.5,2026-06-04,2026-06-14
Mauricio Ruffy,Michael Chandler,1xBet,Over,1.5,2.1,2026-06-04,2026-06-14
Mauricio Ruffy,Michael Chandler,1xBet,Under,1.5,1.73,2026-06-04,2026-06-14
Sean O'Malley,Aiemann Zahabi,1xBet,Over,2.5,1.45,2026-06-04,2026-06-14
Sean O'Malley,Aiemann Zahabi,1xBet,Under,2.5,2.65,2026-06-04,2026-06-14
Alex Pereira,Ciryl Gane,1xBet,Over,2.5,1.8,2026-06-04,2026-06-15
Alex Pereira,Ciryl Gane,1xBet,Under,2.5,1.95,2026-06-04,2026-06-15
Alex Pereira,Ciryl Gane,PMU (FR),Over,2.5,1.81,2026-06-04,2026-06-15
Alex Pereira,Ciryl Gane,PMU (FR),Under,2.5,1.93,2026-06-04,2026-06-15
Ilia Topuria,Justin Gaethje,1xBet,Over,1.5,1.8,2026-06-04,2026-06-15
Ilia Topuria,Justin Gaethje,1xBet,Under,1.5,1.95,2026-06-04,2026-06-15
Ilia Topuria,Justin Gaethje,PMU (FR),Over,1.5,1.78,2026-06-04,2026-06-15
Ilia Topuria,Justin Gaethje,PMU (FR),Under,1.5,1.97,2026-06-04,2026-06-15
Conor McGregor,Max Holloway,PMU (FR),Over,3.5,1.97,2026-06-04,2026-07-12
Conor McGregor,Max Holloway,PMU (FR),Under,3.5,1.76,2026-06-04,2026-07-12
Belal Muhammad,Gabriel Bonfim,BetAnything,Over,4.5,1.91,2026-06-04,2026-06-06
Belal Muhammad,Gabriel Bonfim,BetAnything,Under,4.5,1.83,2026-06-04,2026-06-06
Iwo Baraniewski,Junior Tafa,1xBet,Over,0.5,1.4,2026-06-04,2026-06-06
Iwo Baraniewski,Junior Tafa,1xBet,Under,0.5,2.88,2026-06-04,2026-06-06
Bryce Mitchell,Santiago Luna,BetOnline.ag,Over,2.5,1.57,2026-06-05,2026-06-06
Bryce Mitchell,Santiago Luna,BetOnline.ag,Under,2.5,2.53,2026-06-05,2026-06-06
Bryce Mitchell,Santiago Luna,1xBet,Over,2.5,1.5,2026-06-05,2026-06-06
Bryce Mitchell,Santiago Luna,1xBet,Under,2.5,2.48,2026-06-05,2026-06-06
Bryce Mitchell,Santiago Luna,PMU (FR),Over,2.5,1.49,2026-06-05,2026-06-06
Bryce Mitchell,Santiago Luna,PMU (FR),Under,2.5,2.5,2026-06-05,2026-06-06
Bryce Mitchell,Santiago Luna,Coolbet,Over,2.5,1.54,2026-06-05,2026-06-06
Bryce Mitchell,Santiago Luna,Coolbet,Under,2.5,2.55,2026-06-05,2026-06-06
Bryce Mitchell,Santiago Luna,BetAnything,Over,2.5,1.51,2026-06-05,2026-06-06
Bryce Mitchell,Santiago Luna,BetAnything,Under,2.5,2.65,2026-06-05,2026-06-06
Bryce Mitchell,Santiago Luna,Pinnacle,Over,2.5,1.54,2026-06-05,2026-06-06
Bryce Mitchell,Santiago Luna,Pinnacle,Under,2.5,2.5,2026-06-05,2026-06-06
Ketlen Souza,Ariane Carnelossi,BetOnline.ag,Over,2.5,1.42,2026-06-05,2026-06-06
Ketlen Souza,Ariane Carnelossi,BetOnline.ag,Under,2.5,3.0,2026-06-05,2026-06-06
Ketlen Souza,Ariane Carnelossi,1xBet,Over,2.5,1.35,2026-06-05,2026-06-06
Ketlen Souza,Ariane Carnelossi,1xBet,Under,2.5,3.0,2026-06-05,2026-06-06
Ketlen Souza,Ariane Carnelossi,Pinnacle,Over,2.5,1.44,2026-06-05,2026-06-06
Ketlen Souza,Ariane Carnelossi,Pinnacle,Under,2.5,2.84,2026-06-05,2026-06-06
Ketlen Souza,Ariane Carnelossi,Coolbet,Over,2.5,1.44,2026-06-05,2026-06-06
Ketlen Souza,Ariane Carnelossi,Coolbet,Under,2.5,2.89,2026-06-05,2026-06-06
Ketlen Souza,Ariane Carnelossi,BetAnything,Over,2.5,1.41,2026-06-05,2026-06-06
Ketlen Souza,Ariane Carnelossi,BetAnything,Under,2.5,2.95,2026-06-05,2026-06-06
Belal Muhammad,Gabriel Bonfim,BetOnline.ag,Over,3.5,1.57,2026-06-05,2026-06-06
Belal Muhammad,Gabriel Bonfim,BetOnline.ag,Under,3.5,2.53,2026-06-05,2026-06-06
Belal Muhammad,Gabriel Bonfim,1xBet,Over,4.5,1.77,2026-06-05,2026-06-06
Belal Muhammad,Gabriel Bonfim,1xBet,Under,4.5,1.98,2026-06-05,2026-06-06
Belal Muhammad,Gabriel Bonfim,Pinnacle,Over,3.5,1.56,2026-06-05,2026-06-06
Belal Muhammad,Gabriel Bonfim,Pinnacle,Under,3.5,2.47,2026-06-05,2026-06-06
Belal Muhammad,Gabriel Bonfim,PMU (FR),Over,4.5,1.8,2026-06-05,2026-06-06
Belal Muhammad,Gabriel Bonfim,PMU (FR),Under,4.5,1.93,2026-06-05,2026-06-06
Belal Muhammad,Gabriel Bonfim,Coolbet,Over,3.5,1.56,2026-06-05,2026-06-06
Belal Muhammad,Gabriel Bonfim,Coolbet,Under,3.5,2.5,2026-06-05,2026-06-06
Belal Muhammad,Gabriel Bonfim,BetAnything,Over,4.5,1.87,2026-06-05,2026-06-06
Belal Muhammad,Gabriel Bonfim,BetAnything,Under,4.5,1.87,2026-06-05,2026-06-06
Brendan Allen,Edmen Shahbazyan,BetOnline.ag,Over,1.5,1.54,2026-06-05,2026-06-06
Brendan Allen,Edmen Shahbazyan,BetOnline.ag,Under,1.5,2.61,2026-06-05,2026-06-06
Brendan Allen,Edmen Shahbazyan,1xBet,Over,2.5,2.08,2026-06-05,2026-06-06
Brendan Allen,Edmen Shahbazyan,1xBet,Under,2.5,1.7,2026-06-05,2026-06-06
Brendan Allen,Edmen Shahbazyan,Pinnacle,Over,1.5,1.51,2026-06-05,2026-06-06
Brendan Allen,Edmen Shahbazyan,Pinnacle,Under,1.5,2.61,2026-06-05,2026-06-06
Brendan Allen,Edmen Shahbazyan,PMU (FR),Over,2.5,2.25,2026-06-05,2026-06-06
Brendan Allen,Edmen Shahbazyan,PMU (FR),Under,2.5,1.6,2026-06-05,2026-06-06
Brendan Allen,Edmen Shahbazyan,Coolbet,Over,1.5,1.53,2026-06-05,2026-06-06
Brendan Allen,Edmen Shahbazyan,Coolbet,Under,1.5,2.6,2026-06-05,2026-06-06
Brendan Allen,Edmen Shahbazyan,BetAnything,Over,1.5,1.54,2026-06-05,2026-06-06
Brendan Allen,Edmen Shahbazyan,BetAnything,Under,1.5,2.55,2026-06-05,2026-06-06
Bruno Silva,Edgar Chairez,BetOnline.ag,Over,2.5,1.71,2026-06-05,2026-06-06
Bruno Silva,Edgar Chairez,BetOnline.ag,Under,2.5,2.2,2026-06-05,2026-06-06
Bruno Silva,Edgar Chairez,1xBet,Over,2.5,1.77,2026-06-05,2026-06-06
Bruno Silva,Edgar Chairez,1xBet,Under,2.5,2.0,2026-06-05,2026-06-06
Bruno Silva,Edgar Chairez,Pinnacle,Over,2.5,1.69,2026-06-05,2026-06-06
Bruno Silva,Edgar Chairez,Pinnacle,Under,2.5,2.2,2026-06-05,2026-06-06
Bruno Silva,Edgar Chairez,Coolbet,Over,2.5,1.71,2026-06-05,2026-06-06
Bruno Silva,Edgar Chairez,Coolbet,Under,2.5,2.2,2026-06-05,2026-06-06
Bruno Silva,Edgar Chairez,BetAnything,Over,2.5,1.71,2026-06-05,2026-06-06
Bruno Silva,Edgar Chairez,BetAnything,Under,2.5,2.1,2026-06-05,2026-06-06
Priscila Cachoeira,Chelsea Chandler,BetOnline.ag,Over,2.5,1.77,2026-06-05,2026-06-06
Priscila Cachoeira,Chelsea Chandler,BetOnline.ag,Under,2.5,2.1,2026-06-05,2026-06-06
Priscila Cachoeira,Chelsea Chandler,1xBet,Over,2.5,1.75,2026-06-05,2026-06-06
Priscila Cachoeira,Chelsea Chandler,1xBet,Under,2.5,2.0,2026-06-05,2026-06-06
Priscila Cachoeira,Chelsea Chandler,Pinnacle,Over,2.5,1.83,2026-06-05,2026-06-06
Priscila Cachoeira,Chelsea Chandler,Pinnacle,Under,2.5,1.99,2026-06-05,2026-06-06
Priscila Cachoeira,Chelsea Chandler,Coolbet,Over,2.5,1.81,2026-06-05,2026-06-06
Priscila Cachoeira,Chelsea Chandler,Coolbet,Under,2.5,2.05,2026-06-05,2026-06-06
Priscila Cachoeira,Chelsea Chandler,BetAnything,Over,2.5,1.74,2026-06-05,2026-06-06
Priscila Cachoeira,Chelsea Chandler,BetAnything,Under,2.5,2.05,2026-06-05,2026-06-06
Fares Ziam,Tom Nolan,BetOnline.ag,Over,1.5,1.48,2026-06-05,2026-06-06
Fares Ziam,Tom Nolan,BetOnline.ag,Under,1.5,2.8,2026-06-05,2026-06-06
Fares Ziam,Tom Nolan,1xBet,Over,2.5,1.9,2026-06-05,2026-06-06
Fares Ziam,Tom Nolan,1xBet,Under,2.5,1.85,2026-06-05,2026-06-06
Fares Ziam,Tom Nolan,Pinnacle,Over,1.5,1.5,2026-06-05,2026-06-06
Fares Ziam,Tom Nolan,Pinnacle,Under,1.5,2.64,2026-06-05,2026-06-06
Fares Ziam,Tom Nolan,PMU (FR),Over,2.5,1.75,2026-06-05,2026-06-06
Fares Ziam,Tom Nolan,PMU (FR),Under,2.5,2.02,2026-06-05,2026-06-06
Fares Ziam,Tom Nolan,Coolbet,Over,1.5,1.47,2026-06-05,2026-06-06
Fares Ziam,Tom Nolan,Coolbet,Under,1.5,2.78,2026-06-05,2026-06-06
Fares Ziam,Tom Nolan,BetAnything,Over,2.5,1.77,2026-06-05,2026-06-06
Fares Ziam,Tom Nolan,BetAnything,Under,2.5,2.0,2026-06-05,2026-06-06
Iwo Baraniewski,Junior Tafa,BetOnline.ag,Over,1.5,3.74,2026-06-05,2026-06-06
Iwo Baraniewski,Junior Tafa,BetOnline.ag,Under,1.5,1.29,2026-06-05,2026-06-06
Iwo Baraniewski,Junior Tafa,1xBet,Over,0.5,1.4,2026-06-05,2026-06-06
Iwo Baraniewski,Junior Tafa,1xBet,Under,0.5,2.88,2026-06-05,2026-06-06
Iwo Baraniewski,Junior Tafa,Pinnacle,Over,1.5,3.49,2026-06-05,2026-06-06
Iwo Baraniewski,Junior Tafa,Pinnacle,Under,1.5,1.31,2026-06-05,2026-06-06
Iwo Baraniewski,Junior Tafa,PMU (FR),Over,1.5,3.5,2026-06-05,2026-06-06
Iwo Baraniewski,Junior Tafa,PMU (FR),Under,1.5,1.27,2026-06-05,2026-06-06
Iwo Baraniewski,Junior Tafa,Coolbet,Over,1.5,3.7,2026-06-05,2026-06-06
Iwo Baraniewski,Junior Tafa,Coolbet,Under,1.5,1.29,2026-06-05,2026-06-06
Iwo Baraniewski,Junior Tafa,BetAnything,Over,1.5,3.3,2026-06-05,2026-06-06
Iwo Baraniewski,Junior Tafa,BetAnything,Under,1.5,1.33,2026-06-05,2026-06-06
Jeisla Chaves,Yuneisy Duben,BetOnline.ag,Over,2.5,1.8,2026-06-05,2026-06-06
Jeisla Chaves,Yuneisy Duben,BetOnline.ag,Under,2.5,2.05,2026-06-05,2026-06-06
Jeisla Chaves,Yuneisy Duben,1xBet,Over,2.5,1.83,2026-06-05,2026-06-06
Jeisla Chaves,Yuneisy Duben,1xBet,Under,2.5,1.91,2026-06-05,2026-06-06
Jeisla Chaves,Yuneisy Duben,Pinnacle,Over,2.5,1.83,2026-06-05,2026-06-06
Jeisla Chaves,Yuneisy Duben,Pinnacle,Under,2.5,2.0,2026-06-05,2026-06-06
Jeisla Chaves,Yuneisy Duben,Coolbet,Over,2.5,1.8,2026-06-05,2026-06-06
Jeisla Chaves,Yuneisy Duben,Coolbet,Under,2.5,2.05,2026-06-05,2026-06-06
Jeisla Chaves,Yuneisy Duben,BetAnything,Over,2.5,1.83,2026-06-05,2026-06-06
Jeisla Chaves,Yuneisy Duben,BetAnything,Under,2.5,1.91,2026-06-05,2026-06-06
Jordan Leavitt,Joanderson Brito,BetOnline.ag,Over,2.5,1.83,2026-06-05,2026-06-06
Jordan Leavitt,Joanderson Brito,BetOnline.ag,Under,2.5,2.0,2026-06-05,2026-06-06
Jordan Leavitt,Joanderson Brito,1xBet,Over,2.5,1.75,2026-06-05,2026-06-06
Jordan Leavitt,Joanderson Brito,1xBet,Under,2.5,2.0,2026-06-05,2026-06-06
Jordan Leavitt,Joanderson Brito,Pinnacle,Over,2.5,1.71,2026-06-05,2026-06-06
Jordan Leavitt,Joanderson Brito,Pinnacle,Under,2.5,2.16,2026-06-05,2026-06-06
Jordan Leavitt,Joanderson Brito,Coolbet,Over,2.5,1.77,2026-06-05,2026-06-06
Jordan Leavitt,Joanderson Brito,Coolbet,Under,2.5,2.1,2026-06-05,2026-06-06
Jordan Leavitt,Joanderson Brito,BetAnything,Over,2.5,1.77,2026-06-05,2026-06-06
Jordan Leavitt,Joanderson Brito,BetAnything,Under,2.5,2.0,2026-06-05,2026-06-06
Marcus McGhee,John Yannis,BetOnline.ag,Over,2.5,2.2,2026-06-05,2026-06-06
Marcus McGhee,John Yannis,BetOnline.ag,Under,2.5,1.71,2026-06-05,2026-06-06
Marcus McGhee,John Yannis,Pinnacle,Over,2.5,2.07,2026-06-05,2026-06-06
Marcus McGhee,John Yannis,Pinnacle,Under,2.5,1.77,2026-06-05,2026-06-06
Marcus McGhee,John Yannis,1xBet,Over,2.5,2.15,2026-06-05,2026-06-06
Marcus McGhee,John Yannis,1xBet,Under,2.5,1.65,2026-06-05,2026-06-06
Marcus McGhee,John Yannis,Coolbet,Over,2.5,2.15,2026-06-05,2026-06-06
Marcus McGhee,John Yannis,Coolbet,Under,2.5,1.74,2026-06-05,2026-06-06
Marcus McGhee,John Yannis,BetAnything,Over,2.5,2.1,2026-06-05,2026-06-06
Marcus McGhee,John Yannis,BetAnything,Under,2.5,1.71,2026-06-05,2026-06-06
Matt Schnell,Alessandro Costa,BetOnline.ag,Over,1.5,2.4,2026-06-05,2026-06-06
Matt Schnell,Alessandro Costa,BetOnline.ag,Under,1.5,1.62,2026-06-05,2026-06-06
Matt Schnell,Alessandro Costa,1xBet,Over,1.5,2.2,2026-06-05,2026-06-06
Matt Schnell,Alessandro Costa,1xBet,Under,1.5,1.67,2026-06-05,2026-06-06
Matt Schnell,Alessandro Costa,PMU (FR),Over,1.5,2.23,2026-06-05,2026-06-06
Matt Schnell,Alessandro Costa,PMU (FR),Under,1.5,1.61,2026-06-05,2026-06-06
Matt Schnell,Alessandro Costa,Coolbet,Over,1.5,2.3,2026-06-05,2026-06-06
Matt Schnell,Alessandro Costa,Coolbet,Under,1.5,1.65,2026-06-05,2026-06-06
Matt Schnell,Alessandro Costa,BetAnything,Over,1.5,2.25,2026-06-05,2026-06-06
Matt Schnell,Alessandro Costa,BetAnything,Under,1.5,1.65,2026-06-05,2026-06-06
Matt Schnell,Alessandro Costa,Pinnacle,Over,1.5,2.33,2026-06-05,2026-06-06
Matt Schnell,Alessandro Costa,Pinnacle,Under,1.5,1.62,2026-06-05,2026-06-06
Diego Lopes,Steve Garcia Jr.,1xBet,Over,1.5,1.8,2026-06-05,2026-06-14
Diego Lopes,Steve Garcia Jr.,1xBet,Under,1.5,2.0,2026-06-05,2026-06-14
Bo Nickal,Kyle Daukaus,1xBet,Over,2.5,1.87,2026-06-05,2026-06-14
Bo Nickal,Kyle Daukaus,1xBet,Under,2.5,1.87,2026-06-05,2026-06-14
Derrick Lewis,Josh Hokit,1xBet,Over,1.5,2.62,2026-06-05,2026-06-14
Derrick Lewis,Josh Hokit,1xBet,Under,1.5,1.5,2026-06-05,2026-06-14
Mauricio Ruffy,Michael Chandler,1xBet,Over,1.5,2.1,2026-06-05,2026-06-14
Mauricio Ruffy,Michael Chandler,1xBet,Under,1.5,1.73,2026-06-05,2026-06-14
Sean O'Malley,Aiemann Zahabi,1xBet,Over,2.5,1.45,2026-06-05,2026-06-14
Sean O'Malley,Aiemann Zahabi,1xBet,Under,2.5,2.65,2026-06-05,2026-06-14
Alex Pereira,Ciryl Gane,1xBet,Over,2.5,1.8,2026-06-05,2026-06-15
Alex Pereira,Ciryl Gane,1xBet,Under,2.5,1.95,2026-06-05,2026-06-15
Alex Pereira,Ciryl Gane,PMU (FR),Over,2.5,1.81,2026-06-05,2026-06-15
Alex Pereira,Ciryl Gane,PMU (FR),Under,2.5,1.93,2026-06-05,2026-06-15
Ilia Topuria,Justin Gaethje,1xBet,Over,1.5,1.8,2026-06-05,2026-06-15
Ilia Topuria,Justin Gaethje,1xBet,Under,1.5,1.95,2026-06-05,2026-06-15
Ilia Topuria,Justin Gaethje,PMU (FR),Over,1.5,1.78,2026-06-05,2026-06-15
Ilia Topuria,Justin Gaethje,PMU (FR),Under,1.5,1.97,2026-06-05,2026-06-15
Conor McGregor,Max Holloway,PMU (FR),Over,3.5,1.97,2026-06-05,2026-07-12
Conor McGregor,Max Holloway,PMU (FR),Under,3.5,1.76,2026-06-05,2026-07-12
Ketlen Souza,Ariane Carnelossi,BetOnline.ag,Over,2.5,1.42,2026-06-06,2026-06-06
Ketlen Souza,Ariane Carnelossi,BetOnline.ag,Under,2.5,3.0,2026-06-06,2026-06-06
Ketlen Souza,Ariane Carnelossi,1xBet,Over,2.5,1.35,2026-06-06,2026-06-06
Ketlen Souza,Ariane Carnelossi,1xBet,Under,2.5,3.0,2026-06-06,2026-06-06
Ketlen Souza,Ariane Carnelossi,Pinnacle,Over,2.5,1.45,2026-06-06,2026-06-06
Ketlen Souza,Ariane Carnelossi,Pinnacle,Under,2.5,2.83,2026-06-06,2026-06-06
Ketlen Souza,Ariane Carnelossi,Coolbet,Over,2.5,1.44,2026-06-06,2026-06-06
Ketlen Souza,Ariane Carnelossi,Coolbet,Under,2.5,2.89,2026-06-06,2026-06-06
Jeisla Chaves,Yuneisy Duben,BetOnline.ag,Over,2.5,1.8,2026-06-06,2026-06-06
Jeisla Chaves,Yuneisy Duben,BetOnline.ag,Under,2.5,2.05,2026-06-06,2026-06-06
Jeisla Chaves,Yuneisy Duben,1xBet,Over,2.5,1.87,2026-06-06,2026-06-06
Jeisla Chaves,Yuneisy Duben,1xBet,Under,2.5,1.87,2026-06-06,2026-06-06
Jeisla Chaves,Yuneisy Duben,Pinnacle,Over,2.5,1.87,2026-06-06,2026-06-06
Jeisla Chaves,Yuneisy Duben,Pinnacle,Under,2.5,1.97,2026-06-06,2026-06-06
Jeisla Chaves,Yuneisy Duben,Coolbet,Over,2.5,1.8,2026-06-06,2026-06-06
Jeisla Chaves,Yuneisy Duben,Coolbet,Under,2.5,2.05,2026-06-06,2026-06-06
Jordan Leavitt,Joanderson Brito,BetOnline.ag,Over,2.5,1.93,2026-06-06,2026-06-06
Jordan Leavitt,Joanderson Brito,BetOnline.ag,Under,2.5,1.88,2026-06-06,2026-06-06
Jordan Leavitt,Joanderson Brito,1xBet,Over,2.5,1.75,2026-06-06,2026-06-06
Jordan Leavitt,Joanderson Brito,1xBet,Under,2.5,2.0,2026-06-06,2026-06-06
Jordan Leavitt,Joanderson Brito,Pinnacle,Over,2.5,1.88,2026-06-06,2026-06-06
Jordan Leavitt,Joanderson Brito,Pinnacle,Under,2.5,1.95,2026-06-06,2026-06-06
Jordan Leavitt,Joanderson Brito,Coolbet,Over,2.5,1.87,2026-06-06,2026-06-06
Jordan Leavitt,Joanderson Brito,Coolbet,Under,2.5,1.95,2026-06-06,2026-06-06
Priscila Cachoeira,Chelsea Chandler,BetOnline.ag,Over,2.5,1.78,2026-06-06,2026-06-06
Priscila Cachoeira,Chelsea Chandler,BetOnline.ag,Under,2.5,2.08,2026-06-06,2026-06-06
Priscila Cachoeira,Chelsea Chandler,1xBet,Over,2.5,1.75,2026-06-06,2026-06-06
Priscila Cachoeira,Chelsea Chandler,1xBet,Under,2.5,2.0,2026-06-06,2026-06-06
Priscila Cachoeira,Chelsea Chandler,Pinnacle,Over,2.5,1.82,2026-06-06,2026-06-06
Priscila Cachoeira,Chelsea Chandler,Pinnacle,Under,2.5,2.03,2026-06-06,2026-06-06
Priscila Cachoeira,Chelsea Chandler,Coolbet,Over,2.5,1.88,2026-06-06,2026-06-06
Priscila Cachoeira,Chelsea Chandler,Coolbet,Under,2.5,1.96,2026-06-06,2026-06-06
Bruno Silva,Edgar Chairez,BetOnline.ag,Over,2.5,1.69,2026-06-06,2026-06-06
Bruno Silva,Edgar Chairez,BetOnline.ag,Under,2.5,2.25,2026-06-06,2026-06-06
Bruno Silva,Edgar Chairez,1xBet,Over,2.5,1.74,2026-06-06,2026-06-06
Bruno Silva,Edgar Chairez,1xBet,Under,2.5,2.05,2026-06-06,2026-06-06
Bruno Silva,Edgar Chairez,Pinnacle,Over,2.5,1.69,2026-06-06,2026-06-06
Bruno Silva,Edgar Chairez,Pinnacle,Under,2.5,2.21,2026-06-06,2026-06-06
Bruno Silva,Edgar Chairez,Coolbet,Over,2.5,1.71,2026-06-06,2026-06-06
Bruno Silva,Edgar Chairez,Coolbet,Under,2.5,2.2,2026-06-06,2026-06-06
Marcus McGhee,John Yannis,BetOnline.ag,Over,2.5,2.05,2026-06-06,2026-06-06
Marcus McGhee,John Yannis,BetOnline.ag,Under,2.5,1.8,2026-06-06,2026-06-06
Marcus McGhee,John Yannis,Pinnacle,Over,2.5,2.06,2026-06-06,2026-06-06
Marcus McGhee,John Yannis,Pinnacle,Under,2.5,1.79,2026-06-06,2026-06-06
Marcus McGhee,John Yannis,1xBet,Over,2.5,2.15,2026-06-06,2026-06-06
Marcus McGhee,John Yannis,1xBet,Under,2.5,1.65,2026-06-06,2026-06-06
Marcus McGhee,John Yannis,Coolbet,Over,2.5,2.1,2026-06-06,2026-06-06
Marcus McGhee,John Yannis,Coolbet,Under,2.5,1.77,2026-06-06,2026-06-06
Matt Schnell,Alessandro Costa,BetOnline.ag,Over,1.5,2.35,2026-06-06,2026-06-06
Matt Schnell,Alessandro Costa,BetOnline.ag,Under,1.5,1.65,2026-06-06,2026-06-06
Matt Schnell,Alessandro Costa,1xBet,Over,1.5,2.22,2026-06-06,2026-06-06
Matt Schnell,Alessandro Costa,1xBet,Under,1.5,1.65,2026-06-06,2026-06-06
Matt Schnell,Alessandro Costa,PMU (FR),Over,1.5,2.2,2026-06-06,2026-06-06
Matt Schnell,Alessandro Costa,PMU (FR),Under,1.5,1.63,2026-06-06,2026-06-06
Matt Schnell,Alessandro Costa,Coolbet,Over,1.5,2.3,2026-06-06,2026-06-06
Matt Schnell,Alessandro Costa,Coolbet,Under,1.5,1.65,2026-06-06,2026-06-06
Matt Schnell,Alessandro Costa,Pinnacle,Over,1.5,2.23,2026-06-06,2026-06-06
Matt Schnell,Alessandro Costa,Pinnacle,Under,1.5,1.68,2026-06-06,2026-06-06
Iwo Baraniewski,Junior Tafa,BetOnline.ag,Over,1.5,3.74,2026-06-06,2026-06-07
Iwo Baraniewski,Junior Tafa,BetOnline.ag,Under,1.5,1.29,2026-06-06,2026-06-07
Iwo Baraniewski,Junior Tafa,1xBet,Over,0.5,1.46,2026-06-06,2026-06-07
Iwo Baraniewski,Junior Tafa,1xBet,Under,0.5,2.6,2026-06-06,2026-06-07
Iwo Baraniewski,Junior Tafa,Pinnacle,Over,1.5,3.53,2026-06-06,2026-06-07
Iwo Baraniewski,Junior Tafa,Pinnacle,Under,1.5,1.32,2026-06-06,2026-06-07
Iwo Baraniewski,Junior Tafa,PMU (FR),Over,1.5,3.5,2026-06-06,2026-06-07
Iwo Baraniewski,Junior Tafa,PMU (FR),Under,1.5,1.27,2026-06-06,2026-06-07
Iwo Baraniewski,Junior Tafa,Coolbet,Over,1.5,3.7,2026-06-06,2026-06-07
Iwo Baraniewski,Junior Tafa,Coolbet,Under,1.5,1.29,2026-06-06,2026-06-07
Bryce Mitchell,Santiago Luna,BetOnline.ag,Over,2.5,1.57,2026-06-06,2026-06-07
Bryce Mitchell,Santiago Luna,BetOnline.ag,Under,2.5,2.53,2026-06-06,2026-06-07
Bryce Mitchell,Santiago Luna,1xBet,Over,2.5,1.53,2026-06-06,2026-06-07
Bryce Mitchell,Santiago Luna,1xBet,Under,2.5,2.4,2026-06-06,2026-06-07
Bryce Mitchell,Santiago Luna,PMU (FR),Over,2.5,1.49,2026-06-06,2026-06-07
Bryce Mitchell,Santiago Luna,PMU (FR),Under,2.5,2.5,2026-06-06,2026-06-07
Bryce Mitchell,Santiago Luna,Coolbet,Over,2.5,1.54,2026-06-06,2026-06-07
Bryce Mitchell,Santiago Luna,Coolbet,Under,2.5,2.55,2026-06-06,2026-06-07
Bryce Mitchell,Santiago Luna,Pinnacle,Over,2.5,1.55,2026-06-06,2026-06-07
Bryce Mitchell,Santiago Luna,Pinnacle,Under,2.5,2.51,2026-06-06,2026-06-07
Fares Ziam,Tom Nolan,BetOnline.ag,Over,1.5,1.48,2026-06-06,2026-06-07
Fares Ziam,Tom Nolan,BetOnline.ag,Under,1.5,2.8,2026-06-06,2026-06-07
Fares Ziam,Tom Nolan,1xBet,Over,2.5,1.9,2026-06-06,2026-06-07
Fares Ziam,Tom Nolan,1xBet,Under,2.5,1.85,2026-06-06,2026-06-07
Fares Ziam,Tom Nolan,Pinnacle,Over,1.5,1.42,2026-06-06,2026-06-07
Fares Ziam,Tom Nolan,Pinnacle,Under,1.5,2.94,2026-06-06,2026-06-07
Fares Ziam,Tom Nolan,PMU (FR),Over,2.5,1.75,2026-06-06,2026-06-07
Fares Ziam,Tom Nolan,PMU (FR),Under,2.5,2.02,2026-06-06,2026-06-07
Fares Ziam,Tom Nolan,Coolbet,Over,1.5,1.47,2026-06-06,2026-06-07
Fares Ziam,Tom Nolan,Coolbet,Under,1.5,2.78,2026-06-06,2026-06-07
Brendan Allen,Edmen Shahbazyan,BetOnline.ag,Over,1.5,1.53,2026-06-06,2026-06-07
Brendan Allen,Edmen Shahbazyan,BetOnline.ag,Under,1.5,2.65,2026-06-06,2026-06-07
Brendan Allen,Edmen Shahbazyan,1xBet,Over,2.5,2.2,2026-06-06,2026-06-07
Brendan Allen,Edmen Shahbazyan,1xBet,Under,2.5,1.63,2026-06-06,2026-06-07
Brendan Allen,Edmen Shahbazyan,Pinnacle,Over,1.5,1.56,2026-06-06,2026-06-07
Brendan Allen,Edmen Shahbazyan,Pinnacle,Under,1.5,2.47,2026-06-06,2026-06-07
Brendan Allen,Edmen Shahbazyan,PMU (FR),Over,2.5,2.25,2026-06-06,2026-06-07
Brendan Allen,Edmen Shahbazyan,PMU (FR),Under,2.5,1.6,2026-06-06,2026-06-07
Brendan Allen,Edmen Shahbazyan,Coolbet,Over,1.5,1.53,2026-06-06,2026-06-07
Brendan Allen,Edmen Shahbazyan,Coolbet,Under,1.5,2.6,2026-06-06,2026-06-07
Brendan Allen,Edmen Shahbazyan,BetAnything,Over,1.5,1.54,2026-06-06,2026-06-07
Brendan Allen,Edmen Shahbazyan,BetAnything,Under,1.5,2.55,2026-06-06,2026-06-07
Belal Muhammad,Gabriel Bonfim,BetOnline.ag,Over,3.5,1.57,2026-06-06,2026-06-07
Belal Muhammad,Gabriel Bonfim,BetOnline.ag,Under,3.5,2.53,2026-06-06,2026-06-07
Belal Muhammad,Gabriel Bonfim,1xBet,Over,4.5,1.77,2026-06-06,2026-06-07
Belal Muhammad,Gabriel Bonfim,1xBet,Under,4.5,1.98,2026-06-06,2026-06-07
Belal Muhammad,Gabriel Bonfim,Pinnacle,Over,3.5,1.55,2026-06-06,2026-06-07
Belal Muhammad,Gabriel Bonfim,Pinnacle,Under,3.5,2.52,2026-06-06,2026-06-07
Belal Muhammad,Gabriel Bonfim,PMU (FR),Over,4.5,1.8,2026-06-06,2026-06-07
Belal Muhammad,Gabriel Bonfim,PMU (FR),Under,4.5,1.93,2026-06-06,2026-06-07
Belal Muhammad,Gabriel Bonfim,Coolbet,Over,3.5,1.56,2026-06-06,2026-06-07
Belal Muhammad,Gabriel Bonfim,Coolbet,Under,3.5,2.5,2026-06-06,2026-06-07
Belal Muhammad,Gabriel Bonfim,BetAnything,Over,3.5,1.56,2026-06-06,2026-06-07
Belal Muhammad,Gabriel Bonfim,BetAnything,Under,3.5,2.5,2026-06-06,2026-06-07
Diego Lopes,Steve Garcia Jr.,1xBet,Over,1.5,1.8,2026-06-06,2026-06-14
Diego Lopes,Steve Garcia Jr.,1xBet,Under,1.5,2.0,2026-06-06,2026-06-14
Bo Nickal,Kyle Daukaus,1xBet,Over,2.5,1.87,2026-06-06,2026-06-14
Bo Nickal,Kyle Daukaus,1xBet,Under,2.5,1.87,2026-06-06,2026-06-14
Derrick Lewis,Josh Hokit,1xBet,Over,1.5,2.62,2026-06-06,2026-06-14
Derrick Lewis,Josh Hokit,1xBet,Under,1.5,1.5,2026-06-06,2026-06-14
Mauricio Ruffy,Michael Chandler,1xBet,Over,1.5,2.1,2026-06-06,2026-06-14
Mauricio Ruffy,Michael Chandler,1xBet,Under,1.5,1.73,2026-06-06,2026-06-14
Sean O'Malley,Aiemann Zahabi,1xBet,Over,2.5,1.45,2026-06-06,2026-06-14
Sean O'Malley,Aiemann Zahabi,1xBet,Under,2.5,2.65,2026-06-06,2026-06-14
Alex Pereira,Ciryl Gane,1xBet,Over,2.5,1.8,2026-06-06,2026-06-15
Alex Pereira,Ciryl Gane,1xBet,Under,2.5,1.95,2026-06-06,2026-06-15
Alex Pereira,Ciryl Gane,PMU (FR),Over,2.5,1.81,2026-06-06,2026-06-15
Alex Pereira,Ciryl Gane,PMU (FR),Under,2.5,1.93,2026-06-06,2026-06-15
Ilia Topuria,Justin Gaethje,1xBet,Over,1.5,1.8,2026-06-06,2026-06-15
Ilia Topuria,Justin Gaethje,1xBet,Under,1.5,1.95,2026-06-06,2026-06-15
Ilia Topuria,Justin Gaethje,PMU (FR),Over,1.5,1.78,2026-06-06,2026-06-15
Ilia Topuria,Justin Gaethje,PMU (FR),Under,1.5,1.97,2026-06-06,2026-06-15
Conor McGregor,Max Holloway,PMU (FR),Over,3.5,1.97,2026-06-06,2026-07-12
Conor McGregor,Max Holloway,PMU (FR),Under,3.5,1.76,2026-06-06,2026-07-12
Diego Lopes,Steve Garcia Jr.,BetOnline.ag,Over,1.5,1.77,2026-06-09,2026-06-15
Diego Lopes,Steve Garcia Jr.,BetOnline.ag,Under,1.5,2.1,2026-06-09,2026-06-15
Diego Lopes,Steve Garcia Jr.,1xBet,Over,1.5,1.8,2026-06-09,2026-06-15
Diego Lopes,Steve Garcia Jr.,1xBet,Under,1.5,1.95,2026-06-09,2026-06-15
Diego Lopes,Steve Garcia Jr.,Pinnacle,Over,1.5,1.81,2026-06-09,2026-06-15
Diego Lopes,Steve Garcia Jr.,Pinnacle,Under,1.5,2.03,2026-06-09,2026-06-15
Diego Lopes,Steve Garcia Jr.,Coolbet,Over,1.5,1.77,2026-06-09,2026-06-15
Diego Lopes,Steve Garcia Jr.,Coolbet,Under,1.5,2.1,2026-06-09,2026-06-15
Diego Lopes,Steve Garcia Jr.,PMU (FR),Over,1.5,1.81,2026-06-09,2026-06-15
Diego Lopes,Steve Garcia Jr.,PMU (FR),Under,1.5,1.93,2026-06-09,2026-06-15
Bo Nickal,Kyle Daukaus,BetOnline.ag,Over,1.5,1.61,2026-06-09,2026-06-15
Bo Nickal,Kyle Daukaus,BetOnline.ag,Under,1.5,2.45,2026-06-09,2026-06-15
Bo Nickal,Kyle Daukaus,1xBet,Over,2.5,2.15,2026-06-09,2026-06-15
Bo Nickal,Kyle Daukaus,1xBet,Under,2.5,1.69,2026-06-09,2026-06-15
Bo Nickal,Kyle Daukaus,Pinnacle,Over,1.5,1.62,2026-06-09,2026-06-15
Bo Nickal,Kyle Daukaus,Pinnacle,Under,1.5,2.33,2026-06-09,2026-06-15
Bo Nickal,Kyle Daukaus,Coolbet,Over,1.5,1.62,2026-06-09,2026-06-15
Bo Nickal,Kyle Daukaus,Coolbet,Under,1.5,2.35,2026-06-09,2026-06-15
Bo Nickal,Kyle Daukaus,PMU (FR),Over,2.5,2.2,2026-06-09,2026-06-15
Bo Nickal,Kyle Daukaus,PMU (FR),Under,2.5,1.63,2026-06-09,2026-06-15
Mauricio Ruffy,Michael Chandler,BetOnline.ag,Over,1.5,2.1,2026-06-09,2026-06-15
Mauricio Ruffy,Michael Chandler,BetOnline.ag,Under,1.5,1.77,2026-06-09,2026-06-15
Mauricio Ruffy,Michael Chandler,1xBet,Over,1.5,2.1,2026-06-09,2026-06-15
Mauricio Ruffy,Michael Chandler,1xBet,Under,1.5,1.71,2026-06-09,2026-06-15
Mauricio Ruffy,Michael Chandler,Pinnacle,Over,1.5,2.12,2026-06-09,2026-06-15
Mauricio Ruffy,Michael Chandler,Pinnacle,Under,1.5,1.74,2026-06-09,2026-06-15
Mauricio Ruffy,Michael Chandler,Coolbet,Over,1.5,2.1,2026-06-09,2026-06-15
Mauricio Ruffy,Michael Chandler,Coolbet,Under,1.5,1.77,2026-06-09,2026-06-15
Mauricio Ruffy,Michael Chandler,PMU (FR),Over,1.5,2.06,2026-06-09,2026-06-15
Mauricio Ruffy,Michael Chandler,PMU (FR),Under,1.5,1.72,2026-06-09,2026-06-15
Derrick Lewis,Josh Hokit,Coolbet,Over,1.5,2.65,2026-06-09,2026-06-15
Derrick Lewis,Josh Hokit,Coolbet,Under,1.5,1.5,2026-06-09,2026-06-15
Derrick Lewis,Josh Hokit,BetOnline.ag,Over,1.5,2.74,2026-06-09,2026-06-15
Derrick Lewis,Josh Hokit,BetOnline.ag,Under,1.5,1.5,2026-06-09,2026-06-15
Derrick Lewis,Josh Hokit,1xBet,Over,1.5,2.6,2026-06-09,2026-06-15
Derrick Lewis,Josh Hokit,1xBet,Under,1.5,1.48,2026-06-09,2026-06-15
Derrick Lewis,Josh Hokit,Pinnacle,Over,1.5,2.62,2026-06-09,2026-06-15
Derrick Lewis,Josh Hokit,Pinnacle,Under,1.5,1.5,2026-06-09,2026-06-15
Derrick Lewis,Josh Hokit,PMU (FR),Over,1.5,2.5,2026-06-09,2026-06-15
Derrick Lewis,Josh Hokit,PMU (FR),Under,1.5,1.49,2026-06-09,2026-06-15
Sean O'Malley,Aiemann Zahabi,BetOnline.ag,Over,2.5,1.48,2026-06-09,2026-06-15
Sean O'Malley,Aiemann Zahabi,BetOnline.ag,Under,2.5,2.8,2026-06-09,2026-06-15
Sean O'Malley,Aiemann Zahabi,1xBet,Over,2.5,1.53,2026-06-09,2026-06-15
Sean O'Malley,Aiemann Zahabi,1xBet,Under,2.5,2.62,2026-06-09,2026-06-15
Sean O'Malley,Aiemann Zahabi,Pinnacle,Over,2.5,1.52,2026-06-09,2026-06-15
Sean O'Malley,Aiemann Zahabi,Pinnacle,Under,2.5,2.57,2026-06-09,2026-06-15
Sean O'Malley,Aiemann Zahabi,Coolbet,Over,2.5,1.53,2026-06-09,2026-06-15
Sean O'Malley,Aiemann Zahabi,Coolbet,Under,2.5,2.58,2026-06-09,2026-06-15
Sean O'Malley,Aiemann Zahabi,PMU (FR),Over,2.5,1.47,2026-06-09,2026-06-15
Sean O'Malley,Aiemann Zahabi,PMU (FR),Under,2.5,2.55,2026-06-09,2026-06-15
Alex Pereira,Ciryl Gane,BetOnline.ag,Over,2.5,1.62,2026-06-09,2026-06-15
Alex Pereira,Ciryl Gane,BetOnline.ag,Under,2.5,2.4,2026-06-09,2026-06-15
Alex Pereira,Ciryl Gane,1xBet,Over,3.5,1.95,2026-06-09,2026-06-15
Alex Pereira,Ciryl Gane,1xBet,Under,3.5,1.8,2026-06-09,2026-06-15
Alex Pereira,Ciryl Gane,Pinnacle,Over,2.5,1.64,2026-06-09,2026-06-15
Alex Pereira,Ciryl Gane,Pinnacle,Under,2.5,2.29,2026-06-09,2026-06-15
Alex Pereira,Ciryl Gane,Coolbet,Over,2.5,1.63,2026-06-09,2026-06-15
Alex Pereira,Ciryl Gane,Coolbet,Under,2.5,2.35,2026-06-09,2026-06-15
Alex Pereira,Ciryl Gane,PMU (FR),Over,3.5,2.04,2026-06-09,2026-06-15
Alex Pereira,Ciryl Gane,PMU (FR),Under,3.5,1.73,2026-06-09,2026-06-15
Ilia Topuria,Justin Gaethje,BetOnline.ag,Over,1.5,1.89,2026-06-09,2026-06-15
Ilia Topuria,Justin Gaethje,BetOnline.ag,Under,1.5,1.93,2026-06-09,2026-06-15
Ilia Topuria,Justin Gaethje,Pinnacle,Over,1.5,1.84,2026-06-09,2026-06-15
Ilia Topuria,Justin Gaethje,Pinnacle,Under,1.5,1.98,2026-06-09,2026-06-15
Ilia Topuria,Justin Gaethje,1xBet,Over,1.5,1.87,2026-06-09,2026-06-15
Ilia Topuria,Justin Gaethje,1xBet,Under,1.5,1.87,2026-06-09,2026-06-15
Ilia Topuria,Justin Gaethje,Coolbet,Over,1.5,1.87,2026-06-09,2026-06-15
Ilia Topuria,Justin Gaethje,Coolbet,Under,1.5,1.95,2026-06-09,2026-06-15
Ilia Topuria,Justin Gaethje,PMU (FR),Over,1.5,1.85,2026-06-09,2026-06-15
Ilia Topuria,Justin Gaethje,PMU (FR),Under,1.5,1.88,2026-06-09,2026-06-15
Brandon Royval,Lone'er Kavanagh,1xBet,Over,2.5,1.5,2026-06-09,2026-07-12
Brandon Royval,Lone'er Kavanagh,1xBet,Under,2.5,2.48,2026-06-09,2026-07-12
Cory Sandhagen,Mario Bautista,1xBet,Over,2.5,1.4,2026-06-09,2026-07-12
Cory Sandhagen,Mario Bautista,1xBet,Under,2.5,2.8,2026-06-09,2026-07-12
Gable Steveson,Elisha Ellison,1xBet,Over,0.5,1.45,2026-06-09,2026-07-12
Gable Steveson,Elisha Ellison,1xBet,Under,0.5,2.65,2026-06-09,2026-07-12
Paddy Pimblett,Benoit Saint-Denis,1xBet,Over,2.5,2.16,2026-06-09,2026-07-12
Paddy Pimblett,Benoit Saint-Denis,1xBet,Under,2.5,1.65,2026-06-09,2026-07-12
Conor McGregor,Max Holloway,1xBet,Over,2.5,2.05,2026-06-09,2026-07-12
Conor McGregor,Max Holloway,1xBet,Under,2.5,1.77,2026-06-09,2026-07-12
Conor McGregor,Max Holloway,PMU (FR),Over,3.5,1.97,2026-06-09,2026-07-12
Conor McGregor,Max Holloway,PMU (FR),Under,3.5,1.76,2026-06-09,2026-07-12
Diego Lopes,Steve Garcia Jr.,BetOnline.ag,Over,1.5,1.77,2026-06-10,2026-06-15
Diego Lopes,Steve Garcia Jr.,BetOnline.ag,Under,1.5,2.1,2026-06-10,2026-06-15
Diego Lopes,Steve Garcia Jr.,1xBet,Over,1.5,1.74,2026-06-10,2026-06-15
Diego Lopes,Steve Garcia Jr.,1xBet,Under,1.5,2.05,2026-06-10,2026-06-15
Diego Lopes,Steve Garcia Jr.,Pinnacle,Over,1.5,1.73,2026-06-10,2026-06-15
Diego Lopes,Steve Garcia Jr.,Pinnacle,Under,1.5,2.13,2026-06-10,2026-06-15
Diego Lopes,Steve Garcia Jr.,BetAnything,Over,1.5,1.71,2026-06-10,2026-06-15
Diego Lopes,Steve Garcia Jr.,BetAnything,Under,1.5,2.1,2026-06-10,2026-06-15
Diego Lopes,Steve Garcia Jr.,PMU (FR),Over,1.5,1.76,2026-06-10,2026-06-15
Diego Lopes,Steve Garcia Jr.,PMU (FR),Under,1.5,2.0,2026-06-10,2026-06-15
Bo Nickal,Kyle Daukaus,BetOnline.ag,Over,1.5,1.65,2026-06-10,2026-06-15
Bo Nickal,Kyle Daukaus,BetOnline.ag,Under,1.5,2.35,2026-06-10,2026-06-15
Bo Nickal,Kyle Daukaus,1xBet,Over,2.5,2.2,2026-06-10,2026-06-15
Bo Nickal,Kyle Daukaus,1xBet,Under,2.5,1.67,2026-06-10,2026-06-15
Bo Nickal,Kyle Daukaus,Pinnacle,Over,1.5,1.61,2026-06-10,2026-06-15
Bo Nickal,Kyle Daukaus,Pinnacle,Under,1.5,2.34,2026-06-10,2026-06-15
Bo Nickal,Kyle Daukaus,BetAnything,Over,1.5,1.62,2026-06-10,2026-06-15
Bo Nickal,Kyle Daukaus,BetAnything,Under,1.5,2.3,2026-06-10,2026-06-15
Bo Nickal,Kyle Daukaus,PMU (FR),Over,2.5,2.2,2026-06-10,2026-06-15
Bo Nickal,Kyle Daukaus,PMU (FR),Under,2.5,1.63,2026-06-10,2026-06-15
Mauricio Ruffy,Michael Chandler,BetOnline.ag,Over,1.5,1.95,2026-06-10,2026-06-15
Mauricio Ruffy,Michael Chandler,BetOnline.ag,Under,1.5,1.87,2026-06-10,2026-06-15
Mauricio Ruffy,Michael Chandler,1xBet,Over,1.5,2.05,2026-06-10,2026-06-15
Mauricio Ruffy,Michael Chandler,1xBet,Under,1.5,1.74,2026-06-10,2026-06-15
Mauricio Ruffy,Michael Chandler,Pinnacle,Over,1.5,2.05,2026-06-10,2026-06-15
Mauricio Ruffy,Michael Chandler,Pinnacle,Under,1.5,1.79,2026-06-10,2026-06-15
Mauricio Ruffy,Michael Chandler,BetAnything,Over,1.5,1.95,2026-06-10,2026-06-15
Mauricio Ruffy,Michael Chandler,BetAnything,Under,1.5,1.8,2026-06-10,2026-06-15
Mauricio Ruffy,Michael Chandler,PMU (FR),Over,1.5,1.97,2026-06-10,2026-06-15
Mauricio Ruffy,Michael Chandler,PMU (FR),Under,1.5,1.77,2026-06-10,2026-06-15
Derrick Lewis,Josh Hokit,BetOnline.ag,Over,1.5,2.7,2026-06-10,2026-06-15
Derrick Lewis,Josh Hokit,BetOnline.ag,Under,1.5,1.51,2026-06-10,2026-06-15
Derrick Lewis,Josh Hokit,1xBet,Over,1.5,2.6,2026-06-10,2026-06-15
Derrick Lewis,Josh Hokit,1xBet,Under,1.5,1.48,2026-06-10,2026-06-15
Derrick Lewis,Josh Hokit,BetAnything,Over,1.5,2.65,2026-06-10,2026-06-15
Derrick Lewis,Josh Hokit,BetAnything,Under,1.5,1.51,2026-06-10,2026-06-15
Derrick Lewis,Josh Hokit,Pinnacle,Over,1.5,2.64,2026-06-10,2026-06-15
Derrick Lewis,Josh Hokit,Pinnacle,Under,1.5,1.49,2026-06-10,2026-06-15
Derrick Lewis,Josh Hokit,PMU (FR),Over,1.5,2.7,2026-06-10,2026-06-15
Derrick Lewis,Josh Hokit,PMU (FR),Under,1.5,1.43,2026-06-10,2026-06-15
Sean O'Malley,Aiemann Zahabi,BetOnline.ag,Over,2.5,1.51,2026-06-10,2026-06-15
Sean O'Malley,Aiemann Zahabi,BetOnline.ag,Under,2.5,2.7,2026-06-10,2026-06-15
Sean O'Malley,Aiemann Zahabi,1xBet,Over,2.5,1.53,2026-06-10,2026-06-15
Sean O'Malley,Aiemann Zahabi,1xBet,Under,2.5,2.62,2026-06-10,2026-06-15
Sean O'Malley,Aiemann Zahabi,Pinnacle,Over,2.5,1.52,2026-06-10,2026-06-15
Sean O'Malley,Aiemann Zahabi,Pinnacle,Under,2.5,2.57,2026-06-10,2026-06-15
Sean O'Malley,Aiemann Zahabi,BetAnything,Over,2.5,1.5,2026-06-10,2026-06-15
Sean O'Malley,Aiemann Zahabi,BetAnything,Under,2.5,2.7,2026-06-10,2026-06-15
Sean O'Malley,Aiemann Zahabi,PMU (FR),Over,2.5,1.43,2026-06-10,2026-06-15
Sean O'Malley,Aiemann Zahabi,PMU (FR),Under,2.5,2.65,2026-06-10,2026-06-15
Alex Pereira,Ciryl Gane,BetOnline.ag,Over,2.5,1.62,2026-06-10,2026-06-15
Alex Pereira,Ciryl Gane,BetOnline.ag,Under,2.5,2.4,2026-06-10,2026-06-15
Alex Pereira,Ciryl Gane,1xBet,Over,3.5,1.95,2026-06-10,2026-06-15
Alex Pereira,Ciryl Gane,1xBet,Under,3.5,1.8,2026-06-10,2026-06-15
Alex Pereira,Ciryl Gane,Pinnacle,Over,2.5,1.63,2026-06-10,2026-06-15
Alex Pereira,Ciryl Gane,Pinnacle,Under,2.5,2.3,2026-06-10,2026-06-15
Alex Pereira,Ciryl Gane,BetAnything,Over,2.5,1.62,2026-06-10,2026-06-15
Alex Pereira,Ciryl Gane,BetAnything,Under,2.5,2.3,2026-06-10,2026-06-15
Alex Pereira,Ciryl Gane,PMU (FR),Over,3.5,2.1,2026-06-10,2026-06-15
Alex Pereira,Ciryl Gane,PMU (FR),Under,3.5,1.68,2026-06-10,2026-06-15
Ilia Topuria,Justin Gaethje,BetOnline.ag,Over,1.5,1.89,2026-06-10,2026-06-15
Ilia Topuria,Justin Gaethje,BetOnline.ag,Under,1.5,1.93,2026-06-10,2026-06-15
Ilia Topuria,Justin Gaethje,Pinnacle,Over,1.5,1.94,2026-06-10,2026-06-15
Ilia Topuria,Justin Gaethje,Pinnacle,Under,1.5,1.88,2026-06-10,2026-06-15
Ilia Topuria,Justin Gaethje,1xBet,Over,1.5,1.87,2026-06-10,2026-06-15
Ilia Topuria,Justin Gaethje,1xBet,Under,1.5,1.87,2026-06-10,2026-06-15
Ilia Topuria,Justin Gaethje,BetAnything,Over,1.5,1.87,2026-06-10,2026-06-15
Ilia Topuria,Justin Gaethje,BetAnything,Under,1.5,1.87,2026-06-10,2026-06-15
Ilia Topuria,Justin Gaethje,PMU (FR),Over,1.5,1.91,2026-06-10,2026-06-15
Ilia Topuria,Justin Gaethje,PMU (FR),Under,1.5,1.83,2026-06-10,2026-06-15
Brandon Royval,Lone'er Kavanagh,1xBet,Over,2.5,1.5,2026-06-10,2026-07-12
Brandon Royval,Lone'er Kavanagh,1xBet,Under,2.5,2.48,2026-06-10,2026-07-12
Cory Sandhagen,Mario Bautista,1xBet,Over,2.5,1.4,2026-06-10,2026-07-12
Cory Sandhagen,Mario Bautista,1xBet,Under,2.5,2.8,2026-06-10,2026-07-12
Gable Steveson,Elisha Ellison,1xBet,Over,0.5,1.45,2026-06-10,2026-07-12
Gable Steveson,Elisha Ellison,1xBet,Under,0.5,2.65,2026-06-10,2026-07-12
Paddy Pimblett,Benoit Saint-Denis,1xBet,Over,2.5,2.16,2026-06-10,2026-07-12
Paddy Pimblett,Benoit Saint-Denis,1xBet,Under,2.5,1.65,2026-06-10,2026-07-12
Conor McGregor,Max Holloway,1xBet,Over,2.5,2.05,2026-06-10,2026-07-12
Conor McGregor,Max Holloway,1xBet,Under,2.5,1.77,2026-06-10,2026-07-12
Conor McGregor,Max Holloway,PMU (FR),Over,3.5,2.33,2026-06-10,2026-07-12
Conor McGregor,Max Holloway,PMU (FR),Under,3.5,1.56,2026-06-10,2026-07-12
Diego Lopes,Steve Garcia Jr.,BetOnline.ag,Over,1.5,1.77,2026-06-11,2026-06-15
Diego Lopes,Steve Garcia Jr.,BetOnline.ag,Under,1.5,2.1,2026-06-11,2026-06-15
Diego Lopes,Steve Garcia Jr.,1xBet,Over,1.5,1.74,2026-06-11,2026-06-15
Diego Lopes,Steve Garcia Jr.,1xBet,Under,1.5,2.05,2026-06-11,2026-06-15
Diego Lopes,Steve Garcia Jr.,Pinnacle,Over,1.5,1.73,2026-06-11,2026-06-15
Diego Lopes,Steve Garcia Jr.,Pinnacle,Under,1.5,2.13,2026-06-11,2026-06-15
Diego Lopes,Steve Garcia Jr.,Coolbet,Over,1.5,1.77,2026-06-11,2026-06-15
Diego Lopes,Steve Garcia Jr.,Coolbet,Under,1.5,2.1,2026-06-11,2026-06-15
Diego Lopes,Steve Garcia Jr.,BetAnything,Over,1.5,1.71,2026-06-11,2026-06-15
Diego Lopes,Steve Garcia Jr.,BetAnything,Under,1.5,2.1,2026-06-11,2026-06-15
Diego Lopes,Steve Garcia Jr.,PMU (FR),Over,1.5,1.76,2026-06-11,2026-06-15
Diego Lopes,Steve Garcia Jr.,PMU (FR),Under,1.5,2.0,2026-06-11,2026-06-15
Bo Nickal,Kyle Daukaus,BetOnline.ag,Over,1.5,1.62,2026-06-11,2026-06-15
Bo Nickal,Kyle Daukaus,BetOnline.ag,Under,1.5,2.4,2026-06-11,2026-06-15
Bo Nickal,Kyle Daukaus,1xBet,Over,2.5,2.2,2026-06-11,2026-06-15
Bo Nickal,Kyle Daukaus,1xBet,Under,2.5,1.67,2026-06-11,2026-06-15
Bo Nickal,Kyle Daukaus,Pinnacle,Over,1.5,1.68,2026-06-11,2026-06-15
Bo Nickal,Kyle Daukaus,Pinnacle,Under,1.5,2.2,2026-06-11,2026-06-15
Bo Nickal,Kyle Daukaus,Coolbet,Over,1.5,1.62,2026-06-11,2026-06-15
Bo Nickal,Kyle Daukaus,Coolbet,Under,1.5,2.35,2026-06-11,2026-06-15
Bo Nickal,Kyle Daukaus,BetAnything,Over,1.5,1.62,2026-06-11,2026-06-15
Bo Nickal,Kyle Daukaus,BetAnything,Under,1.5,2.3,2026-06-11,2026-06-15
Bo Nickal,Kyle Daukaus,PMU (FR),Over,2.5,2.2,2026-06-11,2026-06-15
Bo Nickal,Kyle Daukaus,PMU (FR),Under,2.5,1.63,2026-06-11,2026-06-15
Mauricio Ruffy,Michael Chandler,BetOnline.ag,Over,1.5,2.05,2026-06-11,2026-06-15
Mauricio Ruffy,Michael Chandler,BetOnline.ag,Under,1.5,1.8,2026-06-11,2026-06-15
Mauricio Ruffy,Michael Chandler,1xBet,Over,1.5,2.05,2026-06-11,2026-06-15
Mauricio Ruffy,Michael Chandler,1xBet,Under,1.5,1.74,2026-06-11,2026-06-15
Mauricio Ruffy,Michael Chandler,Pinnacle,Over,1.5,2.05,2026-06-11,2026-06-15
Mauricio Ruffy,Michael Chandler,Pinnacle,Under,1.5,1.79,2026-06-11,2026-06-15
Mauricio Ruffy,Michael Chandler,Coolbet,Over,1.5,2.1,2026-06-11,2026-06-15
Mauricio Ruffy,Michael Chandler,Coolbet,Under,1.5,1.77,2026-06-11,2026-06-15
Mauricio Ruffy,Michael Chandler,BetAnything,Over,1.5,2.0,2026-06-11,2026-06-15
Mauricio Ruffy,Michael Chandler,BetAnything,Under,1.5,1.77,2026-06-11,2026-06-15
Mauricio Ruffy,Michael Chandler,PMU (FR),Over,1.5,1.97,2026-06-11,2026-06-15
Mauricio Ruffy,Michael Chandler,PMU (FR),Under,1.5,1.77,2026-06-11,2026-06-15
Derrick Lewis,Josh Hokit,Coolbet,Over,1.5,2.65,2026-06-11,2026-06-15
Derrick Lewis,Josh Hokit,Coolbet,Under,1.5,1.5,2026-06-11,2026-06-15
Derrick Lewis,Josh Hokit,BetOnline.ag,Over,1.5,2.7,2026-06-11,2026-06-15
Derrick Lewis,Josh Hokit,BetOnline.ag,Under,1.5,1.51,2026-06-11,2026-06-15
Derrick Lewis,Josh Hokit,1xBet,Over,1.5,2.6,2026-06-11,2026-06-15
Derrick Lewis,Josh Hokit,1xBet,Under,1.5,1.48,2026-06-11,2026-06-15
Derrick Lewis,Josh Hokit,BetAnything,Over,1.5,2.65,2026-06-11,2026-06-15
Derrick Lewis,Josh Hokit,BetAnything,Under,1.5,1.51,2026-06-11,2026-06-15
Derrick Lewis,Josh Hokit,Pinnacle,Over,1.5,2.64,2026-06-11,2026-06-15
Derrick Lewis,Josh Hokit,Pinnacle,Under,1.5,1.49,2026-06-11,2026-06-15
Derrick Lewis,Josh Hokit,PMU (FR),Over,1.5,2.7,2026-06-11,2026-06-15
Derrick Lewis,Josh Hokit,PMU (FR),Under,1.5,1.43,2026-06-11,2026-06-15
Sean O'Malley,Aiemann Zahabi,BetOnline.ag,Over,2.5,1.51,2026-06-11,2026-06-15
Sean O'Malley,Aiemann Zahabi,BetOnline.ag,Under,2.5,2.7,2026-06-11,2026-06-15
Sean O'Malley,Aiemann Zahabi,1xBet,Over,2.5,1.48,2026-06-11,2026-06-15
Sean O'Malley,Aiemann Zahabi,1xBet,Under,2.5,2.6,2026-06-11,2026-06-15
Sean O'Malley,Aiemann Zahabi,Pinnacle,Over,2.5,1.52,2026-06-11,2026-06-15
Sean O'Malley,Aiemann Zahabi,Pinnacle,Under,2.5,2.57,2026-06-11,2026-06-15
Sean O'Malley,Aiemann Zahabi,Coolbet,Over,2.5,1.53,2026-06-11,2026-06-15
Sean O'Malley,Aiemann Zahabi,Coolbet,Under,2.5,2.58,2026-06-11,2026-06-15
Sean O'Malley,Aiemann Zahabi,BetAnything,Over,2.5,1.5,2026-06-11,2026-06-15
Sean O'Malley,Aiemann Zahabi,BetAnything,Under,2.5,2.7,2026-06-11,2026-06-15
Sean O'Malley,Aiemann Zahabi,PMU (FR),Over,2.5,1.43,2026-06-11,2026-06-15
Sean O'Malley,Aiemann Zahabi,PMU (FR),Under,2.5,2.65,2026-06-11,2026-06-15
Alex Pereira,Ciryl Gane,BetOnline.ag,Over,2.5,1.62,2026-06-11,2026-06-15
Alex Pereira,Ciryl Gane,BetOnline.ag,Under,2.5,2.4,2026-06-11,2026-06-15
Alex Pereira,Ciryl Gane,1xBet,Over,3.5,1.95,2026-06-11,2026-06-15
Alex Pereira,Ciryl Gane,1xBet,Under,3.5,1.8,2026-06-11,2026-06-15
Alex Pereira,Ciryl Gane,Pinnacle,Over,2.5,1.63,2026-06-11,2026-06-15
Alex Pereira,Ciryl Gane,Pinnacle,Under,2.5,2.3,2026-06-11,2026-06-15
Alex Pereira,Ciryl Gane,Coolbet,Over,2.5,1.63,2026-06-11,2026-06-15
Alex Pereira,Ciryl Gane,Coolbet,Under,2.5,2.35,2026-06-11,2026-06-15
Alex Pereira,Ciryl Gane,BetAnything,Over,2.5,1.62,2026-06-11,2026-06-15
Alex Pereira,Ciryl Gane,BetAnything,Under,2.5,2.3,2026-06-11,2026-06-15
Alex Pereira,Ciryl Gane,PMU (FR),Over,3.5,2.1,2026-06-11,2026-06-15
Alex Pereira,Ciryl Gane,PMU (FR),Under,3.5,1.68,2026-06-11,2026-06-15
Ilia Topuria,Justin Gaethje,BetOnline.ag,Over,1.5,1.89,2026-06-11,2026-06-15
Ilia Topuria,Justin Gaethje,BetOnline.ag,Under,1.5,1.93,2026-06-11,2026-06-15
Ilia Topuria,Justin Gaethje,Pinnacle,Over,1.5,1.89,2026-06-11,2026-06-15
Ilia Topuria,Justin Gaethje,Pinnacle,Under,1.5,1.93,2026-06-11,2026-06-15
Ilia Topuria,Justin Gaethje,1xBet,Over,1.5,1.87,2026-06-11,2026-06-15
Ilia Topuria,Justin Gaethje,1xBet,Under,1.5,1.87,2026-06-11,2026-06-15
Ilia Topuria,Justin Gaethje,Coolbet,Over,1.5,1.87,2026-06-11,2026-06-15
Ilia Topuria,Justin Gaethje,Coolbet,Under,1.5,1.95,2026-06-11,2026-06-15
Ilia Topuria,Justin Gaethje,BetAnything,Over,1.5,1.87,2026-06-11,2026-06-15
Ilia Topuria,Justin Gaethje,BetAnything,Under,1.5,1.87,2026-06-11,2026-06-15
Ilia Topuria,Justin Gaethje,PMU (FR),Over,1.5,1.91,2026-06-11,2026-06-15
Ilia Topuria,Justin Gaethje,PMU (FR),Under,1.5,1.83,2026-06-11,2026-06-15
Brandon Royval,Lone'er Kavanagh,1xBet,Over,2.5,1.5,2026-06-11,2026-07-12
Brandon Royval,Lone'er Kavanagh,1xBet,Under,2.5,2.48,2026-06-11,2026-07-12
Cory Sandhagen,Mario Bautista,1xBet,Over,2.5,1.4,2026-06-11,2026-07-12
Cory Sandhagen,Mario Bautista,1xBet,Under,2.5,2.8,2026-06-11,2026-07-12
Gable Steveson,Elisha Ellison,1xBet,Over,0.5,1.45,2026-06-11,2026-07-12
Gable Steveson,Elisha Ellison,1xBet,Under,0.5,2.65,2026-06-11,2026-07-12
Paddy Pimblett,Benoit Saint-Denis,1xBet,Over,2.5,2.16,2026-06-11,2026-07-12
Paddy Pimblett,Benoit Saint-Denis,1xBet,Under,2.5,1.65,2026-06-11,2026-07-12
Conor McGregor,Max Holloway,1xBet,Over,2.5,2.05,2026-06-11,2026-07-12
Conor McGregor,Max Holloway,1xBet,Under,2.5,1.77,2026-06-11,2026-07-12
Conor McGregor,Max Holloway,PMU (FR),Over,3.5,2.33,2026-06-11,2026-07-12
Conor McGregor,Max Holloway,PMU (FR),Under,3.5,1.56,2026-06-11,2026-07-12
Jean Do Santos,Demba Seck,BetOnline.ag,Over,1.5,2.1,2026-06-11,2026-06-13
Jean Do Santos,Demba Seck,BetOnline.ag,Under,1.5,1.77,2026-06-11,2026-06-13
Alain Majorique,Dwight Joseph,BetOnline.ag,Over,2.5,1.61,2026-06-11,2026-06-13
Alain Majorique,Dwight Joseph,BetOnline.ag,Under,2.5,2.45,2026-06-11,2026-06-13
Patrick Ocheme,Ayinda Octave,BetOnline.ag,Over,1.5,1.71,2026-06-11,2026-06-13
Patrick Ocheme,Ayinda Octave,BetOnline.ag,Under,1.5,2.2,2026-06-11,2026-06-13
Wasiu Adeshina,Ignacio Campos,BetOnline.ag,Over,1.5,1.65,2026-06-11,2026-06-13
Wasiu Adeshina,Ignacio Campos,BetOnline.ag,Under,1.5,2.35,2026-06-11,2026-06-13
Bo Nickal,Kyle Daukaus,PMU (FR),Over,1.5,1.65,2026-06-11,2026-06-15
Bo Nickal,Kyle Daukaus,PMU (FR),Under,1.5,2.17,2026-06-11,2026-06-15
Jean Do Santos,Demba Seck,BetOnline.ag,Over,1.5,1.77,2026-06-13,2026-06-13
Jean Do Santos,Demba Seck,BetOnline.ag,Under,1.5,2.1,2026-06-13,2026-06-13
Alain Majorique,Dwight Joseph,BetOnline.ag,Over,2.5,1.42,2026-06-13,2026-06-13
Alain Majorique,Dwight Joseph,BetOnline.ag,Under,2.5,3.0,2026-06-13,2026-06-13
Patrick Ocheme,Ayinda Octave,BetOnline.ag,Over,1.5,1.71,2026-06-13,2026-06-13
Patrick Ocheme,Ayinda Octave,BetOnline.ag,Under,1.5,2.2,2026-06-13,2026-06-13
Wasiu Adeshina,Ignacio Campos,BetOnline.ag,Over,1.5,1.54,2026-06-13,2026-06-13
Wasiu Adeshina,Ignacio Campos,BetOnline.ag,Under,1.5,2.61,2026-06-13,2026-06-13
Diego Lopes,Steve Garcia Jr.,BetOnline.ag,Over,1.5,1.77,2026-06-13,2026-06-15
Diego Lopes,Steve Garcia Jr.,BetOnline.ag,Under,1.5,2.1,2026-06-13,2026-06-15
Diego Lopes,Steve Garcia Jr.,1xBet,Over,1.5,1.77,2026-06-13,2026-06-15
Diego Lopes,Steve Garcia Jr.,1xBet,Under,1.5,2.0,2026-06-13,2026-06-15
Diego Lopes,Steve Garcia Jr.,Pinnacle,Over,1.5,1.73,2026-06-13,2026-06-15
Diego Lopes,Steve Garcia Jr.,Pinnacle,Under,1.5,2.13,2026-06-13,2026-06-15
Diego Lopes,Steve Garcia Jr.,Coolbet,Over,1.5,1.77,2026-06-13,2026-06-15
Diego Lopes,Steve Garcia Jr.,Coolbet,Under,1.5,2.1,2026-06-13,2026-06-15
Diego Lopes,Steve Garcia Jr.,BetAnything,Over,1.5,1.71,2026-06-13,2026-06-15
Diego Lopes,Steve Garcia Jr.,BetAnything,Under,1.5,2.1,2026-06-13,2026-06-15
Diego Lopes,Steve Garcia Jr.,PMU (FR),Over,1.5,1.7,2026-06-13,2026-06-15
Diego Lopes,Steve Garcia Jr.,PMU (FR),Under,1.5,2.08,2026-06-13,2026-06-15
Bo Nickal,Kyle Daukaus,BetOnline.ag,Over,1.5,1.61,2026-06-13,2026-06-15
Bo Nickal,Kyle Daukaus,BetOnline.ag,Under,1.5,2.44,2026-06-13,2026-06-15
Bo Nickal,Kyle Daukaus,1xBet,Over,2.5,2.2,2026-06-13,2026-06-15
Bo Nickal,Kyle Daukaus,1xBet,Under,2.5,1.67,2026-06-13,2026-06-15
Bo Nickal,Kyle Daukaus,Pinnacle,Over,1.5,1.64,2026-06-13,2026-06-15
Bo Nickal,Kyle Daukaus,Pinnacle,Under,1.5,2.28,2026-06-13,2026-06-15
Bo Nickal,Kyle Daukaus,Coolbet,Over,1.5,1.62,2026-06-13,2026-06-15
Bo Nickal,Kyle Daukaus,Coolbet,Under,1.5,2.35,2026-06-13,2026-06-15
Bo Nickal,Kyle Daukaus,BetAnything,Over,1.5,1.61,2026-06-13,2026-06-15
Bo Nickal,Kyle Daukaus,BetAnything,Under,1.5,2.34,2026-06-13,2026-06-15
Bo Nickal,Kyle Daukaus,PMU (FR),Over,1.5,1.65,2026-06-13,2026-06-15
Bo Nickal,Kyle Daukaus,PMU (FR),Under,1.5,2.17,2026-06-13,2026-06-15
Mauricio Ruffy,Michael Chandler,BetOnline.ag,Over,1.5,2.05,2026-06-13,2026-06-15
Mauricio Ruffy,Michael Chandler,BetOnline.ag,Under,1.5,1.8,2026-06-13,2026-06-15
Mauricio Ruffy,Michael Chandler,1xBet,Over,1.5,2.05,2026-06-13,2026-06-15
Mauricio Ruffy,Michael Chandler,1xBet,Under,1.5,1.74,2026-06-13,2026-06-15
Mauricio Ruffy,Michael Chandler,Pinnacle,Over,1.5,2.04,2026-06-13,2026-06-15
Mauricio Ruffy,Michael Chandler,Pinnacle,Under,1.5,1.79,2026-06-13,2026-06-15
Mauricio Ruffy,Michael Chandler,Coolbet,Over,1.5,2.1,2026-06-13,2026-06-15
Mauricio Ruffy,Michael Chandler,Coolbet,Under,1.5,1.77,2026-06-13,2026-06-15
Mauricio Ruffy,Michael Chandler,BetAnything,Over,1.5,1.95,2026-06-13,2026-06-15
Mauricio Ruffy,Michael Chandler,BetAnything,Under,1.5,1.8,2026-06-13,2026-06-15
Mauricio Ruffy,Michael Chandler,PMU (FR),Over,1.5,2.02,2026-06-13,2026-06-15
Mauricio Ruffy,Michael Chandler,PMU (FR),Under,1.5,1.73,2026-06-13,2026-06-15
Derrick Lewis,Josh Hokit,Coolbet,Over,1.5,2.65,2026-06-13,2026-06-15
Derrick Lewis,Josh Hokit,Coolbet,Under,1.5,1.5,2026-06-13,2026-06-15
Derrick Lewis,Josh Hokit,BetOnline.ag,Over,1.5,2.7,2026-06-13,2026-06-15
Derrick Lewis,Josh Hokit,BetOnline.ag,Under,1.5,1.51,2026-06-13,2026-06-15
Derrick Lewis,Josh Hokit,1xBet,Over,1.5,2.7,2026-06-13,2026-06-15
Derrick Lewis,Josh Hokit,1xBet,Under,1.5,1.46,2026-06-13,2026-06-15
Derrick Lewis,Josh Hokit,BetAnything,Over,1.5,2.65,2026-06-13,2026-06-15
Derrick Lewis,Josh Hokit,BetAnything,Under,1.5,1.51,2026-06-13,2026-06-15
Derrick Lewis,Josh Hokit,Pinnacle,Over,1.5,2.64,2026-06-13,2026-06-15
Derrick Lewis,Josh Hokit,Pinnacle,Under,1.5,1.5,2026-06-13,2026-06-15
Derrick Lewis,Josh Hokit,PMU (FR),Over,1.5,2.7,2026-06-13,2026-06-15
Derrick Lewis,Josh Hokit,PMU (FR),Under,1.5,1.43,2026-06-13,2026-06-15
Sean O'Malley,Aiemann Zahabi,BetOnline.ag,Over,2.5,1.53,2026-06-13,2026-06-15
Sean O'Malley,Aiemann Zahabi,BetOnline.ag,Under,2.5,2.65,2026-06-13,2026-06-15
Sean O'Malley,Aiemann Zahabi,1xBet,Over,2.5,1.48,2026-06-13,2026-06-15
Sean O'Malley,Aiemann Zahabi,1xBet,Under,2.5,2.6,2026-06-13,2026-06-15
Sean O'Malley,Aiemann Zahabi,Pinnacle,Over,2.5,1.53,2026-06-13,2026-06-15
Sean O'Malley,Aiemann Zahabi,Pinnacle,Under,2.5,2.53,2026-06-13,2026-06-15
Sean O'Malley,Aiemann Zahabi,Coolbet,Over,2.5,1.53,2026-06-13,2026-06-15
Sean O'Malley,Aiemann Zahabi,Coolbet,Under,2.5,2.58,2026-06-13,2026-06-15
Sean O'Malley,Aiemann Zahabi,BetAnything,Over,2.5,1.5,2026-06-13,2026-06-15
Sean O'Malley,Aiemann Zahabi,BetAnything,Under,2.5,2.7,2026-06-13,2026-06-15
Sean O'Malley,Aiemann Zahabi,PMU (FR),Over,2.5,1.44,2026-06-13,2026-06-15
Sean O'Malley,Aiemann Zahabi,PMU (FR),Under,2.5,2.63,2026-06-13,2026-06-15
Alex Pereira,Ciryl Gane,BetOnline.ag,Over,2.5,1.59,2026-06-13,2026-06-15
Alex Pereira,Ciryl Gane,BetOnline.ag,Under,2.5,2.49,2026-06-13,2026-06-15
Alex Pereira,Ciryl Gane,1xBet,Over,3.5,1.91,2026-06-13,2026-06-15
Alex Pereira,Ciryl Gane,1xBet,Under,3.5,1.83,2026-06-13,2026-06-15
Alex Pereira,Ciryl Gane,Pinnacle,Over,2.5,1.6,2026-06-13,2026-06-15
Alex Pereira,Ciryl Gane,Pinnacle,Under,2.5,2.37,2026-06-13,2026-06-15
Alex Pereira,Ciryl Gane,Coolbet,Over,2.5,1.63,2026-06-13,2026-06-15
Alex Pereira,Ciryl Gane,Coolbet,Under,2.5,2.35,2026-06-13,2026-06-15
Alex Pereira,Ciryl Gane,BetAnything,Over,2.5,1.59,2026-06-13,2026-06-15
Alex Pereira,Ciryl Gane,BetAnything,Under,2.5,2.4,2026-06-13,2026-06-15
Alex Pereira,Ciryl Gane,PMU (FR),Over,3.5,2.06,2026-06-13,2026-06-15
Alex Pereira,Ciryl Gane,PMU (FR),Under,3.5,1.72,2026-06-13,2026-06-15
Ilia Topuria,Justin Gaethje,BetOnline.ag,Over,1.5,1.96,2026-06-13,2026-06-15
Ilia Topuria,Justin Gaethje,BetOnline.ag,Under,1.5,1.86,2026-06-13,2026-06-15
Ilia Topuria,Justin Gaethje,Pinnacle,Over,1.5,1.93,2026-06-13,2026-06-15
Ilia Topuria,Justin Gaethje,Pinnacle,Under,1.5,1.89,2026-06-13,2026-06-15
Ilia Topuria,Justin Gaethje,1xBet,Over,1.5,1.91,2026-06-13,2026-06-15
Ilia Topuria,Justin Gaethje,1xBet,Under,1.5,1.83,2026-06-13,2026-06-15
Ilia Topuria,Justin Gaethje,Coolbet,Over,1.5,1.87,2026-06-13,2026-06-15
Ilia Topuria,Justin Gaethje,Coolbet,Under,1.5,1.95,2026-06-13,2026-06-15
Ilia Topuria,Justin Gaethje,BetAnything,Over,1.5,1.87,2026-06-13,2026-06-15
Ilia Topuria,Justin Gaethje,BetAnything,Under,1.5,1.87,2026-06-13,2026-06-15
Ilia Topuria,Justin Gaethje,PMU (FR),Over,1.5,1.97,2026-06-13,2026-06-15
Ilia Topuria,Justin Gaethje,PMU (FR),Under,1.5,1.78,2026-06-13,2026-06-15
Kevin Borjas,Andre Lima,1xBet,Over,2.5,1.63,2026-06-13,2026-06-20
Kevin Borjas,Andre Lima,1xBet,Under,2.5,2.2,2026-06-13,2026-06-20
Melissa Mullins,Beatriz Mesquita,1xBet,Over,1.5,1.68,2026-06-13,2026-06-20
Melissa Mullins,Beatriz Mesquita,1xBet,Under,1.5,2.1,2026-06-13,2026-06-20
Ion Cutelaba,Navajo Stirling,1xBet,Over,1.5,1.45,2026-06-13,2026-06-20
Ion Cutelaba,Navajo Stirling,1xBet,Under,1.5,2.65,2026-06-13,2026-06-20
Luana Santos,Karol Rosa,1xBet,Over,2.5,1.22,2026-06-13,2026-06-20
Luana Santos,Karol Rosa,1xBet,Under,2.5,4.0,2026-06-13,2026-06-20
Murtazali Magomedov,Melsik Baghdasaryan,1xBet,Over,1.5,1.5,2026-06-13,2026-06-20
Murtazali Magomedov,Melsik Baghdasaryan,1xBet,Under,1.5,2.48,2026-06-13,2026-06-20
Manel Kape,Kyoji Horiguchi,1xBet,Over,2.5,1.38,2026-06-13,2026-06-21
Manel Kape,Kyoji Horiguchi,1xBet,Under,2.5,2.9,2026-06-13,2026-06-21
Brandon Royval,Lone'er Kavanagh,1xBet,Over,2.5,1.5,2026-06-13,2026-07-11
Brandon Royval,Lone'er Kavanagh,1xBet,Under,2.5,2.48,2026-06-13,2026-07-11
Gable Steveson,Elisha Ellison,1xBet,Over,0.5,1.45,2026-06-13,2026-07-12
Gable Steveson,Elisha Ellison,1xBet,Under,0.5,2.65,2026-06-13,2026-07-12
Cory Sandhagen,Mario Bautista,1xBet,Over,2.5,1.4,2026-06-13,2026-07-12
Cory Sandhagen,Mario Bautista,1xBet,Under,2.5,2.8,2026-06-13,2026-07-12
Paddy Pimblett,Benoit Saint-Denis,1xBet,Over,2.5,2.16,2026-06-13,2026-07-12
Paddy Pimblett,Benoit Saint-Denis,1xBet,Under,2.5,1.65,2026-06-13,2026-07-12
Conor McGregor,Max Holloway,1xBet,Over,2.5,2.05,2026-06-13,2026-07-12
Conor McGregor,Max Holloway,1xBet,Under,2.5,1.77,2026-06-13,2026-07-12
Conor McGregor,Max Holloway,PMU (FR),Over,3.5,2.33,2026-06-13,2026-07-12
Conor McGregor,Max Holloway,PMU (FR),Under,3.5,1.56,2026-06-13,2026-07-12
Diego Lopes,Steve Garcia Jr.,BetOnline.ag,Over,1.5,1.69,2026-06-14,2026-06-15
Diego Lopes,Steve Garcia Jr.,BetOnline.ag,Under,1.5,2.25,2026-06-14,2026-06-15
Diego Lopes,Steve Garcia Jr.,1xBet,Over,1.5,1.77,2026-06-14,2026-06-15
Diego Lopes,Steve Garcia Jr.,1xBet,Under,1.5,2.0,2026-06-14,2026-06-15
Diego Lopes,Steve Garcia Jr.,Pinnacle,Over,1.5,1.69,2026-06-14,2026-06-15
Diego Lopes,Steve Garcia Jr.,Pinnacle,Under,1.5,2.21,2026-06-14,2026-06-15
Diego Lopes,Steve Garcia Jr.,Coolbet,Over,1.5,1.77,2026-06-14,2026-06-15
Diego Lopes,Steve Garcia Jr.,Coolbet,Under,1.5,2.1,2026-06-14,2026-06-15
Diego Lopes,Steve Garcia Jr.,BetAnything,Over,1.5,1.71,2026-06-14,2026-06-15
Diego Lopes,Steve Garcia Jr.,BetAnything,Under,1.5,2.1,2026-06-14,2026-06-15
Diego Lopes,Steve Garcia Jr.,PMU (FR),Over,1.5,1.79,2026-06-14,2026-06-15
Diego Lopes,Steve Garcia Jr.,PMU (FR),Under,1.5,1.96,2026-06-14,2026-06-15
Bo Nickal,Kyle Daukaus,BetOnline.ag,Over,1.5,1.62,2026-06-14,2026-06-15
Bo Nickal,Kyle Daukaus,BetOnline.ag,Under,1.5,2.4,2026-06-14,2026-06-15
Bo Nickal,Kyle Daukaus,1xBet,Over,2.5,2.2,2026-06-14,2026-06-15
Bo Nickal,Kyle Daukaus,1xBet,Under,2.5,1.67,2026-06-14,2026-06-15
Bo Nickal,Kyle Daukaus,Pinnacle,Over,1.5,1.63,2026-06-14,2026-06-15
Bo Nickal,Kyle Daukaus,Pinnacle,Under,1.5,2.32,2026-06-14,2026-06-15
Bo Nickal,Kyle Daukaus,Coolbet,Over,1.5,1.62,2026-06-14,2026-06-15
Bo Nickal,Kyle Daukaus,Coolbet,Under,1.5,2.35,2026-06-14,2026-06-15
Bo Nickal,Kyle Daukaus,BetAnything,Over,1.5,1.62,2026-06-14,2026-06-15
Bo Nickal,Kyle Daukaus,BetAnything,Under,1.5,2.3,2026-06-14,2026-06-15
Bo Nickal,Kyle Daukaus,PMU (FR),Over,1.5,1.65,2026-06-14,2026-06-15
Bo Nickal,Kyle Daukaus,PMU (FR),Under,1.5,2.17,2026-06-14,2026-06-15
Mauricio Ruffy,Michael Chandler,BetOnline.ag,Over,1.5,2.05,2026-06-14,2026-06-15
Mauricio Ruffy,Michael Chandler,BetOnline.ag,Under,1.5,1.8,2026-06-14,2026-06-15
Mauricio Ruffy,Michael Chandler,1xBet,Over,1.5,2.05,2026-06-14,2026-06-15
Mauricio Ruffy,Michael Chandler,1xBet,Under,1.5,1.74,2026-06-14,2026-06-15
Mauricio Ruffy,Michael Chandler,Pinnacle,Over,1.5,2.05,2026-06-14,2026-06-15
Mauricio Ruffy,Michael Chandler,Pinnacle,Under,1.5,1.8,2026-06-14,2026-06-15
Mauricio Ruffy,Michael Chandler,Coolbet,Over,1.5,2.1,2026-06-14,2026-06-15
Mauricio Ruffy,Michael Chandler,Coolbet,Under,1.5,1.77,2026-06-14,2026-06-15
Mauricio Ruffy,Michael Chandler,BetAnything,Over,1.5,1.95,2026-06-14,2026-06-15
Mauricio Ruffy,Michael Chandler,BetAnything,Under,1.5,1.8,2026-06-14,2026-06-15
Mauricio Ruffy,Michael Chandler,PMU (FR),Over,1.5,2.02,2026-06-14,2026-06-15
Mauricio Ruffy,Michael Chandler,PMU (FR),Under,1.5,1.73,2026-06-14,2026-06-15
Derrick Lewis,Josh Hokit,Coolbet,Over,1.5,2.65,2026-06-14,2026-06-15
Derrick Lewis,Josh Hokit,Coolbet,Under,1.5,1.5,2026-06-14,2026-06-15
Derrick Lewis,Josh Hokit,BetOnline.ag,Over,1.5,2.7,2026-06-14,2026-06-15
Derrick Lewis,Josh Hokit,BetOnline.ag,Under,1.5,1.51,2026-06-14,2026-06-15
Derrick Lewis,Josh Hokit,1xBet,Over,1.5,2.5,2026-06-14,2026-06-15
Derrick Lewis,Josh Hokit,1xBet,Under,1.5,1.53,2026-06-14,2026-06-15
Derrick Lewis,Josh Hokit,BetAnything,Over,1.5,2.65,2026-06-14,2026-06-15
Derrick Lewis,Josh Hokit,BetAnything,Under,1.5,1.51,2026-06-14,2026-06-15
Derrick Lewis,Josh Hokit,Pinnacle,Over,1.5,2.65,2026-06-14,2026-06-15
Derrick Lewis,Josh Hokit,Pinnacle,Under,1.5,1.5,2026-06-14,2026-06-15
Derrick Lewis,Josh Hokit,PMU (FR),Over,1.5,2.7,2026-06-14,2026-06-15
Derrick Lewis,Josh Hokit,PMU (FR),Under,1.5,1.43,2026-06-14,2026-06-15
Sean O'Malley,Aiemann Zahabi,BetOnline.ag,Over,2.5,1.54,2026-06-14,2026-06-15
Sean O'Malley,Aiemann Zahabi,BetOnline.ag,Under,2.5,2.61,2026-06-14,2026-06-15
Sean O'Malley,Aiemann Zahabi,1xBet,Over,2.5,1.48,2026-06-14,2026-06-15
Sean O'Malley,Aiemann Zahabi,1xBet,Under,2.5,2.6,2026-06-14,2026-06-15
Sean O'Malley,Aiemann Zahabi,Pinnacle,Over,2.5,1.54,2026-06-14,2026-06-15
Sean O'Malley,Aiemann Zahabi,Pinnacle,Under,2.5,2.54,2026-06-14,2026-06-15
Sean O'Malley,Aiemann Zahabi,Coolbet,Over,2.5,1.53,2026-06-14,2026-06-15
Sean O'Malley,Aiemann Zahabi,Coolbet,Under,2.5,2.58,2026-06-14,2026-06-15
Sean O'Malley,Aiemann Zahabi,BetAnything,Over,2.5,1.54,2026-06-14,2026-06-15
Sean O'Malley,Aiemann Zahabi,BetAnything,Under,2.5,2.55,2026-06-14,2026-06-15
Sean O'Malley,Aiemann Zahabi,PMU (FR),Over,2.5,1.47,2026-06-14,2026-06-15
Sean O'Malley,Aiemann Zahabi,PMU (FR),Under,2.5,2.55,2026-06-14,2026-06-15
Alex Pereira,Ciryl Gane,BetOnline.ag,Over,2.5,1.59,2026-06-14,2026-06-15
Alex Pereira,Ciryl Gane,BetOnline.ag,Under,2.5,2.49,2026-06-14,2026-06-15
Alex Pereira,Ciryl Gane,1xBet,Over,3.5,1.91,2026-06-14,2026-06-15
Alex Pereira,Ciryl Gane,1xBet,Under,3.5,1.83,2026-06-14,2026-06-15
Alex Pereira,Ciryl Gane,Pinnacle,Over,2.5,1.61,2026-06-14,2026-06-15
Alex Pereira,Ciryl Gane,Pinnacle,Under,2.5,2.38,2026-06-14,2026-06-15
Alex Pereira,Ciryl Gane,Coolbet,Over,2.5,1.63,2026-06-14,2026-06-15
Alex Pereira,Ciryl Gane,Coolbet,Under,2.5,2.35,2026-06-14,2026-06-15
Alex Pereira,Ciryl Gane,BetAnything,Over,2.5,1.59,2026-06-14,2026-06-15
Alex Pereira,Ciryl Gane,BetAnything,Under,2.5,2.4,2026-06-14,2026-06-15
Alex Pereira,Ciryl Gane,PMU (FR),Over,3.5,1.93,2026-06-14,2026-06-15
Alex Pereira,Ciryl Gane,PMU (FR),Under,3.5,1.81,2026-06-14,2026-06-15
Ilia Topuria,Justin Gaethje,BetOnline.ag,Over,1.5,1.87,2026-06-14,2026-06-15
Ilia Topuria,Justin Gaethje,BetOnline.ag,Under,1.5,1.95,2026-06-14,2026-06-15
Ilia Topuria,Justin Gaethje,Pinnacle,Over,1.5,1.88,2026-06-14,2026-06-15
Ilia Topuria,Justin Gaethje,Pinnacle,Under,1.5,1.96,2026-06-14,2026-06-15
Ilia Topuria,Justin Gaethje,1xBet,Over,1.5,1.95,2026-06-14,2026-06-15
Ilia Topuria,Justin Gaethje,1xBet,Under,1.5,1.8,2026-06-14,2026-06-15
Ilia Topuria,Justin Gaethje,Coolbet,Over,1.5,1.87,2026-06-14,2026-06-15
Ilia Topuria,Justin Gaethje,Coolbet,Under,1.5,1.95,2026-06-14,2026-06-15
Ilia Topuria,Justin Gaethje,BetAnything,Over,1.5,1.87,2026-06-14,2026-06-15
Ilia Topuria,Justin Gaethje,BetAnything,Under,1.5,1.87,2026-06-14,2026-06-15
Ilia Topuria,Justin Gaethje,PMU (FR),Over,1.5,2.02,2026-06-14,2026-06-15
Ilia Topuria,Justin Gaethje,PMU (FR),Under,1.5,1.74,2026-06-14,2026-06-15
Kevin Borjas,Andre Lima,1xBet,Over,2.5,1.63,2026-06-14,2026-06-20
Kevin Borjas,Andre Lima,1xBet,Under,2.5,2.2,2026-06-14,2026-06-20
Melissa Mullins,Beatriz Mesquita,1xBet,Over,1.5,1.68,2026-06-14,2026-06-20
Melissa Mullins,Beatriz Mesquita,1xBet,Under,1.5,2.1,2026-06-14,2026-06-20
Ion Cutelaba,Navajo Stirling,1xBet,Over,1.5,1.45,2026-06-14,2026-06-20
Ion Cutelaba,Navajo Stirling,1xBet,Under,1.5,2.65,2026-06-14,2026-06-20
Luana Santos,Karol Rosa,1xBet,Over,2.5,1.22,2026-06-14,2026-06-20
Luana Santos,Karol Rosa,1xBet,Under,2.5,4.0,2026-06-14,2026-06-20
Murtazali Magomedov,Melsik Baghdasaryan,1xBet,Over,1.5,1.5,2026-06-14,2026-06-20
Murtazali Magomedov,Melsik Baghdasaryan,1xBet,Under,1.5,2.48,2026-06-14,2026-06-20
Manel Kape,Kyoji Horiguchi,1xBet,Over,2.5,1.38,2026-06-14,2026-06-21
Manel Kape,Kyoji Horiguchi,1xBet,Under,2.5,2.9,2026-06-14,2026-06-21
Brandon Royval,Lone'er Kavanagh,1xBet,Over,2.5,1.5,2026-06-14,2026-07-11
Brandon Royval,Lone'er Kavanagh,1xBet,Under,2.5,2.48,2026-06-14,2026-07-11
Gable Steveson,Elisha Ellison,1xBet,Over,0.5,1.45,2026-06-14,2026-07-12
Gable Steveson,Elisha Ellison,1xBet,Under,0.5,2.65,2026-06-14,2026-07-12
Cory Sandhagen,Mario Bautista,1xBet,Over,2.5,1.4,2026-06-14,2026-07-12
Cory Sandhagen,Mario Bautista,1xBet,Under,2.5,2.8,2026-06-14,2026-07-12
Paddy Pimblett,Benoit Saint-Denis,1xBet,Over,2.5,2.16,2026-06-14,2026-07-12
Paddy Pimblett,Benoit Saint-Denis,1xBet,Under,2.5,1.65,2026-06-14,2026-07-12
Conor McGregor,Max Holloway,1xBet,Over,2.5,2.05,2026-06-14,2026-07-12
Conor McGregor,Max Holloway,1xBet,Under,2.5,1.77,2026-06-14,2026-07-12
Conor McGregor,Max Holloway,PMU (FR),Over,3.5,2.33,2026-06-14,2026-07-12
Conor McGregor,Max Holloway,PMU (FR),Under,3.5,1.56,2026-06-14,2026-07-12
Mitch Raposo,Allan Nascimento,1xBet,Over,2.5,1.53,2026-06-15,2026-06-20
Mitch Raposo,Allan Nascimento,1xBet,Under,2.5,2.4,2026-06-15,2026-06-20
Kevin Borjas,Andre Lima,1xBet,Over,2.5,1.63,2026-06-15,2026-06-20
Kevin Borjas,Andre Lima,1xBet,Under,2.5,2.2,2026-06-15,2026-06-20
Melissa Mullins,Beatriz Mesquita,1xBet,Over,1.5,1.68,2026-06-15,2026-06-20
Melissa Mullins,Beatriz Mesquita,1xBet,Under,1.5,2.1,2026-06-15,2026-06-20
Ion Cutelaba,Navajo Stirling,1xBet,Over,1.5,1.45,2026-06-15,2026-06-20
Ion Cutelaba,Navajo Stirling,1xBet,Under,1.5,2.65,2026-06-15,2026-06-20
Luana Santos,Karol Rosa,1xBet,Over,2.5,1.22,2026-06-15,2026-06-20
Luana Santos,Karol Rosa,1xBet,Under,2.5,4.0,2026-06-15,2026-06-20
Murtazali Magomedov,Melsik Baghdasaryan,1xBet,Over,1.5,1.5,2026-06-15,2026-06-20
Murtazali Magomedov,Melsik Baghdasaryan,1xBet,Under,1.5,2.48,2026-06-15,2026-06-20
Manel Kape,Kyoji Horiguchi,1xBet,Over,2.5,1.38,2026-06-15,2026-06-21
Manel Kape,Kyoji Horiguchi,1xBet,Under,2.5,2.9,2026-06-15,2026-06-21
Brandon Royval,Lone'er Kavanagh,1xBet,Over,2.5,1.5,2026-06-15,2026-07-11
Brandon Royval,Lone'er Kavanagh,1xBet,Under,2.5,2.48,2026-06-15,2026-07-11
Gable Steveson,Elisha Ellison,1xBet,Over,0.5,1.45,2026-06-15,2026-07-12
Gable Steveson,Elisha Ellison,1xBet,Under,0.5,2.65,2026-06-15,2026-07-12
Cory Sandhagen,Mario Bautista,1xBet,Over,2.5,1.4,2026-06-15,2026-07-12
Cory Sandhagen,Mario Bautista,1xBet,Under,2.5,2.8,2026-06-15,2026-07-12
Paddy Pimblett,Benoit Saint-Denis,1xBet,Over,2.5,2.16,2026-06-15,2026-07-12
Paddy Pimblett,Benoit Saint-Denis,1xBet,Under,2.5,1.65,2026-06-15,2026-07-12
Conor McGregor,Max Holloway,1xBet,Over,2.5,2.05,2026-06-15,2026-07-12
Conor McGregor,Max Holloway,1xBet,Under,2.5,1.77,2026-06-15,2026-07-12
Conor McGregor,Max Holloway,PMU (FR),Over,3.5,2.33,2026-06-15,2026-07-12
Conor McGregor,Max Holloway,PMU (FR),Under,3.5,1.56,2026-06-15,2026-07-12
Mitch Raposo,Allan Nascimento,BetOnline.ag,Over,2.5,1.59,2026-06-16,2026-06-20
Mitch Raposo,Allan Nascimento,BetOnline.ag,Under,2.5,2.49,2026-06-16,2026-06-20
Mitch Raposo,Allan Nascimento,1xBet,Over,2.5,1.53,2026-06-16,2026-06-20
Mitch Raposo,Allan Nascimento,1xBet,Under,2.5,2.4,2026-06-16,2026-06-20
Mitch Raposo,Allan Nascimento,Pinnacle,Over,2.5,1.58,2026-06-16,2026-06-20
Mitch Raposo,Allan Nascimento,Pinnacle,Under,2.5,2.42,2026-06-16,2026-06-20
Mitch Raposo,Allan Nascimento,Coolbet,Over,2.5,1.57,2026-06-16,2026-06-20
Mitch Raposo,Allan Nascimento,Coolbet,Under,2.5,2.5,2026-06-16,2026-06-20
Vinicius Oliveira,Andre Fili,BetOnline.ag,Over,2.5,1.91,2026-06-16,2026-06-20
Vinicius Oliveira,Andre Fili,BetOnline.ag,Under,2.5,1.91,2026-06-16,2026-06-20
Vinicius Oliveira,Andre Fili,Pinnacle,Over,2.5,1.95,2026-06-16,2026-06-20
Vinicius Oliveira,Andre Fili,Pinnacle,Under,2.5,1.87,2026-06-16,2026-06-20
Vinicius Oliveira,Andre Fili,Coolbet,Over,2.5,1.91,2026-06-16,2026-06-20
Vinicius Oliveira,Andre Fili,Coolbet,Under,2.5,1.91,2026-06-16,2026-06-20
Kevin Borjas,Andre Lima,BetOnline.ag,Over,2.5,1.8,2026-06-16,2026-06-20
Kevin Borjas,Andre Lima,BetOnline.ag,Under,2.5,2.05,2026-06-16,2026-06-20
Kevin Borjas,Andre Lima,1xBet,Over,2.5,1.63,2026-06-16,2026-06-20
Kevin Borjas,Andre Lima,1xBet,Under,2.5,2.2,2026-06-16,2026-06-20
Kevin Borjas,Andre Lima,Pinnacle,Over,2.5,1.79,2026-06-16,2026-06-20
Kevin Borjas,Andre Lima,Pinnacle,Under,2.5,2.05,2026-06-16,2026-06-20
Kevin Borjas,Andre Lima,Coolbet,Over,2.5,1.8,2026-06-16,2026-06-20
Kevin Borjas,Andre Lima,Coolbet,Under,2.5,2.05,2026-06-16,2026-06-20
Melissa Mullins,Beatriz Mesquita,BetOnline.ag,Over,1.5,1.91,2026-06-16,2026-06-20
Melissa Mullins,Beatriz Mesquita,BetOnline.ag,Under,1.5,1.91,2026-06-16,2026-06-20
Melissa Mullins,Beatriz Mesquita,1xBet,Over,1.5,1.68,2026-06-16,2026-06-20
Melissa Mullins,Beatriz Mesquita,1xBet,Under,1.5,2.1,2026-06-16,2026-06-20
Melissa Mullins,Beatriz Mesquita,Pinnacle,Over,1.5,1.91,2026-06-16,2026-06-20
Melissa Mullins,Beatriz Mesquita,Pinnacle,Under,1.5,1.91,2026-06-16,2026-06-20
Melissa Mullins,Beatriz Mesquita,Coolbet,Over,1.5,1.91,2026-06-16,2026-06-20
Melissa Mullins,Beatriz Mesquita,Coolbet,Under,1.5,1.91,2026-06-16,2026-06-20
Christian Rodriguez,Hyder Amil,BetOnline.ag,Over,2.5,1.56,2026-06-16,2026-06-20
Christian Rodriguez,Hyder Amil,BetOnline.ag,Under,2.5,2.57,2026-06-16,2026-06-20
Christian Rodriguez,Hyder Amil,1xBet,Over,2.5,1.65,2026-06-16,2026-06-20
Christian Rodriguez,Hyder Amil,1xBet,Under,2.5,2.22,2026-06-16,2026-06-20
Christian Rodriguez,Hyder Amil,Pinnacle,Over,2.5,1.6,2026-06-16,2026-06-20
Christian Rodriguez,Hyder Amil,Pinnacle,Under,2.5,2.37,2026-06-16,2026-06-20
Christian Rodriguez,Hyder Amil,Coolbet,Over,2.5,1.57,2026-06-16,2026-06-20
Christian Rodriguez,Hyder Amil,Coolbet,Under,2.5,2.45,2026-06-16,2026-06-20
Michael Aswell,Gaston Bolanos,BetOnline.ag,Over,2.5,1.62,2026-06-16,2026-06-20
Michael Aswell,Gaston Bolanos,BetOnline.ag,Under,2.5,2.4,2026-06-16,2026-06-20
Michael Aswell,Gaston Bolanos,1xBet,Over,2.5,1.63,2026-06-16,2026-06-20
Michael Aswell,Gaston Bolanos,1xBet,Under,2.5,2.2,2026-06-16,2026-06-20
Michael Aswell,Gaston Bolanos,Pinnacle,Over,2.5,1.62,2026-06-16,2026-06-20
Michael Aswell,Gaston Bolanos,Pinnacle,Under,2.5,2.31,2026-06-16,2026-06-20
Michael Aswell,Gaston Bolanos,Coolbet,Over,2.5,1.62,2026-06-16,2026-06-20
Michael Aswell,Gaston Bolanos,Coolbet,Under,2.5,2.3,2026-06-16,2026-06-20
Ion Cutelaba,Navajo Stirling,BetOnline.ag,Over,1.5,1.57,2026-06-16,2026-06-20
Ion Cutelaba,Navajo Stirling,BetOnline.ag,Under,1.5,2.45,2026-06-16,2026-06-20
Ion Cutelaba,Navajo Stirling,1xBet,Over,2.5,2.1,2026-06-16,2026-06-20
Ion Cutelaba,Navajo Stirling,1xBet,Under,2.5,1.71,2026-06-16,2026-06-20
Ion Cutelaba,Navajo Stirling,Pinnacle,Over,1.5,1.56,2026-06-16,2026-06-20
Ion Cutelaba,Navajo Stirling,Pinnacle,Under,1.5,2.46,2026-06-16,2026-06-20
Ion Cutelaba,Navajo Stirling,Coolbet,Over,1.5,1.57,2026-06-16,2026-06-20
Ion Cutelaba,Navajo Stirling,Coolbet,Under,1.5,2.45,2026-06-16,2026-06-20
Luana Santos,Karol Rosa,BetOnline.ag,Over,2.5,1.2,2026-06-16,2026-06-20
Luana Santos,Karol Rosa,BetOnline.ag,Under,2.5,4.83,2026-06-16,2026-06-20
Luana Santos,Karol Rosa,1xBet,Over,2.5,1.22,2026-06-16,2026-06-20
Luana Santos,Karol Rosa,1xBet,Under,2.5,4.0,2026-06-16,2026-06-20
Luana Santos,Karol Rosa,Pinnacle,Over,2.5,1.19,2026-06-16,2026-06-20
Luana Santos,Karol Rosa,Pinnacle,Under,2.5,4.85,2026-06-16,2026-06-20
Luana Santos,Karol Rosa,Coolbet,Over,2.5,1.2,2026-06-16,2026-06-20
Luana Santos,Karol Rosa,Coolbet,Under,2.5,4.85,2026-06-16,2026-06-20
Levan Chokheli,Leon Shahbazyan,Pinnacle,Over,1.5,2.43,2026-06-16,2026-06-20
Levan Chokheli,Leon Shahbazyan,Pinnacle,Under,1.5,1.57,2026-06-16,2026-06-20
Levan Chokheli,Leon Shahbazyan,Coolbet,Over,1.5,2.35,2026-06-16,2026-06-20
Levan Chokheli,Leon Shahbazyan,Coolbet,Under,1.5,1.62,2026-06-16,2026-06-20
Levan Chokheli,Leon Shahbazyan,1xBet,Over,1.5,2.36,2026-06-16,2026-06-20
Levan Chokheli,Leon Shahbazyan,1xBet,Under,1.5,1.55,2026-06-16,2026-06-20
Levan Chokheli,Leon Shahbazyan,BetOnline.ag,Over,1.5,2.3,2026-06-16,2026-06-20
Levan Chokheli,Leon Shahbazyan,BetOnline.ag,Under,1.5,1.67,2026-06-16,2026-06-20
Murtazali Magomedov,Melsik Baghdasaryan,BetOnline.ag,Over,1.5,1.61,2026-06-16,2026-06-20
Murtazali Magomedov,Melsik Baghdasaryan,BetOnline.ag,Under,1.5,2.45,2026-06-16,2026-06-20
Murtazali Magomedov,Melsik Baghdasaryan,1xBet,Over,2.5,2.15,2026-06-16,2026-06-20
Murtazali Magomedov,Melsik Baghdasaryan,1xBet,Under,2.5,1.69,2026-06-16,2026-06-20
Murtazali Magomedov,Melsik Baghdasaryan,Pinnacle,Over,1.5,1.6,2026-06-16,2026-06-20
Murtazali Magomedov,Melsik Baghdasaryan,Pinnacle,Under,1.5,2.38,2026-06-16,2026-06-20
Murtazali Magomedov,Melsik Baghdasaryan,Coolbet,Over,1.5,1.59,2026-06-16,2026-06-20
Murtazali Magomedov,Melsik Baghdasaryan,Coolbet,Under,1.5,2.45,2026-06-16,2026-06-20
Otari Tanzilovi,Shane Collins,Pinnacle,Over,2.5,1.7,2026-06-16,2026-06-20
Otari Tanzilovi,Shane Collins,Pinnacle,Under,2.5,2.18,2026-06-16,2026-06-20
Otari Tanzilovi,Shane Collins,Coolbet,Over,2.5,1.71,2026-06-16,2026-06-20
Otari Tanzilovi,Shane Collins,Coolbet,Under,2.5,2.2,2026-06-16,2026-06-20
Otari Tanzilovi,Shane Collins,BetOnline.ag,Over,2.5,1.71,2026-06-16,2026-06-20
Otari Tanzilovi,Shane Collins,BetOnline.ag,Under,2.5,2.2,2026-06-16,2026-06-20
Manel Kape,Kyoji Horiguchi,BetOnline.ag,Over,4.5,1.76,2026-06-16,2026-06-21
Manel Kape,Kyoji Horiguchi,BetOnline.ag,Under,4.5,2.11,2026-06-16,2026-06-21
Manel Kape,Kyoji Horiguchi,1xBet,Over,4.5,1.77,2026-06-16,2026-06-21
Manel Kape,Kyoji Horiguchi,1xBet,Under,4.5,2.0,2026-06-16,2026-06-21
Manel Kape,Kyoji Horiguchi,Pinnacle,Over,4.5,1.75,2026-06-16,2026-06-21
Manel Kape,Kyoji Horiguchi,Pinnacle,Under,4.5,2.1,2026-06-16,2026-06-21
Manel Kape,Kyoji Horiguchi,Coolbet,Over,4.5,1.77,2026-06-16,2026-06-21
Manel Kape,Kyoji Horiguchi,Coolbet,Under,4.5,2.1,2026-06-16,2026-06-21
Brandon Royval,Lone'er Kavanagh,1xBet,Over,2.5,1.5,2026-06-16,2026-07-11
Brandon Royval,Lone'er Kavanagh,1xBet,Under,2.5,2.48,2026-06-16,2026-07-11
Gable Steveson,Elisha Ellison,1xBet,Over,0.5,1.45,2026-06-16,2026-07-12
Gable Steveson,Elisha Ellison,1xBet,Under,0.5,2.65,2026-06-16,2026-07-12
Cory Sandhagen,Mario Bautista,1xBet,Over,2.5,1.4,2026-06-16,2026-07-12
Cory Sandhagen,Mario Bautista,1xBet,Under,2.5,2.8,2026-06-16,2026-07-12
Paddy Pimblett,Benoit Saint-Denis,1xBet,Over,2.5,2.16,2026-06-16,2026-07-12
Paddy Pimblett,Benoit Saint-Denis,1xBet,Under,2.5,1.65,2026-06-16,2026-07-12
Conor McGregor,Max Holloway,1xBet,Over,2.5,2.05,2026-06-16,2026-07-12
Conor McGregor,Max Holloway,1xBet,Under,2.5,1.77,2026-06-16,2026-07-12
Conor McGregor,Max Holloway,PMU (FR),Over,3.5,2.33,2026-06-16,2026-07-12
Conor McGregor,Max Holloway,PMU (FR),Under,3.5,1.56,2026-06-16,2026-07-12
Abdulrakhman Yakhyaev,Julius Walker,BetOnline.ag,Over,1.5,2.8,2026-06-23,2026-06-27
Abdulrakhman Yakhyaev,Julius Walker,BetOnline.ag,Under,1.5,1.48,2026-06-23,2026-06-27
Abdulrakhman Yakhyaev,Julius Walker,1xBet,Over,1.5,2.36,2026-06-23,2026-06-27
Abdulrakhman Yakhyaev,Julius Walker,1xBet,Under,1.5,1.55,2026-06-23,2026-06-27
Abdulrakhman Yakhyaev,Julius Walker,Coolbet,Over,1.5,2.8,2026-06-23,2026-06-27
Abdulrakhman Yakhyaev,Julius Walker,Coolbet,Under,1.5,1.46,2026-06-23,2026-06-27
Abusupyian Magomedov,Michal Oleksiejczuk,BetOnline.ag,Over,1.5,1.71,2026-06-23,2026-06-27
Abusupyian Magomedov,Michal Oleksiejczuk,BetOnline.ag,Under,1.5,2.2,2026-06-23,2026-06-27
Abusupyian Magomedov,Michal Oleksiejczuk,1xBet,Over,1.5,1.77,2026-06-23,2026-06-27
Abusupyian Magomedov,Michal Oleksiejczuk,1xBet,Under,1.5,2.0,2026-06-23,2026-06-27
Abusupyian Magomedov,Michal Oleksiejczuk,Pinnacle,Over,1.5,1.76,2026-06-23,2026-06-27
Abusupyian Magomedov,Michal Oleksiejczuk,Pinnacle,Under,1.5,2.08,2026-06-23,2026-06-27
Abusupyian Magomedov,Michal Oleksiejczuk,Coolbet,Over,1.5,1.75,2026-06-23,2026-06-27
Abusupyian Magomedov,Michal Oleksiejczuk,Coolbet,Under,1.5,2.12,2026-06-23,2026-06-27
Abusupyian Magomedov,Michal Oleksiejczuk,PMU (FR),Over,1.5,1.72,2026-06-23,2026-06-27
Abusupyian Magomedov,Michal Oleksiejczuk,PMU (FR),Under,1.5,2.05,2026-06-23,2026-06-27
Nursultan Ruziboev,Andrey Pulyaev,BetOnline.ag,Over,1.5,1.54,2026-06-23,2026-06-27
Nursultan Ruziboev,Andrey Pulyaev,BetOnline.ag,Under,1.5,2.61,2026-06-23,2026-06-27
Nursultan Ruziboev,Andrey Pulyaev,1xBet,Over,2.5,2.08,2026-06-23,2026-06-27
Nursultan Ruziboev,Andrey Pulyaev,1xBet,Under,2.5,1.7,2026-06-23,2026-06-27
Nursultan Ruziboev,Andrey Pulyaev,Pinnacle,Over,1.5,1.52,2026-06-23,2026-06-27
Nursultan Ruziboev,Andrey Pulyaev,Pinnacle,Under,1.5,2.56,2026-06-23,2026-06-27
Nursultan Ruziboev,Andrey Pulyaev,Coolbet,Over,1.5,1.53,2026-06-23,2026-06-27
Nursultan Ruziboev,Andrey Pulyaev,Coolbet,Under,1.5,2.58,2026-06-23,2026-06-27
Asu Almabaev,Charles Johnson,BetOnline.ag,Over,2.5,1.43,2026-06-23,2026-06-27
Asu Almabaev,Charles Johnson,BetOnline.ag,Under,2.5,2.93,2026-06-23,2026-06-27
Asu Almabaev,Charles Johnson,1xBet,Over,2.5,1.36,2026-06-23,2026-06-27
Asu Almabaev,Charles Johnson,1xBet,Under,2.5,3.0,2026-06-23,2026-06-27
Asu Almabaev,Charles Johnson,Pinnacle,Over,2.5,1.42,2026-06-23,2026-06-27
Asu Almabaev,Charles Johnson,Pinnacle,Under,2.5,2.91,2026-06-23,2026-06-27
Asu Almabaev,Charles Johnson,Coolbet,Over,2.5,1.43,2026-06-23,2026-06-27
Asu Almabaev,Charles Johnson,Coolbet,Under,2.5,2.93,2026-06-23,2026-06-27
Asu Almabaev,Charles Johnson,PMU (FR),Over,2.5,1.4,2026-06-23,2026-06-27
Asu Almabaev,Charles Johnson,PMU (FR),Under,2.5,2.8,2026-06-23,2026-06-27
Bekzat Almakhan,Jean Matsumoto,BetOnline.ag,Over,2.5,1.57,2026-06-23,2026-06-27
Bekzat Almakhan,Jean Matsumoto,BetOnline.ag,Under,2.5,2.53,2026-06-23,2026-06-27
Bekzat Almakhan,Jean Matsumoto,1xBet,Over,2.5,1.35,2026-06-23,2026-06-27
Bekzat Almakhan,Jean Matsumoto,1xBet,Under,2.5,3.0,2026-06-23,2026-06-27
Bekzat Almakhan,Jean Matsumoto,Pinnacle,Over,2.5,1.5,2026-06-23,2026-06-27
Bekzat Almakhan,Jean Matsumoto,Pinnacle,Under,2.5,2.62,2026-06-23,2026-06-27
Bekzat Almakhan,Jean Matsumoto,Coolbet,Over,2.5,1.56,2026-06-23,2026-06-27
Bekzat Almakhan,Jean Matsumoto,Coolbet,Under,2.5,2.5,2026-06-23,2026-06-27
Ikram Aliskerov,Brunno Ferreira,BetOnline.ag,Over,1.5,1.95,2026-06-23,2026-06-27
Ikram Aliskerov,Brunno Ferreira,BetOnline.ag,Under,1.5,1.87,2026-06-23,2026-06-27
Ikram Aliskerov,Brunno Ferreira,1xBet,Over,1.5,1.72,2026-06-23,2026-06-27
Ikram Aliskerov,Brunno Ferreira,1xBet,Under,1.5,2.05,2026-06-23,2026-06-27
Ikram Aliskerov,Brunno Ferreira,Pinnacle,Over,1.5,1.93,2026-06-23,2026-06-27
Ikram Aliskerov,Brunno Ferreira,Pinnacle,Under,1.5,1.88,2026-06-23,2026-06-27
Ikram Aliskerov,Brunno Ferreira,Coolbet,Over,1.5,1.95,2026-06-23,2026-06-27
Ikram Aliskerov,Brunno Ferreira,Coolbet,Under,1.5,1.87,2026-06-23,2026-06-27
Ikram Aliskerov,Brunno Ferreira,PMU (FR),Over,1.5,2.02,2026-06-23,2026-06-27
Ikram Aliskerov,Brunno Ferreira,PMU (FR),Under,1.5,1.74,2026-06-23,2026-06-27
Daniil Donchenko,Theodor Berggren,BetOnline.ag,Over,1.5,1.77,2026-06-23,2026-06-27
Daniil Donchenko,Theodor Berggren,BetOnline.ag,Under,1.5,2.1,2026-06-23,2026-06-27
Daniil Donchenko,Theodor Berggren,Pinnacle,Over,1.5,1.75,2026-06-23,2026-06-27
Daniil Donchenko,Theodor Berggren,Pinnacle,Under,1.5,2.1,2026-06-23,2026-06-27
Daniil Donchenko,Theodor Berggren,1xBet,Over,1.5,1.6,2026-06-23,2026-06-27
Daniil Donchenko,Theodor Berggren,1xBet,Under,1.5,2.25,2026-06-23,2026-06-27
Daniil Donchenko,Theodor Berggren,Coolbet,Over,1.5,1.77,2026-06-23,2026-06-27
Daniil Donchenko,Theodor Berggren,Coolbet,Under,1.5,2.1,2026-06-23,2026-06-27
Farman Hasanov,Eric Nolan,BetOnline.ag,Over,2.5,2.53,2026-06-23,2026-06-27
Farman Hasanov,Eric Nolan,BetOnline.ag,Under,2.5,1.57,2026-06-23,2026-06-27
Farman Hasanov,Eric Nolan,1xBet,Over,1.5,1.65,2026-06-23,2026-06-27
Farman Hasanov,Eric Nolan,1xBet,Under,1.5,2.16,2026-06-23,2026-06-27
Farman Hasanov,Eric Nolan,Coolbet,Over,2.5,2.5,2026-06-23,2026-06-27
Farman Hasanov,Eric Nolan,Coolbet,Under,2.5,1.56,2026-06-23,2026-06-27
Kaan Ofli,Javier Reyes Rugeles,BetOnline.ag,Over,2.5,1.91,2026-06-23,2026-06-27
Kaan Ofli,Javier Reyes Rugeles,BetOnline.ag,Under,2.5,1.91,2026-06-23,2026-06-27
Kaan Ofli,Javier Reyes Rugeles,1xBet,Over,2.5,1.78,2026-06-23,2026-06-27
Kaan Ofli,Javier Reyes Rugeles,1xBet,Under,2.5,1.97,2026-06-23,2026-06-27
Kaan Ofli,Javier Reyes Rugeles,Pinnacle,Over,2.5,1.85,2026-06-23,2026-06-27
Kaan Ofli,Javier Reyes Rugeles,Pinnacle,Under,2.5,1.97,2026-06-23,2026-06-27
Kaan Ofli,Javier Reyes Rugeles,Coolbet,Over,2.5,1.86,2026-06-23,2026-06-27
Kaan Ofli,Javier Reyes Rugeles,Coolbet,Under,2.5,1.96,2026-06-23,2026-06-27
Nazim Sadykhov,Matheus Camilo,BetOnline.ag,Over,2.5,2.36,2026-06-23,2026-06-27
Nazim Sadykhov,Matheus Camilo,BetOnline.ag,Under,2.5,1.64,2026-06-23,2026-06-27
Nazim Sadykhov,Matheus Camilo,1xBet,Over,2.5,2.05,2026-06-23,2026-06-27
Nazim Sadykhov,Matheus Camilo,1xBet,Under,2.5,1.72,2026-06-23,2026-06-27
Nazim Sadykhov,Matheus Camilo,Pinnacle,Over,2.5,2.36,2026-06-23,2026-06-27
Nazim Sadykhov,Matheus Camilo,Pinnacle,Under,2.5,1.6,2026-06-23,2026-06-27
Nazim Sadykhov,Matheus Camilo,Coolbet,Over,2.5,2.36,2026-06-23,2026-06-27
Nazim Sadykhov,Matheus Camilo,Coolbet,Under,2.5,1.62,2026-06-23,2026-06-27
Nazim Sadykhov,Matheus Camilo,PMU (FR),Over,1.5,1.66,2026-06-23,2026-06-27
Nazim Sadykhov,Matheus Camilo,PMU (FR),Under,1.5,2.15,2026-06-23,2026-06-27
Shara Magomedov,Michel Pereira,BetOnline.ag,Over,1.5,1.47,2026-06-23,2026-06-27
Shara Magomedov,Michel Pereira,BetOnline.ag,Under,1.5,2.83,2026-06-23,2026-06-27
Shara Magomedov,Michel Pereira,1xBet,Over,2.5,1.72,2026-06-23,2026-06-27
Shara Magomedov,Michel Pereira,1xBet,Under,2.5,2.05,2026-06-23,2026-06-27
Shara Magomedov,Michel Pereira,Pinnacle,Over,1.5,1.43,2026-06-23,2026-06-27
Shara Magomedov,Michel Pereira,Pinnacle,Under,1.5,2.88,2026-06-23,2026-06-27
Shara Magomedov,Michel Pereira,Coolbet,Over,1.5,1.45,2026-06-23,2026-06-27
Shara Magomedov,Michel Pereira,Coolbet,Under,1.5,2.83,2026-06-23,2026-06-27
Shara Magomedov,Michel Pereira,PMU (FR),Over,2.5,1.83,2026-06-23,2026-06-27
Shara Magomedov,Michel Pereira,PMU (FR),Under,2.5,1.89,2026-06-23,2026-06-27
Rafael Fiziev,Manuel Torres,1xBet,Over,1.5,1.73,2026-06-23,2026-06-27
Rafael Fiziev,Manuel Torres,1xBet,Under,1.5,2.03,2026-06-23,2026-06-27
Rafael Fiziev,Manuel Torres,BetOnline.ag,Over,1.5,1.76,2026-06-23,2026-06-27
Rafael Fiziev,Manuel Torres,BetOnline.ag,Under,1.5,2.12,2026-06-23,2026-06-27
Rafael Fiziev,Manuel Torres,Pinnacle,Over,1.5,1.74,2026-06-23,2026-06-27
Rafael Fiziev,Manuel Torres,Pinnacle,Under,1.5,2.12,2026-06-23,2026-06-27
Rafael Fiziev,Manuel Torres,Coolbet,Over,1.5,1.75,2026-06-23,2026-06-27
Rafael Fiziev,Manuel Torres,Coolbet,Under,1.5,2.12,2026-06-23,2026-06-27
Rafael Fiziev,Manuel Torres,PMU (FR),Over,1.5,1.77,2026-06-23,2026-06-27
Rafael Fiziev,Manuel Torres,PMU (FR),Under,1.5,1.97,2026-06-23,2026-06-27
Brandon Royval,Lone'er Kavanagh,1xBet,Over,2.5,1.5,2026-06-23,2026-07-11
Brandon Royval,Lone'er Kavanagh,1xBet,Under,2.5,2.48,2026-06-23,2026-07-11
Gable Steveson,Elisha Ellison,1xBet,Over,0.5,1.45,2026-06-23,2026-07-12
Gable Steveson,Elisha Ellison,1xBet,Under,0.5,2.65,2026-06-23,2026-07-12
Cory Sandhagen,Mario Bautista,1xBet,Over,2.5,1.4,2026-06-23,2026-07-12
Cory Sandhagen,Mario Bautista,1xBet,Under,2.5,2.8,2026-06-23,2026-07-12
Paddy Pimblett,Benoit Saint-Denis,1xBet,Over,2.5,2.16,2026-06-23,2026-07-12
Paddy Pimblett,Benoit Saint-Denis,1xBet,Under,2.5,1.65,2026-06-23,2026-07-12
Conor McGregor,Max Holloway,1xBet,Over,2.5,2.05,2026-06-23,2026-07-12
Conor McGregor,Max Holloway,1xBet,Under,2.5,1.77,2026-06-23,2026-07-12
Conor McGregor,Max Holloway,PMU (FR),Over,2.5,1.73,2026-06-23,2026-07-12
Conor McGregor,Max Holloway,PMU (FR),Under,2.5,2.04,2026-06-23,2026-07-12
Asu Almabaev,Charles Johnson,BetOnline.ag,Over,2.5,1.36,2026-06-27,2026-06-27
Asu Almabaev,Charles Johnson,BetOnline.ag,Under,2.5,3.3,2026-06-27,2026-06-27
Asu Almabaev,Charles Johnson,Coolbet,Over,2.5,1.41,2026-06-27,2026-06-27
Asu Almabaev,Charles Johnson,Coolbet,Under,2.5,2.85,2026-06-27,2026-06-27
Asu Almabaev,Charles Johnson,BetAnything,Over,2.5,1.4,2026-06-27,2026-06-27
Asu Almabaev,Charles Johnson,BetAnything,Under,2.5,3.0,2026-06-27,2026-06-27
Asu Almabaev,Charles Johnson,PMU (FR),Over,2.5,1.02,2026-06-27,2026-06-27
Asu Almabaev,Charles Johnson,PMU (FR),Under,2.5,6.75,2026-06-27,2026-06-27
Nazim Sadykhov,Matheus Camilo,BetOnline.ag,Over,2.5,1.95,2026-06-27,2026-06-27
Nazim Sadykhov,Matheus Camilo,BetOnline.ag,Under,2.5,1.87,2026-06-27,2026-06-27
Nazim Sadykhov,Matheus Camilo,1xBet,Over,2.5,2.25,2026-06-27,2026-06-27
Nazim Sadykhov,Matheus Camilo,1xBet,Under,2.5,1.6,2026-06-27,2026-06-27
Nazim Sadykhov,Matheus Camilo,Pinnacle,Over,2.5,2.01,2026-06-27,2026-06-27
Nazim Sadykhov,Matheus Camilo,Pinnacle,Under,2.5,1.85,2026-06-27,2026-06-27
Nazim Sadykhov,Matheus Camilo,Coolbet,Over,2.5,1.97,2026-06-27,2026-06-27
Nazim Sadykhov,Matheus Camilo,Coolbet,Under,2.5,1.87,2026-06-27,2026-06-27
Nazim Sadykhov,Matheus Camilo,BetAnything,Over,2.5,1.87,2026-06-27,2026-06-27
Nazim Sadykhov,Matheus Camilo,BetAnything,Under,2.5,1.87,2026-06-27,2026-06-27
Nazim Sadykhov,Matheus Camilo,PMU (FR),Over,2.5,2.12,2026-06-27,2026-06-27
Nazim Sadykhov,Matheus Camilo,PMU (FR),Under,2.5,1.68,2026-06-27,2026-06-27
Shara Magomedov,Michel Pereira,BetOnline.ag,Over,1.5,1.32,2026-06-27,2026-06-27
Shara Magomedov,Michel Pereira,BetOnline.ag,Under,1.5,3.52,2026-06-27,2026-06-27
Shara Magomedov,Michel Pereira,1xBet,Over,2.5,1.82,2026-06-27,2026-06-27
Shara Magomedov,Michel Pereira,1xBet,Under,2.5,1.92,2026-06-27,2026-06-27
Shara Magomedov,Michel Pereira,Pinnacle,Over,1.5,1.38,2026-06-27,2026-06-27
Shara Magomedov,Michel Pereira,Pinnacle,Under,1.5,3.18,2026-06-27,2026-06-27
Shara Magomedov,Michel Pereira,Coolbet,Over,1.5,1.38,2026-06-27,2026-06-27
Shara Magomedov,Michel Pereira,Coolbet,Under,1.5,3.2,2026-06-27,2026-06-27
Shara Magomedov,Michel Pereira,BetAnything,Over,2.5,1.77,2026-06-27,2026-06-27
Shara Magomedov,Michel Pereira,BetAnything,Under,2.5,2.0,2026-06-27,2026-06-27
Shara Magomedov,Michel Pereira,PMU (FR),Over,2.5,1.71,2026-06-27,2026-06-27
Shara Magomedov,Michel Pereira,PMU (FR),Under,2.5,2.07,2026-06-27,2026-06-27
Jordan Vucenic,Nonato Junior,BetOnline.ag,Over,1.5,5.75,2026-06-27,2026-06-27
Jordan Vucenic,Nonato Junior,BetOnline.ag,Under,1.5,1.15,2026-06-27,2026-06-27
Tariq Pell,Luan Duarte,BetOnline.ag,Over,1.5,1.59,2026-06-27,2026-06-27
Tariq Pell,Luan Duarte,BetOnline.ag,Under,1.5,2.49,2026-06-27,2026-06-27
Rafael Fiziev,Manuel Torres,1xBet,Over,1.5,1.69,2026-06-27,2026-06-27
Rafael Fiziev,Manuel Torres,1xBet,Under,1.5,2.1,2026-06-27,2026-06-27
Rafael Fiziev,Manuel Torres,BetOnline.ag,Over,1.5,1.87,2026-06-27,2026-06-27
Rafael Fiziev,Manuel Torres,BetOnline.ag,Under,1.5,1.95,2026-06-27,2026-06-27
Rafael Fiziev,Manuel Torres,Pinnacle,Over,1.5,1.89,2026-06-27,2026-06-27
Rafael Fiziev,Manuel Torres,Pinnacle,Under,1.5,1.96,2026-06-27,2026-06-27
Rafael Fiziev,Manuel Torres,Coolbet,Over,1.5,1.86,2026-06-27,2026-06-27
Rafael Fiziev,Manuel Torres,Coolbet,Under,1.5,2.0,2026-06-27,2026-06-27
Rafael Fiziev,Manuel Torres,BetAnything,Over,1.5,1.87,2026-06-27,2026-06-27
Rafael Fiziev,Manuel Torres,BetAnything,Under,1.5,1.87,2026-06-27,2026-06-27
Rafael Fiziev,Manuel Torres,PMU (FR),Over,1.5,1.78,2026-06-27,2026-06-27
Rafael Fiziev,Manuel Torres,PMU (FR),Under,1.5,1.97,2026-06-27,2026-06-27
Ollie Sarwa,Pietro Mochetti,BetOnline.ag,Over,1.5,2.05,2026-06-27,2026-06-27
Ollie Sarwa,Pietro Mochetti,BetOnline.ag,Under,1.5,1.8,2026-06-27,2026-06-27
Nik Bagley,Aiden Lee,BetOnline.ag,Over,1.5,1.62,2026-06-27,2026-06-27
Nik Bagley,Aiden Lee,BetOnline.ag,Under,1.5,2.4,2026-06-27,2026-06-27
Cobey Fehr,Daniel Bzdigian,BetOnline.ag,Over,1.5,2.5,2026-06-27,2026-06-27
Cobey Fehr,Daniel Bzdigian,BetOnline.ag,Under,1.5,1.56,2026-06-27,2026-06-27
Shannon Clark,Ilara Joanne,BetOnline.ag,Over,2.5,1.54,2026-06-27,2026-06-27
Shannon Clark,Ilara Joanne,BetOnline.ag,Under,2.5,2.61,2026-06-27,2026-06-27
Ariane Lipski,Jena Bishop,BetOnline.ag,Over,2.5,1.77,2026-06-27,2026-06-28
Ariane Lipski,Jena Bishop,BetOnline.ag,Under,2.5,2.1,2026-06-27,2026-06-28
Khasan Magomedsharipov,Joshua Weems,BetOnline.ag,Over,1.5,3.8,2026-06-27,2026-06-28
Khasan Magomedsharipov,Joshua Weems,BetOnline.ag,Under,1.5,1.29,2026-06-27,2026-06-28
Abraham Bably,Rob Wilkinson,BetOnline.ag,Over,1.5,1.83,2026-06-27,2026-06-28
Abraham Bably,Rob Wilkinson,BetOnline.ag,Under,1.5,2.0,2026-06-27,2026-06-28
Alexander Shabliy,Alfie Davis,BetOnline.ag,Over,2.5,1.4,2026-06-27,2026-06-28
Alexander Shabliy,Alfie Davis,BetOnline.ag,Under,2.5,3.07,2026-06-27,2026-06-28
Liz Carmouche,Viviane Araujo,BetOnline.ag,Over,2.5,1.31,2026-06-27,2026-06-28
Liz Carmouche,Viviane Araujo,BetOnline.ag,Under,2.5,3.63,2026-06-27,2026-06-28
AJ McKee,Salamat Isbulaev,BetOnline.ag,Over,2.5,1.61,2026-06-27,2026-06-28
AJ McKee,Salamat Isbulaev,BetOnline.ag,Under,2.5,2.45,2026-06-27,2026-06-28
Brandon Royval,Lone'er Kavanagh,1xBet,Over,2.5,1.5,2026-06-27,2026-07-11
Brandon Royval,Lone'er Kavanagh,1xBet,Under,2.5,2.48,2026-06-27,2026-07-11
Gable Steveson,Elisha Ellison,1xBet,Over,0.5,1.45,2026-06-27,2026-07-12
Gable Steveson,Elisha Ellison,1xBet,Under,0.5,2.65,2026-06-27,2026-07-12
Cory Sandhagen,Mario Bautista,1xBet,Over,2.5,1.4,2026-06-27,2026-07-12
Cory Sandhagen,Mario Bautista,1xBet,Under,2.5,2.8,2026-06-27,2026-07-12
Paddy Pimblett,Benoit Saint-Denis,1xBet,Over,2.5,2.16,2026-06-27,2026-07-12
Paddy Pimblett,Benoit Saint-Denis,1xBet,Under,2.5,1.65,2026-06-27,2026-07-12
Conor McGregor,Max Holloway,1xBet,Over,2.5,1.75,2026-06-27,2026-07-12
Conor McGregor,Max Holloway,1xBet,Under,2.5,2.08,2026-06-27,2026-07-12
Conor McGregor,Max Holloway,PMU (FR),Over,2.5,1.81,2026-06-27,2026-07-12
Conor McGregor,Max Holloway,PMU (FR),Under,2.5,1.93,2026-06-27,2026-07-12
Brandon Royval,Lone'er Kavanagh,1xBet,Over,2.5,1.5,2026-06-29,2026-07-11
Brandon Royval,Lone'er Kavanagh,1xBet,Under,2.5,2.48,2026-06-29,2026-07-11
Gable Steveson,Elisha Ellison,1xBet,Over,0.5,1.45,2026-06-29,2026-07-12
Gable Steveson,Elisha Ellison,1xBet,Under,0.5,2.65,2026-06-29,2026-07-12
Cory Sandhagen,Mario Bautista,1xBet,Over,2.5,1.4,2026-06-29,2026-07-12
Cory Sandhagen,Mario Bautista,1xBet,Under,2.5,2.8,2026-06-29,2026-07-12
Paddy Pimblett,Benoit Saint-Denis,1xBet,Over,2.5,2.16,2026-06-29,2026-07-12
Paddy Pimblett,Benoit Saint-Denis,1xBet,Under,2.5,1.65,2026-06-29,2026-07-12
Conor McGregor,Max Holloway,1xBet,Over,2.5,1.9,2026-06-29,2026-07-12
Conor McGregor,Max Holloway,1xBet,Under,2.5,1.9,2026-06-29,2026-07-12
Conor McGregor,Max Holloway,PMU (FR),Over,2.5,1.88,2026-06-29,2026-07-12
Conor McGregor,Max Holloway,PMU (FR),Under,2.5,1.85,2026-06-29,2026-07-12
Gable Steveson,Elisha Ellison,1xBet,Over,0.5,1.45,2026-07-01,2026-07-12
Gable Steveson,Elisha Ellison,1xBet,Under,0.5,2.65,2026-07-01,2026-07-12
Brandon Royval,Lone'er Kavanagh,1xBet,Over,2.5,1.5,2026-07-01,2026-07-12
Brandon Royval,Lone'er Kavanagh,1xBet,Under,2.5,2.48,2026-07-01,2026-07-12
Cory Sandhagen,Mario Bautista,1xBet,Over,2.5,1.4,2026-07-01,2026-07-12
Cory Sandhagen,Mario Bautista,1xBet,Under,2.5,2.8,2026-07-01,2026-07-12
Paddy Pimblett,Benoit Saint-Denis,1xBet,Over,2.5,2.16,2026-07-01,2026-07-12
Paddy Pimblett,Benoit Saint-Denis,1xBet,Under,2.5,1.65,2026-07-01,2026-07-12
Conor McGregor,Max Holloway,1xBet,Over,2.5,1.9,2026-07-01,2026-07-12
Conor McGregor,Max Holloway,1xBet,Under,2.5,1.9,2026-07-01,2026-07-12
Conor McGregor,Max Holloway,PMU (FR),Over,2.5,1.88,2026-07-01,2026-07-12
Conor McGregor,Max Holloway,PMU (FR),Under,2.5,1.85,2026-07-01,2026-07-12
Paddy Pimblett,Benoit Saint-Denis,1xBet,Over,2.5,2.16,2026-07-02,2026-07-11
Paddy Pimblett,Benoit Saint-Denis,1xBet,Under,2.5,1.65,2026-07-02,2026-07-11
Paddy Pimblett,Benoit Saint-Denis,PMU (FR),Over,2.5,2.25,2026-07-02,2026-07-11
Paddy Pimblett,Benoit Saint-Denis,PMU (FR),Under,2.5,1.6,2026-07-02,2026-07-11
Max Holloway,Conor McGregor,1xBet,Over,2.5,1.9,2026-07-02,2026-07-11
Max Holloway,Conor McGregor,1xBet,Under,2.5,1.9,2026-07-02,2026-07-11
Max Holloway,Conor McGregor,Pinnacle,Over,2.5,1.93,2026-07-02,2026-07-11
Max Holloway,Conor McGregor,Pinnacle,Under,2.5,1.88,2026-07-02,2026-07-11
Max Holloway,Conor McGregor,PMU (FR),Over,2.5,1.88,2026-07-02,2026-07-11
Max Holloway,Conor McGregor,PMU (FR),Under,2.5,1.85,2026-07-02,2026-07-11
Gable Steveson,Elisha Ellison,1xBet,Over,0.5,1.45,2026-07-02,2026-07-12
Gable Steveson,Elisha Ellison,1xBet,Under,0.5,2.65,2026-07-02,2026-07-12
Brandon Royval,Lone'er Kavanagh,1xBet,Over,2.5,1.5,2026-07-02,2026-07-12
Brandon Royval,Lone'er Kavanagh,1xBet,Under,2.5,2.48,2026-07-02,2026-07-12
Cory Sandhagen,Mario Bautista,1xBet,Over,2.5,1.4,2026-07-02,2026-07-12
Cory Sandhagen,Mario Bautista,1xBet,Under,2.5,2.8,2026-07-02,2026-07-12
Paddy Pimblett,Benoit Saint-Denis,BetOnline.ag,Over,2.5,2.2,2026-07-03,2026-07-11
Paddy Pimblett,Benoit Saint-Denis,BetOnline.ag,Under,2.5,1.71,2026-07-03,2026-07-11
Paddy Pimblett,Benoit Saint-Denis,1xBet,Over,2.5,2.16,2026-07-03,2026-07-11
Paddy Pimblett,Benoit Saint-Denis,1xBet,Under,2.5,1.65,2026-07-03,2026-07-11
Paddy Pimblett,Benoit Saint-Denis,PMU (FR),Over,2.5,2.25,2026-07-03,2026-07-11
Paddy Pimblett,Benoit Saint-Denis,PMU (FR),Under,2.5,1.6,2026-07-03,2026-07-11
Max Holloway,Conor McGregor,1xBet,Over,2.5,1.9,2026-07-03,2026-07-11
Max Holloway,Conor McGregor,1xBet,Under,2.5,1.9,2026-07-03,2026-07-11
Max Holloway,Conor McGregor,BetOnline.ag,Over,2.5,2.1,2026-07-03,2026-07-11
Max Holloway,Conor McGregor,BetOnline.ag,Under,2.5,1.77,2026-07-03,2026-07-11
Max Holloway,Conor McGregor,Pinnacle,Over,2.5,1.97,2026-07-03,2026-07-11
Max Holloway,Conor McGregor,Pinnacle,Under,2.5,1.85,2026-07-03,2026-07-11
Max Holloway,Conor McGregor,PMU (FR),Over,2.5,1.88,2026-07-03,2026-07-11
Max Holloway,Conor McGregor,PMU (FR),Under,2.5,1.85,2026-07-03,2026-07-11
King Green,Terrance Mckinney,BetOnline.ag,Over,1.5,3.45,2026-07-03,2026-07-12
King Green,Terrance Mckinney,BetOnline.ag,Under,1.5,1.33,2026-07-03,2026-07-12
Gable Steveson,Elisha Ellison,1xBet,Over,0.5,1.45,2026-07-03,2026-07-12
Gable Steveson,Elisha Ellison,1xBet,Under,0.5,2.65,2026-07-03,2026-07-12
Brandon Royval,Lone'er Kavanagh,BetOnline.ag,Over,2.5,1.56,2026-07-03,2026-07-12
Brandon Royval,Lone'er Kavanagh,BetOnline.ag,Under,2.5,2.57,2026-07-03,2026-07-12
Brandon Royval,Lone'er Kavanagh,1xBet,Over,2.5,1.5,2026-07-03,2026-07-12
Brandon Royval,Lone'er Kavanagh,1xBet,Under,2.5,2.48,2026-07-03,2026-07-12
Cory Sandhagen,Mario Bautista,BetOnline.ag,Over,2.5,1.39,2026-07-03,2026-07-12
Cory Sandhagen,Mario Bautista,BetOnline.ag,Under,2.5,3.11,2026-07-03,2026-07-12
Cory Sandhagen,Mario Bautista,1xBet,Over,2.5,1.4,2026-07-03,2026-07-12
Cory Sandhagen,Mario Bautista,1xBet,Under,2.5,2.8,2026-07-03,2026-07-12
Damiano Scogna,Rony Henrique,BetOnline.ag,Over,2.5,1.8,2026-07-04,2026-07-04
Damiano Scogna,Rony Henrique,BetOnline.ag,Under,2.5,2.05,2026-07-04,2026-07-04
Oscar Ownsworth,Gabriele Galluccio,BetOnline.ag,Over,2.5,1.71,2026-07-04,2026-07-04
Oscar Ownsworth,Gabriele Galluccio,BetOnline.ag,Under,2.5,2.2,2026-07-04,2026-07-04
Norbert Pietrzak,Nell Ariano,BetOnline.ag,Over,1.5,1.56,2026-07-04,2026-07-04
Norbert Pietrzak,Nell Ariano,BetOnline.ag,Under,1.5,2.57,2026-07-04,2026-07-04
Stevie Lee,Vladimir Stanca,BetOnline.ag,Over,1.5,2.05,2026-07-04,2026-07-04
Stevie Lee,Vladimir Stanca,BetOnline.ag,Under,1.5,1.8,2026-07-04,2026-07-04
George Hardwick,Nicolas Savio,BetOnline.ag,Over,2.5,1.83,2026-07-04,2026-07-04
George Hardwick,Nicolas Savio,BetOnline.ag,Under,2.5,2.0,2026-07-04,2026-07-04
Paddy Pimblett,Benoit Saint-Denis,BetOnline.ag,Over,2.5,2.49,2026-07-04,2026-07-11
Paddy Pimblett,Benoit Saint-Denis,BetOnline.ag,Under,2.5,1.59,2026-07-04,2026-07-11
Paddy Pimblett,Benoit Saint-Denis,1xBet,Over,2.5,2.16,2026-07-04,2026-07-11
Paddy Pimblett,Benoit Saint-Denis,1xBet,Under,2.5,1.65,2026-07-04,2026-07-11
Paddy Pimblett,Benoit Saint-Denis,PMU (FR),Over,2.5,2.25,2026-07-04,2026-07-11
Paddy Pimblett,Benoit Saint-Denis,PMU (FR),Under,2.5,1.6,2026-07-04,2026-07-11
Paddy Pimblett,Benoit Saint-Denis,Pinnacle,Over,2.5,2.39,2026-07-04,2026-07-11
Paddy Pimblett,Benoit Saint-Denis,Pinnacle,Under,2.5,1.59,2026-07-04,2026-07-11
Max Holloway,Conor McGregor,1xBet,Over,2.5,1.9,2026-07-04,2026-07-11
Max Holloway,Conor McGregor,1xBet,Under,2.5,1.9,2026-07-04,2026-07-11
Max Holloway,Conor McGregor,BetOnline.ag,Over,2.5,2.15,2026-07-04,2026-07-11
Max Holloway,Conor McGregor,BetOnline.ag,Under,2.5,1.74,2026-07-04,2026-07-11
Max Holloway,Conor McGregor,Pinnacle,Over,2.5,2.05,2026-07-04,2026-07-11
Max Holloway,Conor McGregor,Pinnacle,Under,2.5,1.79,2026-07-04,2026-07-11
Max Holloway,Conor McGregor,PMU (FR),Over,2.5,1.88,2026-07-04,2026-07-11
Max Holloway,Conor McGregor,PMU (FR),Under,2.5,1.85,2026-07-04,2026-07-11
Cody Durden,Alessandro Costa,BetOnline.ag,Over,1.5,1.54,2026-07-04,2026-07-11
Cody Durden,Alessandro Costa,BetOnline.ag,Under,1.5,2.61,2026-07-04,2026-07-11
Cody Durden,Alessandro Costa,1xBet,Over,2.5,2.16,2026-07-04,2026-07-11
Cody Durden,Alessandro Costa,1xBet,Under,2.5,1.65,2026-07-04,2026-07-11
Ryan Gandra,Zachary Reese,BetOnline.ag,Over,1.5,2.53,2026-07-04,2026-07-11
Ryan Gandra,Zachary Reese,BetOnline.ag,Under,1.5,1.57,2026-07-04,2026-07-11
Ryan Gandra,Zachary Reese,1xBet,Over,1.5,2.08,2026-07-04,2026-07-11
Ryan Gandra,Zachary Reese,1xBet,Under,1.5,1.7,2026-07-04,2026-07-11
Damian Pinas,Cesar Almeida,BetOnline.ag,Over,1.5,1.71,2026-07-04,2026-07-11
Damian Pinas,Cesar Almeida,BetOnline.ag,Under,1.5,2.2,2026-07-04,2026-07-11
Damian Pinas,Cesar Almeida,1xBet,Over,1.5,1.75,2026-07-04,2026-07-11
Damian Pinas,Cesar Almeida,1xBet,Under,1.5,2.0,2026-07-04,2026-07-11
Tracy Cortez,Wang Cong,BetOnline.ag,Over,2.5,1.38,2026-07-04,2026-07-11
Tracy Cortez,Wang Cong,BetOnline.ag,Under,2.5,3.19,2026-07-04,2026-07-11
Tracy Cortez,Wang Cong,1xBet,Over,2.5,1.3,2026-07-04,2026-07-11
Tracy Cortez,Wang Cong,1xBet,Under,2.5,3.3,2026-07-04,2026-07-11
Luke Riley,Kai Kamaka,1xBet,Over,2.5,1.5,2026-07-04,2026-07-11
Luke Riley,Kai Kamaka,1xBet,Under,2.5,2.48,2026-07-04,2026-07-11
Cody Garbrandt,Adrian Yanez,BetOnline.ag,Over,1.5,1.51,2026-07-04,2026-07-11
Cody Garbrandt,Adrian Yanez,BetOnline.ag,Under,1.5,2.7,2026-07-04,2026-07-11
Cody Garbrandt,Adrian Yanez,1xBet,Over,2.5,2.05,2026-07-04,2026-07-11
Cody Garbrandt,Adrian Yanez,1xBet,Under,2.5,1.72,2026-07-04,2026-07-11
Gable Steveson,Elisha Ellison,BetOnline.ag,Over,1.5,4.75,2026-07-04,2026-07-12
Gable Steveson,Elisha Ellison,BetOnline.ag,Under,1.5,1.2,2026-07-04,2026-07-12
Robert Whittaker,Nikita Krylov,BetOnline.ag,Over,1.5,1.5,2026-07-04,2026-07-12
Robert Whittaker,Nikita Krylov,BetOnline.ag,Under,1.5,2.74,2026-07-04,2026-07-12
Robert Whittaker,Nikita Krylov,1xBet,Over,1.5,1.5,2026-07-04,2026-07-12
Robert Whittaker,Nikita Krylov,1xBet,Under,1.5,2.48,2026-07-04,2026-07-12
King Green,Terrance Mckinney,BetOnline.ag,Over,1.5,3.89,2026-07-04,2026-07-12
King Green,Terrance Mckinney,BetOnline.ag,Under,1.5,1.28,2026-07-04,2026-07-12
King Green,Terrance Mckinney,1xBet,Over,0.5,1.55,2026-07-04,2026-07-12
King Green,Terrance Mckinney,1xBet,Under,0.5,2.36,2026-07-04,2026-07-12
Brandon Royval,Lone'er Kavanagh,BetOnline.ag,Over,2.5,1.56,2026-07-04,2026-07-12
Brandon Royval,Lone'er Kavanagh,BetOnline.ag,Under,2.5,2.57,2026-07-04,2026-07-12
Brandon Royval,Lone'er Kavanagh,1xBet,Over,2.5,1.5,2026-07-04,2026-07-12
Brandon Royval,Lone'er Kavanagh,1xBet,Under,2.5,2.48,2026-07-04,2026-07-12
Cory Sandhagen,Mario Bautista,BetOnline.ag,Over,2.5,1.39,2026-07-04,2026-07-12
Cory Sandhagen,Mario Bautista,BetOnline.ag,Under,2.5,3.11,2026-07-04,2026-07-12
Cory Sandhagen,Mario Bautista,1xBet,Over,2.5,1.4,2026-07-04,2026-07-12
Cory Sandhagen,Mario Bautista,1xBet,Under,2.5,2.8,2026-07-04,2026-07-12
Paddy Pimblett,Benoit Saint-Denis,BetOnline.ag,Over,2.5,2.49,2026-07-06,2026-07-11
Paddy Pimblett,Benoit Saint-Denis,BetOnline.ag,Under,2.5,1.59,2026-07-06,2026-07-11
Paddy Pimblett,Benoit Saint-Denis,1xBet,Over,2.5,2.16,2026-07-06,2026-07-11
Paddy Pimblett,Benoit Saint-Denis,1xBet,Under,2.5,1.65,2026-07-06,2026-07-11
Paddy Pimblett,Benoit Saint-Denis,PMU (FR),Over,2.5,2.23,2026-07-06,2026-07-11
Paddy Pimblett,Benoit Saint-Denis,PMU (FR),Under,2.5,1.61,2026-07-06,2026-07-11
Paddy Pimblett,Benoit Saint-Denis,Pinnacle,Over,2.5,2.38,2026-07-06,2026-07-11
Paddy Pimblett,Benoit Saint-Denis,Pinnacle,Under,2.5,1.6,2026-07-06,2026-07-11
Max Holloway,Conor McGregor,1xBet,Over,2.5,1.9,2026-07-06,2026-07-11
Max Holloway,Conor McGregor,1xBet,Under,2.5,1.9,2026-07-06,2026-07-11
Max Holloway,Conor McGregor,BetOnline.ag,Over,2.5,1.97,2026-07-06,2026-07-11
Max Holloway,Conor McGregor,BetOnline.ag,Under,2.5,1.85,2026-07-06,2026-07-11
Max Holloway,Conor McGregor,Pinnacle,Over,2.5,2.05,2026-07-06,2026-07-11
Max Holloway,Conor McGregor,Pinnacle,Under,2.5,1.79,2026-07-06,2026-07-11
Max Holloway,Conor McGregor,PMU (FR),Over,2.5,1.83,2026-07-06,2026-07-11
Max Holloway,Conor McGregor,PMU (FR),Under,2.5,1.91,2026-07-06,2026-07-11
Cody Durden,Alessandro Costa,BetOnline.ag,Over,1.5,1.54,2026-07-06,2026-07-11
Cody Durden,Alessandro Costa,BetOnline.ag,Under,1.5,2.61,2026-07-06,2026-07-11
Cody Durden,Alessandro Costa,1xBet,Over,2.5,2.0,2026-07-06,2026-07-11
Cody Durden,Alessandro Costa,1xBet,Under,2.5,1.76,2026-07-06,2026-07-11
Cody Durden,Alessandro Costa,Pinnacle,Over,1.5,1.53,2026-07-06,2026-07-11
Cody Durden,Alessandro Costa,Pinnacle,Under,1.5,2.54,2026-07-06,2026-07-11
Ryan Gandra,Zachary Reese,BetOnline.ag,Over,1.5,2.61,2026-07-06,2026-07-11
Ryan Gandra,Zachary Reese,BetOnline.ag,Under,1.5,1.54,2026-07-06,2026-07-11
Ryan Gandra,Zachary Reese,1xBet,Over,1.5,2.08,2026-07-06,2026-07-11
Ryan Gandra,Zachary Reese,1xBet,Under,1.5,1.7,2026-07-06,2026-07-11
Ryan Gandra,Zachary Reese,Pinnacle,Over,1.5,2.69,2026-07-06,2026-07-11
Ryan Gandra,Zachary Reese,Pinnacle,Under,1.5,1.48,2026-07-06,2026-07-11
Damian Pinas,Cesar Almeida,BetOnline.ag,Over,1.5,1.77,2026-07-06,2026-07-11
Damian Pinas,Cesar Almeida,BetOnline.ag,Under,1.5,2.1,2026-07-06,2026-07-11
Damian Pinas,Cesar Almeida,1xBet,Over,1.5,1.75,2026-07-06,2026-07-11
Damian Pinas,Cesar Almeida,1xBet,Under,1.5,2.0,2026-07-06,2026-07-11
Damian Pinas,Cesar Almeida,Pinnacle,Over,1.5,1.75,2026-07-06,2026-07-11
Damian Pinas,Cesar Almeida,Pinnacle,Under,1.5,2.1,2026-07-06,2026-07-11
Tracy Cortez,Wang Cong,BetOnline.ag,Over,2.5,1.37,2026-07-06,2026-07-11
Tracy Cortez,Wang Cong,BetOnline.ag,Under,2.5,3.22,2026-07-06,2026-07-11
Tracy Cortez,Wang Cong,1xBet,Over,2.5,1.3,2026-07-06,2026-07-11
Tracy Cortez,Wang Cong,1xBet,Under,2.5,3.3,2026-07-06,2026-07-11
Tracy Cortez,Wang Cong,Pinnacle,Over,2.5,1.36,2026-07-06,2026-07-11
Tracy Cortez,Wang Cong,Pinnacle,Under,2.5,3.2,2026-07-06,2026-07-11
Luke Riley,Kai Kamaka,BetOnline.ag,Over,2.5,1.5,2026-07-06,2026-07-11
Luke Riley,Kai Kamaka,BetOnline.ag,Under,2.5,2.74,2026-07-06,2026-07-11
Luke Riley,Kai Kamaka,1xBet,Over,2.5,1.5,2026-07-06,2026-07-11
Luke Riley,Kai Kamaka,1xBet,Under,2.5,2.48,2026-07-06,2026-07-11
Luke Riley,Kai Kamaka,Pinnacle,Over,2.5,1.49,2026-07-06,2026-07-11
Luke Riley,Kai Kamaka,Pinnacle,Under,2.5,2.66,2026-07-06,2026-07-11
Cody Garbrandt,Adrian Yanez,BetOnline.ag,Over,1.5,1.57,2026-07-06,2026-07-11
Cody Garbrandt,Adrian Yanez,BetOnline.ag,Under,1.5,2.53,2026-07-06,2026-07-11
Cody Garbrandt,Adrian Yanez,1xBet,Over,2.5,2.05,2026-07-06,2026-07-11
Cody Garbrandt,Adrian Yanez,1xBet,Under,2.5,1.72,2026-07-06,2026-07-11
Cody Garbrandt,Adrian Yanez,Pinnacle,Over,1.5,1.55,2026-07-06,2026-07-11
Cody Garbrandt,Adrian Yanez,Pinnacle,Under,1.5,2.48,2026-07-06,2026-07-11
Gable Steveson,Elisha Ellison,BetOnline.ag,Over,1.5,4.75,2026-07-06,2026-07-12
Gable Steveson,Elisha Ellison,BetOnline.ag,Under,1.5,1.2,2026-07-06,2026-07-12
Gable Steveson,Elisha Ellison,Pinnacle,Over,1.5,4.76,2026-07-06,2026-07-12
Gable Steveson,Elisha Ellison,Pinnacle,Under,1.5,1.19,2026-07-06,2026-07-12
Robert Whittaker,Nikita Krylov,BetOnline.ag,Over,1.5,1.5,2026-07-06,2026-07-12
Robert Whittaker,Nikita Krylov,BetOnline.ag,Under,1.5,2.74,2026-07-06,2026-07-12
Robert Whittaker,Nikita Krylov,1xBet,Over,1.5,1.5,2026-07-06,2026-07-12
Robert Whittaker,Nikita Krylov,1xBet,Under,1.5,2.48,2026-07-06,2026-07-12
Robert Whittaker,Nikita Krylov,Pinnacle,Over,1.5,1.49,2026-07-06,2026-07-12
Robert Whittaker,Nikita Krylov,Pinnacle,Under,1.5,2.66,2026-07-06,2026-07-12
King Green,Terrance Mckinney,BetOnline.ag,Over,1.5,3.89,2026-07-06,2026-07-12
King Green,Terrance Mckinney,BetOnline.ag,Under,1.5,1.28,2026-07-06,2026-07-12
King Green,Terrance Mckinney,1xBet,Over,0.5,1.55,2026-07-06,2026-07-12
King Green,Terrance Mckinney,1xBet,Under,0.5,2.36,2026-07-06,2026-07-12
King Green,Terrance Mckinney,Pinnacle,Over,1.5,4.02,2026-07-06,2026-07-12
King Green,Terrance Mckinney,Pinnacle,Under,1.5,1.25,2026-07-06,2026-07-12
Brandon Royval,Lone'er Kavanagh,BetOnline.ag,Over,2.5,1.56,2026-07-06,2026-07-12
Brandon Royval,Lone'er Kavanagh,BetOnline.ag,Under,2.5,2.57,2026-07-06,2026-07-12
Brandon Royval,Lone'er Kavanagh,1xBet,Over,2.5,1.5,2026-07-06,2026-07-12
Brandon Royval,Lone'er Kavanagh,1xBet,Under,2.5,2.48,2026-07-06,2026-07-12
Brandon Royval,Lone'er Kavanagh,PMU (FR),Over,2.5,1.55,2026-07-06,2026-07-12
Brandon Royval,Lone'er Kavanagh,PMU (FR),Under,2.5,2.35,2026-07-06,2026-07-12
Brandon Royval,Lone'er Kavanagh,Pinnacle,Over,2.5,1.54,2026-07-06,2026-07-12
Brandon Royval,Lone'er Kavanagh,Pinnacle,Under,2.5,2.5,2026-07-06,2026-07-12
Cory Sandhagen,Mario Bautista,BetOnline.ag,Over,2.5,1.39,2026-07-06,2026-07-12
Cory Sandhagen,Mario Bautista,BetOnline.ag,Under,2.5,3.11,2026-07-06,2026-07-12
Cory Sandhagen,Mario Bautista,1xBet,Over,2.5,1.4,2026-07-06,2026-07-12
Cory Sandhagen,Mario Bautista,1xBet,Under,2.5,2.8,2026-07-06,2026-07-12
Cory Sandhagen,Mario Bautista,PMU (FR),Over,2.5,1.36,2026-07-06,2026-07-12
Cory Sandhagen,Mario Bautista,PMU (FR),Under,2.5,2.9,2026-07-06,2026-07-12
Cory Sandhagen,Mario Bautista,Pinnacle,Over,2.5,1.38,2026-07-06,2026-07-12
Cory Sandhagen,Mario Bautista,Pinnacle,Under,2.5,3.09,2026-07-06,2026-07-12
Cody Durden,Alessandro Costa,BetOnline.ag,Over,1.5,1.47,2026-07-10,2026-07-11
Cody Durden,Alessandro Costa,BetOnline.ag,Under,1.5,2.83,2026-07-10,2026-07-11
Cody Durden,Alessandro Costa,1xBet,Over,2.5,2.0,2026-07-10,2026-07-11
Cody Durden,Alessandro Costa,1xBet,Under,2.5,1.76,2026-07-10,2026-07-11
Cody Durden,Alessandro Costa,Pinnacle,Over,1.5,1.47,2026-07-10,2026-07-11
Cody Durden,Alessandro Costa,Pinnacle,Under,1.5,2.74,2026-07-10,2026-07-11
Cody Durden,Alessandro Costa,Coolbet,Over,1.5,1.51,2026-07-10,2026-07-11
Cody Durden,Alessandro Costa,Coolbet,Under,1.5,2.65,2026-07-10,2026-07-11
Cody Durden,Alessandro Costa,BetAnything,Over,2.5,1.91,2026-07-10,2026-07-11
Cody Durden,Alessandro Costa,BetAnything,Under,2.5,1.83,2026-07-10,2026-07-11
Ryan Gandra,Zachary Reese,BetOnline.ag,Over,1.5,2.53,2026-07-10,2026-07-11
Ryan Gandra,Zachary Reese,BetOnline.ag,Under,1.5,1.57,2026-07-10,2026-07-11
Ryan Gandra,Zachary Reese,1xBet,Over,1.5,2.25,2026-07-10,2026-07-11
Ryan Gandra,Zachary Reese,1xBet,Under,1.5,1.6,2026-07-10,2026-07-11
Ryan Gandra,Zachary Reese,Coolbet,Over,1.5,2.6,2026-07-10,2026-07-11
Ryan Gandra,Zachary Reese,Coolbet,Under,1.5,1.53,2026-07-10,2026-07-11
Ryan Gandra,Zachary Reese,Pinnacle,Over,1.5,2.55,2026-07-10,2026-07-11
Ryan Gandra,Zachary Reese,Pinnacle,Under,1.5,1.53,2026-07-10,2026-07-11
Ryan Gandra,Zachary Reese,BetAnything,Over,1.5,2.5,2026-07-10,2026-07-11
Ryan Gandra,Zachary Reese,BetAnything,Under,1.5,1.56,2026-07-10,2026-07-11
John Garza,Farid Basharat,Pinnacle,Over,2.5,1.88,2026-07-10,2026-07-11
John Garza,Farid Basharat,Pinnacle,Under,2.5,1.95,2026-07-10,2026-07-11
John Garza,Farid Basharat,1xBet,Over,2.5,1.75,2026-07-10,2026-07-11
John Garza,Farid Basharat,1xBet,Under,2.5,2.0,2026-07-10,2026-07-11
John Garza,Farid Basharat,BetOnline.ag,Over,2.5,1.87,2026-07-10,2026-07-11
John Garza,Farid Basharat,BetOnline.ag,Under,2.5,1.95,2026-07-10,2026-07-11
John Garza,Farid Basharat,Coolbet,Over,2.5,1.87,2026-07-10,2026-07-11
John Garza,Farid Basharat,Coolbet,Under,2.5,1.95,2026-07-10,2026-07-11
John Garza,Farid Basharat,BetAnything,Over,2.5,1.87,2026-07-10,2026-07-11
John Garza,Farid Basharat,BetAnything,Under,2.5,1.87,2026-07-10,2026-07-11
Damian Pinas,Cesar Almeida,BetOnline.ag,Over,1.5,1.87,2026-07-10,2026-07-11
Damian Pinas,Cesar Almeida,BetOnline.ag,Under,1.5,1.95,2026-07-10,2026-07-11
Damian Pinas,Cesar Almeida,1xBet,Over,1.5,1.75,2026-07-10,2026-07-11
Damian Pinas,Cesar Almeida,1xBet,Under,1.5,2.0,2026-07-10,2026-07-11
Damian Pinas,Cesar Almeida,Pinnacle,Over,1.5,1.85,2026-07-10,2026-07-11
Damian Pinas,Cesar Almeida,Pinnacle,Under,1.5,1.98,2026-07-10,2026-07-11
Damian Pinas,Cesar Almeida,Coolbet,Over,1.5,1.87,2026-07-10,2026-07-11
Damian Pinas,Cesar Almeida,Coolbet,Under,1.5,1.95,2026-07-10,2026-07-11
Damian Pinas,Cesar Almeida,BetAnything,Over,1.5,1.77,2026-07-10,2026-07-11
Damian Pinas,Cesar Almeida,BetAnything,Under,1.5,2.0,2026-07-10,2026-07-11
Tracy Cortez,Wang Cong,BetOnline.ag,Over,2.5,1.37,2026-07-10,2026-07-11
Tracy Cortez,Wang Cong,BetOnline.ag,Under,2.5,3.22,2026-07-10,2026-07-11
Tracy Cortez,Wang Cong,1xBet,Over,2.5,1.34,2026-07-10,2026-07-11
Tracy Cortez,Wang Cong,1xBet,Under,2.5,3.1,2026-07-10,2026-07-11
Tracy Cortez,Wang Cong,Pinnacle,Over,2.5,1.36,2026-07-10,2026-07-11
Tracy Cortez,Wang Cong,Pinnacle,Under,2.5,3.23,2026-07-10,2026-07-11
Tracy Cortez,Wang Cong,Coolbet,Over,2.5,1.37,2026-07-10,2026-07-11
Tracy Cortez,Wang Cong,Coolbet,Under,2.5,3.22,2026-07-10,2026-07-11
Tracy Cortez,Wang Cong,BetAnything,Over,2.5,1.37,2026-07-10,2026-07-11
Tracy Cortez,Wang Cong,BetAnything,Under,2.5,3.1,2026-07-10,2026-07-11
Luke Riley,Kai Kamaka,BetOnline.ag,Over,2.5,1.5,2026-07-10,2026-07-11
Luke Riley,Kai Kamaka,BetOnline.ag,Under,2.5,2.74,2026-07-10,2026-07-11
Luke Riley,Kai Kamaka,1xBet,Over,2.5,1.48,2026-07-10,2026-07-11
Luke Riley,Kai Kamaka,1xBet,Under,2.5,2.55,2026-07-10,2026-07-11
Luke Riley,Kai Kamaka,Pinnacle,Over,2.5,1.49,2026-07-10,2026-07-11
Luke Riley,Kai Kamaka,Pinnacle,Under,2.5,2.68,2026-07-10,2026-07-11
Luke Riley,Kai Kamaka,Coolbet,Over,2.5,1.5,2026-07-10,2026-07-11
Luke Riley,Kai Kamaka,Coolbet,Under,2.5,2.68,2026-07-10,2026-07-11
Luke Riley,Kai Kamaka,BetAnything,Over,2.5,1.47,2026-07-10,2026-07-11
Luke Riley,Kai Kamaka,BetAnything,Under,2.5,2.8,2026-07-10,2026-07-11
Cody Garbrandt,Adrian Yanez,BetOnline.ag,Over,1.5,1.49,2026-07-10,2026-07-11
Cody Garbrandt,Adrian Yanez,BetOnline.ag,Under,1.5,2.77,2026-07-10,2026-07-11
Cody Garbrandt,Adrian Yanez,1xBet,Over,2.5,2.05,2026-07-10,2026-07-11
Cody Garbrandt,Adrian Yanez,1xBet,Under,2.5,1.72,2026-07-10,2026-07-11
Cody Garbrandt,Adrian Yanez,Pinnacle,Over,1.5,1.52,2026-07-10,2026-07-11
Cody Garbrandt,Adrian Yanez,Pinnacle,Under,1.5,2.61,2026-07-10,2026-07-11
Cody Garbrandt,Adrian Yanez,Coolbet,Over,1.5,1.54,2026-07-10,2026-07-11
Cody Garbrandt,Adrian Yanez,Coolbet,Under,1.5,2.57,2026-07-10,2026-07-11
Cody Garbrandt,Adrian Yanez,BetAnything,Over,2.5,1.91,2026-07-10,2026-07-11
Cody Garbrandt,Adrian Yanez,BetAnything,Under,2.5,1.83,2026-07-10,2026-07-11
Gable Steveson,Elisha Ellison,BetOnline.ag,Over,1.5,5.25,2026-07-10,2026-07-12
Gable Steveson,Elisha Ellison,BetOnline.ag,Under,1.5,1.17,2026-07-10,2026-07-12
Gable Steveson,Elisha Ellison,Pinnacle,Over,1.5,4.87,2026-07-10,2026-07-12
Gable Steveson,Elisha Ellison,Pinnacle,Under,1.5,1.19,2026-07-10,2026-07-12
Gable Steveson,Elisha Ellison,BetAnything,Over,1.5,4.7,2026-07-10,2026-07-12
Gable Steveson,Elisha Ellison,BetAnything,Under,1.5,1.17,2026-07-10,2026-07-12
Gable Steveson,Elisha Ellison,Coolbet,Over,1.5,5.0,2026-07-10,2026-07-12
Gable Steveson,Elisha Ellison,Coolbet,Under,1.5,1.19,2026-07-10,2026-07-12
Robert Whittaker,Nikita Krylov,BetOnline.ag,Over,1.5,1.5,2026-07-10,2026-07-12
Robert Whittaker,Nikita Krylov,BetOnline.ag,Under,1.5,2.74,2026-07-10,2026-07-12
Robert Whittaker,Nikita Krylov,1xBet,Over,2.5,1.87,2026-07-10,2026-07-12
Robert Whittaker,Nikita Krylov,1xBet,Under,2.5,1.87,2026-07-10,2026-07-12
Robert Whittaker,Nikita Krylov,Pinnacle,Over,1.5,1.5,2026-07-10,2026-07-12
Robert Whittaker,Nikita Krylov,Pinnacle,Under,1.5,2.67,2026-07-10,2026-07-12
Robert Whittaker,Nikita Krylov,Coolbet,Over,1.5,1.5,2026-07-10,2026-07-12
Robert Whittaker,Nikita Krylov,Coolbet,Under,1.5,2.68,2026-07-10,2026-07-12
Robert Whittaker,Nikita Krylov,BetAnything,Over,2.5,2.0,2026-07-10,2026-07-12
Robert Whittaker,Nikita Krylov,BetAnything,Under,2.5,1.77,2026-07-10,2026-07-12
King Green,Terrance Mckinney,BetOnline.ag,Over,1.5,3.89,2026-07-10,2026-07-12
King Green,Terrance Mckinney,BetOnline.ag,Under,1.5,1.28,2026-07-10,2026-07-12
King Green,Terrance Mckinney,1xBet,Over,0.5,1.6,2026-07-10,2026-07-12
King Green,Terrance Mckinney,1xBet,Under,0.5,2.25,2026-07-10,2026-07-12
King Green,Terrance Mckinney,Pinnacle,Over,1.5,3.87,2026-07-10,2026-07-12
King Green,Terrance Mckinney,Pinnacle,Under,1.5,1.27,2026-07-10,2026-07-12
King Green,Terrance Mckinney,Coolbet,Over,1.5,3.9,2026-07-10,2026-07-12
King Green,Terrance Mckinney,Coolbet,Under,1.5,1.27,2026-07-10,2026-07-12
King Green,Terrance Mckinney,BetAnything,Over,1.5,3.4,2026-07-10,2026-07-12
King Green,Terrance Mckinney,BetAnything,Under,1.5,1.28,2026-07-10,2026-07-12
King Green,Terrance Mckinney,PMU (FR),Over,1.5,4.1,2026-07-10,2026-07-12
King Green,Terrance Mckinney,PMU (FR),Under,1.5,1.21,2026-07-10,2026-07-12
Brandon Royval,Lone'er Kavanagh,BetOnline.ag,Over,2.5,1.56,2026-07-10,2026-07-12
Brandon Royval,Lone'er Kavanagh,BetOnline.ag,Under,2.5,2.57,2026-07-10,2026-07-12
Brandon Royval,Lone'er Kavanagh,1xBet,Over,2.5,1.5,2026-07-10,2026-07-12
Brandon Royval,Lone'er Kavanagh,1xBet,Under,2.5,2.48,2026-07-10,2026-07-12
Brandon Royval,Lone'er Kavanagh,PMU (FR),Over,2.5,1.55,2026-07-10,2026-07-12
Brandon Royval,Lone'er Kavanagh,PMU (FR),Under,2.5,2.35,2026-07-10,2026-07-12
Brandon Royval,Lone'er Kavanagh,Pinnacle,Over,2.5,1.55,2026-07-10,2026-07-12
Brandon Royval,Lone'er Kavanagh,Pinnacle,Under,2.5,2.51,2026-07-10,2026-07-12
Brandon Royval,Lone'er Kavanagh,BetAnything,Over,2.5,1.56,2026-07-10,2026-07-12
Brandon Royval,Lone'er Kavanagh,BetAnything,Under,2.5,2.5,2026-07-10,2026-07-12
Brandon Royval,Lone'er Kavanagh,Coolbet,Over,2.5,1.55,2026-07-10,2026-07-12
Brandon Royval,Lone'er Kavanagh,Coolbet,Under,2.5,2.53,2026-07-10,2026-07-12
Cory Sandhagen,Mario Bautista,BetOnline.ag,Over,2.5,1.41,2026-07-10,2026-07-12
Cory Sandhagen,Mario Bautista,BetOnline.ag,Under,2.5,3.01,2026-07-10,2026-07-12
Cory Sandhagen,Mario Bautista,1xBet,Over,2.5,1.36,2026-07-10,2026-07-12
Cory Sandhagen,Mario Bautista,1xBet,Under,2.5,3.0,2026-07-10,2026-07-12
Cory Sandhagen,Mario Bautista,PMU (FR),Over,2.5,1.36,2026-07-10,2026-07-12
Cory Sandhagen,Mario Bautista,PMU (FR),Under,2.5,2.9,2026-07-10,2026-07-12
Cory Sandhagen,Mario Bautista,Pinnacle,Over,2.5,1.44,2026-07-10,2026-07-12
Cory Sandhagen,Mario Bautista,Pinnacle,Under,2.5,2.87,2026-07-10,2026-07-12
Cory Sandhagen,Mario Bautista,BetAnything,Over,2.5,1.43,2026-07-10,2026-07-12
Cory Sandhagen,Mario Bautista,BetAnything,Under,2.5,2.8,2026-07-10,2026-07-12
Cory Sandhagen,Mario Bautista,Coolbet,Over,2.5,1.43,2026-07-10,2026-07-12
Cory Sandhagen,Mario Bautista,Coolbet,Under,2.5,2.86,2026-07-10,2026-07-12
Paddy Pimblett,Benoit Saint-Denis,BetOnline.ag,Over,2.5,2.23,2026-07-10,2026-07-12
Paddy Pimblett,Benoit Saint-Denis,BetOnline.ag,Under,2.5,1.7,2026-07-10,2026-07-12
Paddy Pimblett,Benoit Saint-Denis,1xBet,Over,1.5,1.69,2026-07-10,2026-07-12
Paddy Pimblett,Benoit Saint-Denis,1xBet,Under,1.5,2.15,2026-07-10,2026-07-12
Paddy Pimblett,Benoit Saint-Denis,PMU (FR),Over,2.5,2.25,2026-07-10,2026-07-12
Paddy Pimblett,Benoit Saint-Denis,PMU (FR),Under,2.5,1.6,2026-07-10,2026-07-12
Paddy Pimblett,Benoit Saint-Denis,Pinnacle,Over,2.5,2.29,2026-07-10,2026-07-12
Paddy Pimblett,Benoit Saint-Denis,Pinnacle,Under,2.5,1.65,2026-07-10,2026-07-12
Paddy Pimblett,Benoit Saint-Denis,BetAnything,Over,2.5,2.25,2026-07-10,2026-07-12
Paddy Pimblett,Benoit Saint-Denis,BetAnything,Under,2.5,1.65,2026-07-10,2026-07-12
Paddy Pimblett,Benoit Saint-Denis,Coolbet,Over,2.5,2.35,2026-07-10,2026-07-12
Paddy Pimblett,Benoit Saint-Denis,Coolbet,Under,2.5,1.63,2026-07-10,2026-07-12
Max Holloway,Conor McGregor,1xBet,Over,2.5,2.0,2026-07-10,2026-07-12
Max Holloway,Conor McGregor,1xBet,Under,2.5,1.81,2026-07-10,2026-07-12
Max Holloway,Conor McGregor,BetOnline.ag,Over,2.5,1.87,2026-07-10,2026-07-12
Max Holloway,Conor McGregor,BetOnline.ag,Under,2.5,1.95,2026-07-10,2026-07-12
Max Holloway,Conor McGregor,Pinnacle,Over,2.5,2.0,2026-07-10,2026-07-12
Max Holloway,Conor McGregor,Pinnacle,Under,2.5,1.84,2026-07-10,2026-07-12
Max Holloway,Conor McGregor,PMU (FR),Over,2.5,1.83,2026-07-10,2026-07-12
Max Holloway,Conor McGregor,PMU (FR),Under,2.5,1.89,2026-07-10,2026-07-12
Max Holloway,Conor McGregor,Coolbet,Over,2.5,2.0,2026-07-10,2026-07-12
Max Holloway,Conor McGregor,Coolbet,Under,2.5,1.85,2026-07-10,2026-07-12
Max Holloway,Conor McGregor,BetAnything,Over,2.5,1.87,2026-07-10,2026-07-12
Max Holloway,Conor McGregor,BetAnything,Under,2.5,1.87,2026-07-10,2026-07-12
Tommy McMillen,Alberto Montes,1xBet,Over,2.5,2.05,2026-07-10,2026-07-18
Tommy McMillen,Alberto Montes,1xBet,Under,2.5,1.72,2026-07-10,2026-07-18
Alden Coria,Stewart Nicoll,1xBet,Over,1.5,1.55,2026-07-10,2026-07-18
Alden Coria,Stewart Nicoll,1xBet,Under,1.5,2.36,2026-07-10,2026-07-18
Seok Hyun Ko,Jean-Paul Lebosnoyani,1xBet,Over,2.5,1.5,2026-07-10,2026-07-18
Seok Hyun Ko,Jean-Paul Lebosnoyani,1xBet,Under,2.5,2.48,2026-07-10,2026-07-18
Chase Hooper,Mitch Ramirez,1xBet,Over,1.5,1.5,2026-07-10,2026-07-18
Chase Hooper,Mitch Ramirez,1xBet,Under,1.5,2.48,2026-07-10,2026-07-18
Jared Cannonier,Christian Leroy Duncan,1xBet,Over,2.5,1.52,2026-07-10,2026-07-18
Jared Cannonier,Christian Leroy Duncan,1xBet,Under,2.5,2.43,2026-07-10,2026-07-18
Tabatha Ricci,Fatima Kline,1xBet,Over,2.5,1.35,2026-07-10,2026-07-18
Tabatha Ricci,Fatima Kline,1xBet,Under,2.5,3.0,2026-07-10,2026-07-18
Dricus Du Plessis,Kamaru Usman,1xBet,Over,3.5,1.52,2026-07-10,2026-07-19
Dricus Du Plessis,Kamaru Usman,1xBet,Under,3.5,2.43,2026-07-10,2026-07-19
Paddy Pimblett,Benoit Saint-Denis,1xBet,Over,2.5,2.16,2026-07-10,2026-07-12
Paddy Pimblett,Benoit Saint-Denis,1xBet,Under,2.5,1.65,2026-07-10,2026-07-12
Cody Durden,Alessandro Costa,BetOnline.ag,Over,1.5,1.47,2026-07-11,2026-07-11
Cody Durden,Alessandro Costa,BetOnline.ag,Under,1.5,2.83,2026-07-11,2026-07-11
Cody Durden,Alessandro Costa,1xBet,Over,2.5,2.08,2026-07-11,2026-07-11
Cody Durden,Alessandro Costa,1xBet,Under,2.5,1.7,2026-07-11,2026-07-11
Cody Durden,Alessandro Costa,Pinnacle,Over,1.5,1.51,2026-07-11,2026-07-11
Cody Durden,Alessandro Costa,Pinnacle,Under,1.5,2.66,2026-07-11,2026-07-11
Cody Durden,Alessandro Costa,BetAnything,Over,2.5,1.91,2026-07-11,2026-07-11
Cody Durden,Alessandro Costa,BetAnything,Under,2.5,1.83,2026-07-11,2026-07-11
Ryan Gandra,Zachary Reese,BetOnline.ag,Over,1.5,2.13,2026-07-11,2026-07-11
Ryan Gandra,Zachary Reese,BetOnline.ag,Under,1.5,1.75,2026-07-11,2026-07-11
Ryan Gandra,Zachary Reese,1xBet,Over,1.5,2.48,2026-07-11,2026-07-11
Ryan Gandra,Zachary Reese,1xBet,Under,1.5,1.5,2026-07-11,2026-07-11
Ryan Gandra,Zachary Reese,Pinnacle,Over,1.5,2.12,2026-07-11,2026-07-11
Ryan Gandra,Zachary Reese,Pinnacle,Under,1.5,1.77,2026-07-11,2026-07-11
Ryan Gandra,Zachary Reese,BetAnything,Over,1.5,1.91,2026-07-11,2026-07-11
Ryan Gandra,Zachary Reese,BetAnything,Under,1.5,1.83,2026-07-11,2026-07-11
John Garza,Farid Basharat,Pinnacle,Over,2.5,1.86,2026-07-11,2026-07-11
John Garza,Farid Basharat,Pinnacle,Under,2.5,1.99,2026-07-11,2026-07-11
John Garza,Farid Basharat,1xBet,Over,2.5,1.81,2026-07-11,2026-07-11
John Garza,Farid Basharat,1xBet,Under,2.5,1.93,2026-07-11,2026-07-11
John Garza,Farid Basharat,BetOnline.ag,Over,2.5,1.91,2026-07-11,2026-07-11
John Garza,Farid Basharat,BetOnline.ag,Under,2.5,1.91,2026-07-11,2026-07-11
John Garza,Farid Basharat,BetAnything,Over,2.5,1.87,2026-07-11,2026-07-11
John Garza,Farid Basharat,BetAnything,Under,2.5,1.87,2026-07-11,2026-07-11
Damian Pinas,Cesar Almeida,BetOnline.ag,Over,1.5,1.7,2026-07-11,2026-07-11
Damian Pinas,Cesar Almeida,BetOnline.ag,Under,1.5,2.23,2026-07-11,2026-07-11
Damian Pinas,Cesar Almeida,1xBet,Over,1.5,1.81,2026-07-11,2026-07-11
Damian Pinas,Cesar Almeida,1xBet,Under,1.5,1.93,2026-07-11,2026-07-11
Damian Pinas,Cesar Almeida,Pinnacle,Over,1.5,1.72,2026-07-11,2026-07-11
Damian Pinas,Cesar Almeida,Pinnacle,Under,1.5,2.19,2026-07-11,2026-07-11
Damian Pinas,Cesar Almeida,BetAnything,Over,1.5,1.69,2026-07-11,2026-07-11
Damian Pinas,Cesar Almeida,BetAnything,Under,1.5,2.15,2026-07-11,2026-07-11
Tracy Cortez,Wang Cong,BetOnline.ag,Over,2.5,1.37,2026-07-11,2026-07-11
Tracy Cortez,Wang Cong,BetOnline.ag,Under,2.5,3.22,2026-07-11,2026-07-11
Tracy Cortez,Wang Cong,1xBet,Over,2.5,1.34,2026-07-11,2026-07-11
Tracy Cortez,Wang Cong,1xBet,Under,2.5,3.1,2026-07-11,2026-07-11
Tracy Cortez,Wang Cong,Pinnacle,Over,2.5,1.37,2026-07-11,2026-07-11
Tracy Cortez,Wang Cong,Pinnacle,Under,2.5,3.24,2026-07-11,2026-07-11
Tracy Cortez,Wang Cong,BetAnything,Over,2.5,1.37,2026-07-11,2026-07-11
Tracy Cortez,Wang Cong,BetAnything,Under,2.5,3.1,2026-07-11,2026-07-11
Luke Riley,Kai Kamaka,BetOnline.ag,Over,2.5,1.51,2026-07-11,2026-07-11
Luke Riley,Kai Kamaka,BetOnline.ag,Under,2.5,2.7,2026-07-11,2026-07-11
Luke Riley,Kai Kamaka,1xBet,Over,2.5,1.48,2026-07-11,2026-07-11
Luke Riley,Kai Kamaka,1xBet,Under,2.5,2.55,2026-07-11,2026-07-11
Luke Riley,Kai Kamaka,Pinnacle,Over,2.5,1.47,2026-07-11,2026-07-11
Luke Riley,Kai Kamaka,Pinnacle,Under,2.5,2.78,2026-07-11,2026-07-11
Luke Riley,Kai Kamaka,BetAnything,Over,2.5,1.48,2026-07-11,2026-07-11
Luke Riley,Kai Kamaka,BetAnything,Under,2.5,2.75,2026-07-11,2026-07-11
Cody Garbrandt,Adrian Yanez,BetOnline.ag,Over,1.5,1.5,2026-07-11,2026-07-11
Cody Garbrandt,Adrian Yanez,BetOnline.ag,Under,1.5,2.74,2026-07-11,2026-07-11
Cody Garbrandt,Adrian Yanez,1xBet,Over,2.5,2.05,2026-07-11,2026-07-11
Cody Garbrandt,Adrian Yanez,1xBet,Under,2.5,1.72,2026-07-11,2026-07-11
Cody Garbrandt,Adrian Yanez,Pinnacle,Over,1.5,1.51,2026-07-11,2026-07-11
Cody Garbrandt,Adrian Yanez,Pinnacle,Under,1.5,2.67,2026-07-11,2026-07-11
Cody Garbrandt,Adrian Yanez,BetAnything,Over,2.5,1.91,2026-07-11,2026-07-11
Cody Garbrandt,Adrian Yanez,BetAnything,Under,2.5,1.83,2026-07-11,2026-07-11
Gable Steveson,Elisha Ellison,BetOnline.ag,Over,1.5,4.5,2026-07-11,2026-07-12
Gable Steveson,Elisha Ellison,BetOnline.ag,Under,1.5,1.22,2026-07-11,2026-07-12
Gable Steveson,Elisha Ellison,Pinnacle,Over,1.5,4.26,2026-07-11,2026-07-12
Gable Steveson,Elisha Ellison,Pinnacle,Under,1.5,1.24,2026-07-11,2026-07-12
Gable Steveson,Elisha Ellison,BetAnything,Over,1.5,3.85,2026-07-11,2026-07-12
Gable Steveson,Elisha Ellison,BetAnything,Under,1.5,1.22,2026-07-11,2026-07-12
Robert Whittaker,Nikita Krylov,BetOnline.ag,Over,1.5,1.52,2026-07-11,2026-07-12
Robert Whittaker,Nikita Krylov,BetOnline.ag,Under,1.5,2.66,2026-07-11,2026-07-12
Robert Whittaker,Nikita Krylov,1xBet,Over,2.5,2.02,2026-07-11,2026-07-12
Robert Whittaker,Nikita Krylov,1xBet,Under,2.5,1.74,2026-07-11,2026-07-12
Robert Whittaker,Nikita Krylov,Pinnacle,Over,1.5,1.51,2026-07-11,2026-07-12
Robert Whittaker,Nikita Krylov,Pinnacle,Under,1.5,2.68,2026-07-11,2026-07-12
Robert Whittaker,Nikita Krylov,BetAnything,Over,2.5,2.0,2026-07-11,2026-07-12
Robert Whittaker,Nikita Krylov,BetAnything,Under,2.5,1.77,2026-07-11,2026-07-12
King Green,Terrance Mckinney,BetOnline.ag,Over,1.5,3.8,2026-07-11,2026-07-12
King Green,Terrance Mckinney,BetOnline.ag,Under,1.5,1.29,2026-07-11,2026-07-12
King Green,Terrance Mckinney,1xBet,Over,0.5,1.6,2026-07-11,2026-07-12
King Green,Terrance Mckinney,1xBet,Under,0.5,2.25,2026-07-11,2026-07-12
King Green,Terrance Mckinney,Pinnacle,Over,1.5,3.89,2026-07-11,2026-07-12
King Green,Terrance Mckinney,Pinnacle,Under,1.5,1.28,2026-07-11,2026-07-12
King Green,Terrance Mckinney,BetAnything,Over,1.5,3.6,2026-07-11,2026-07-12
King Green,Terrance Mckinney,BetAnything,Under,1.5,1.29,2026-07-11,2026-07-12
King Green,Terrance Mckinney,PMU (FR),Over,1.5,4.1,2026-07-11,2026-07-12
King Green,Terrance Mckinney,PMU (FR),Under,1.5,1.21,2026-07-11,2026-07-12
Brandon Royval,Lone'er Kavanagh,BetOnline.ag,Over,2.5,1.57,2026-07-11,2026-07-12
Brandon Royval,Lone'er Kavanagh,BetOnline.ag,Under,2.5,2.53,2026-07-11,2026-07-12
Brandon Royval,Lone'er Kavanagh,1xBet,Over,2.5,1.5,2026-07-11,2026-07-12
Brandon Royval,Lone'er Kavanagh,1xBet,Under,2.5,2.48,2026-07-11,2026-07-12
Brandon Royval,Lone'er Kavanagh,PMU (FR),Over,2.5,1.55,2026-07-11,2026-07-12
Brandon Royval,Lone'er Kavanagh,PMU (FR),Under,2.5,2.35,2026-07-11,2026-07-12
Brandon Royval,Lone'er Kavanagh,Pinnacle,Over,2.5,1.61,2026-07-11,2026-07-12
Brandon Royval,Lone'er Kavanagh,Pinnacle,Under,2.5,2.4,2026-07-11,2026-07-12
Brandon Royval,Lone'er Kavanagh,BetAnything,Over,2.5,1.57,2026-07-11,2026-07-12
Brandon Royval,Lone'er Kavanagh,BetAnything,Under,2.5,2.45,2026-07-11,2026-07-12
Cory Sandhagen,Mario Bautista,BetOnline.ag,Over,2.5,1.42,2026-07-11,2026-07-12
Cory Sandhagen,Mario Bautista,BetOnline.ag,Under,2.5,2.98,2026-07-11,2026-07-12
Cory Sandhagen,Mario Bautista,1xBet,Over,2.5,1.36,2026-07-11,2026-07-12
Cory Sandhagen,Mario Bautista,1xBet,Under,2.5,3.0,2026-07-11,2026-07-12
Cory Sandhagen,Mario Bautista,PMU (FR),Over,2.5,1.36,2026-07-11,2026-07-12
Cory Sandhagen,Mario Bautista,PMU (FR),Under,2.5,2.9,2026-07-11,2026-07-12
Cory Sandhagen,Mario Bautista,Pinnacle,Over,2.5,1.39,2026-07-11,2026-07-12
Cory Sandhagen,Mario Bautista,Pinnacle,Under,2.5,3.12,2026-07-11,2026-07-12
Cory Sandhagen,Mario Bautista,BetAnything,Over,2.5,1.44,2026-07-11,2026-07-12
Cory Sandhagen,Mario Bautista,BetAnything,Under,2.5,2.75,2026-07-11,2026-07-12
Paddy Pimblett,Benoit Saint-Denis,BetOnline.ag,Over,2.5,2.26,2026-07-11,2026-07-12
Paddy Pimblett,Benoit Saint-Denis,BetOnline.ag,Under,2.5,1.68,2026-07-11,2026-07-12
Paddy Pimblett,Benoit Saint-Denis,1xBet,Over,2.5,2.16,2026-07-11,2026-07-12
Paddy Pimblett,Benoit Saint-Denis,1xBet,Under,2.5,1.65,2026-07-11,2026-07-12
Paddy Pimblett,Benoit Saint-Denis,PMU (FR),Over,2.5,2.23,2026-07-11,2026-07-12
Paddy Pimblett,Benoit Saint-Denis,PMU (FR),Under,2.5,1.61,2026-07-11,2026-07-12
Paddy Pimblett,Benoit Saint-Denis,Pinnacle,Over,2.5,2.3,2026-07-11,2026-07-12
Paddy Pimblett,Benoit Saint-Denis,Pinnacle,Under,2.5,1.66,2026-07-11,2026-07-12
Paddy Pimblett,Benoit Saint-Denis,BetAnything,Over,2.5,2.2,2026-07-11,2026-07-12
Paddy Pimblett,Benoit Saint-Denis,BetAnything,Under,2.5,1.67,2026-07-11,2026-07-12
Max Holloway,Conor McGregor,1xBet,Over,2.5,1.9,2026-07-11,2026-07-12
Max Holloway,Conor McGregor,1xBet,Under,2.5,1.9,2026-07-11,2026-07-12
Max Holloway,Conor McGregor,BetOnline.ag,Over,2.5,1.91,2026-07-11,2026-07-12
Max Holloway,Conor McGregor,BetOnline.ag,Under,2.5,1.91,2026-07-11,2026-07-12
Max Holloway,Conor McGregor,Pinnacle,Over,2.5,1.9,2026-07-11,2026-07-12
Max Holloway,Conor McGregor,Pinnacle,Under,2.5,1.95,2026-07-11,2026-07-12
Max Holloway,Conor McGregor,PMU (FR),Over,2.5,1.91,2026-07-11,2026-07-12
Max Holloway,Conor McGregor,PMU (FR),Under,2.5,1.83,2026-07-11,2026-07-12
Max Holloway,Conor McGregor,BetAnything,Over,2.5,1.87,2026-07-11,2026-07-12
Max Holloway,Conor McGregor,BetAnything,Under,2.5,1.87,2026-07-11,2026-07-12
Levi Rodrigues,Felipe Franco,1xBet,Over,0.5,1.4,2026-07-11,2026-07-18
Levi Rodrigues,Felipe Franco,1xBet,Under,0.5,2.8,2026-07-11,2026-07-18
Tommy McMillen,Alberto Montes,1xBet,Over,2.5,2.05,2026-07-11,2026-07-18
Tommy McMillen,Alberto Montes,1xBet,Under,2.5,1.72,2026-07-11,2026-07-18
Alden Coria,Stewart Nicoll,1xBet,Over,1.5,1.55,2026-07-11,2026-07-18
Alden Coria,Stewart Nicoll,1xBet,Under,1.5,2.36,2026-07-11,2026-07-18
Seok Hyun Ko,Jean-Paul Lebosnoyani,1xBet,Over,2.5,1.5,2026-07-11,2026-07-18
Seok Hyun Ko,Jean-Paul Lebosnoyani,1xBet,Under,2.5,2.48,2026-07-11,2026-07-18
Chase Hooper,Mitch Ramirez,1xBet,Over,1.5,1.5,2026-07-11,2026-07-18
Chase Hooper,Mitch Ramirez,1xBet,Under,1.5,2.48,2026-07-11,2026-07-18
Jared Cannonier,Christian Leroy Duncan,1xBet,Over,2.5,1.52,2026-07-11,2026-07-18
Jared Cannonier,Christian Leroy Duncan,1xBet,Under,2.5,2.43,2026-07-11,2026-07-18
Tabatha Ricci,Fatima Kline,1xBet,Over,2.5,1.35,2026-07-11,2026-07-18
Tabatha Ricci,Fatima Kline,1xBet,Under,2.5,3.0,2026-07-11,2026-07-18
Dricus Du Plessis,Kamaru Usman,1xBet,Over,3.5,1.52,2026-07-11,2026-07-19
Dricus Du Plessis,Kamaru Usman,1xBet,Under,3.5,2.43,2026-07-11,2026-07-19
Magomed Ankalaev,Khalil Rountree,1xBet,Over,2.5,1.55,2026-07-11,2026-07-25
Magomed Ankalaev,Khalil Rountree,1xBet,Under,2.5,2.36,2026-07-11,2026-07-25
Cody Durden,Alessandro Costa,Coolbet,Over,1.5,1.51,2026-07-11,2026-07-11
Cody Durden,Alessandro Costa,Coolbet,Under,1.5,2.65,2026-07-11,2026-07-11
Ryan Gandra,Zachary Reese,Coolbet,Over,1.5,2.1,2026-07-11,2026-07-11
Ryan Gandra,Zachary Reese,Coolbet,Under,1.5,1.77,2026-07-11,2026-07-11
John Garza,Farid Basharat,Coolbet,Over,2.5,1.87,2026-07-11,2026-07-11
John Garza,Farid Basharat,Coolbet,Under,2.5,1.95,2026-07-11,2026-07-11
Damian Pinas,Cesar Almeida,Coolbet,Over,1.5,1.75,2026-07-11,2026-07-11
Damian Pinas,Cesar Almeida,Coolbet,Under,1.5,2.13,2026-07-11,2026-07-11
Tracy Cortez,Wang Cong,Coolbet,Over,2.5,1.37,2026-07-11,2026-07-11
Tracy Cortez,Wang Cong,Coolbet,Under,2.5,3.22,2026-07-11,2026-07-11
Luke Riley,Kai Kamaka,Coolbet,Over,2.5,1.5,2026-07-11,2026-07-11
Luke Riley,Kai Kamaka,Coolbet,Under,2.5,2.68,2026-07-11,2026-07-11
Cody Garbrandt,Adrian Yanez,Coolbet,Over,1.5,1.5,2026-07-11,2026-07-11
Cody Garbrandt,Adrian Yanez,Coolbet,Under,1.5,2.68,2026-07-11,2026-07-11
Gable Steveson,Elisha Ellison,Coolbet,Over,1.5,4.5,2026-07-11,2026-07-12
Gable Steveson,Elisha Ellison,Coolbet,Under,1.5,1.22,2026-07-11,2026-07-12
Robert Whittaker,Nikita Krylov,Coolbet,Over,1.5,1.5,2026-07-11,2026-07-12
Robert Whittaker,Nikita Krylov,Coolbet,Under,1.5,2.68,2026-07-11,2026-07-12
King Green,Terrance Mckinney,Coolbet,Over,1.5,3.9,2026-07-11,2026-07-12
King Green,Terrance Mckinney,Coolbet,Under,1.5,1.27,2026-07-11,2026-07-12
Brandon Royval,Lone'er Kavanagh,Coolbet,Over,2.5,1.58,2026-07-11,2026-07-12
Brandon Royval,Lone'er Kavanagh,Coolbet,Under,2.5,2.45,2026-07-11,2026-07-12
Cory Sandhagen,Mario Bautista,Coolbet,Over,2.5,1.42,2026-07-11,2026-07-12
Cory Sandhagen,Mario Bautista,Coolbet,Under,2.5,3.0,2026-07-11,2026-07-12
Paddy Pimblett,Benoit Saint-Denis,Coolbet,Over,2.5,2.3,2026-07-11,2026-07-12
Paddy Pimblett,Benoit Saint-Denis,Coolbet,Under,2.5,1.65,2026-07-11,2026-07-12
Max Holloway,Conor McGregor,Coolbet,Over,2.5,1.91,2026-07-11,2026-07-12
Max Holloway,Conor McGregor,Coolbet,Under,2.5,1.94,2026-07-11,2026-07-12
Robert Whittaker,Nikita Krylov,BetOnline.ag,Over,1.5,1.52,2026-07-12,2026-07-12
Robert Whittaker,Nikita Krylov,BetOnline.ag,Under,1.5,2.66,2026-07-12,2026-07-12
Robert Whittaker,Nikita Krylov,1xBet,Over,2.5,2.02,2026-07-12,2026-07-12
Robert Whittaker,Nikita Krylov,1xBet,Under,2.5,1.74,2026-07-12,2026-07-12
Robert Whittaker,Nikita Krylov,Pinnacle,Over,1.5,1.47,2026-07-12,2026-07-12
Robert Whittaker,Nikita Krylov,Pinnacle,Under,1.5,2.79,2026-07-12,2026-07-12
Robert Whittaker,Nikita Krylov,Coolbet,Over,2.5,2.18,2026-07-12,2026-07-12
Robert Whittaker,Nikita Krylov,Coolbet,Under,2.5,1.71,2026-07-12,2026-07-12
Robert Whittaker,Nikita Krylov,BetAnything,Over,2.5,2.22,2026-07-12,2026-07-12
Robert Whittaker,Nikita Krylov,BetAnything,Under,2.5,1.66,2026-07-12,2026-07-12
King Green,Terrance Mckinney,BetOnline.ag,Over,1.5,3.4,2026-07-12,2026-07-12
King Green,Terrance Mckinney,BetOnline.ag,Under,1.5,1.33,2026-07-12,2026-07-12
King Green,Terrance Mckinney,1xBet,Over,0.5,1.6,2026-07-12,2026-07-12
King Green,Terrance Mckinney,1xBet,Under,0.5,2.25,2026-07-12,2026-07-12
King Green,Terrance Mckinney,Pinnacle,Over,1.5,3.26,2026-07-12,2026-07-12
King Green,Terrance Mckinney,Pinnacle,Under,1.5,1.37,2026-07-12,2026-07-12
King Green,Terrance Mckinney,Coolbet,Over,1.5,3.45,2026-07-12,2026-07-12
King Green,Terrance Mckinney,Coolbet,Under,1.5,1.33,2026-07-12,2026-07-12
King Green,Terrance Mckinney,BetAnything,Over,1.5,3.35,2026-07-12,2026-07-12
King Green,Terrance Mckinney,BetAnything,Under,1.5,1.33,2026-07-12,2026-07-12
King Green,Terrance Mckinney,PMU (FR),Over,1.5,3.5,2026-07-12,2026-07-12
King Green,Terrance Mckinney,PMU (FR),Under,1.5,1.27,2026-07-12,2026-07-12
Brandon Royval,Lone'er Kavanagh,BetOnline.ag,Over,2.5,1.61,2026-07-12,2026-07-12
Brandon Royval,Lone'er Kavanagh,BetOnline.ag,Under,2.5,2.45,2026-07-12,2026-07-12
Brandon Royval,Lone'er Kavanagh,1xBet,Over,2.5,1.5,2026-07-12,2026-07-12
Brandon Royval,Lone'er Kavanagh,1xBet,Under,2.5,2.48,2026-07-12,2026-07-12
Brandon Royval,Lone'er Kavanagh,PMU (FR),Over,2.5,1.55,2026-07-12,2026-07-12
Brandon Royval,Lone'er Kavanagh,PMU (FR),Under,2.5,2.35,2026-07-12,2026-07-12
Brandon Royval,Lone'er Kavanagh,Pinnacle,Over,2.5,1.59,2026-07-12,2026-07-12
Brandon Royval,Lone'er Kavanagh,Pinnacle,Under,2.5,2.44,2026-07-12,2026-07-12
Brandon Royval,Lone'er Kavanagh,BetAnything,Over,2.5,1.59,2026-07-12,2026-07-12
Brandon Royval,Lone'er Kavanagh,BetAnything,Under,2.5,2.4,2026-07-12,2026-07-12
Brandon Royval,Lone'er Kavanagh,Coolbet,Over,2.5,1.58,2026-07-12,2026-07-12
Brandon Royval,Lone'er Kavanagh,Coolbet,Under,2.5,2.45,2026-07-12,2026-07-12
Cory Sandhagen,Mario Bautista,BetOnline.ag,Over,2.5,1.38,2026-07-12,2026-07-12
Cory Sandhagen,Mario Bautista,BetOnline.ag,Under,2.5,3.15,2026-07-12,2026-07-12
Cory Sandhagen,Mario Bautista,1xBet,Over,2.5,1.36,2026-07-12,2026-07-12
Cory Sandhagen,Mario Bautista,1xBet,Under,2.5,3.0,2026-07-12,2026-07-12
Cory Sandhagen,Mario Bautista,PMU (FR),Over,2.5,1.34,2026-07-12,2026-07-12
Cory Sandhagen,Mario Bautista,PMU (FR),Under,2.5,3.1,2026-07-12,2026-07-12
Cory Sandhagen,Mario Bautista,Pinnacle,Over,2.5,1.38,2026-07-12,2026-07-12
Cory Sandhagen,Mario Bautista,Pinnacle,Under,2.5,3.2,2026-07-12,2026-07-12
Cory Sandhagen,Mario Bautista,BetAnything,Over,2.5,1.38,2026-07-12,2026-07-12
Cory Sandhagen,Mario Bautista,BetAnything,Under,2.5,3.0,2026-07-12,2026-07-12
Cory Sandhagen,Mario Bautista,Coolbet,Over,2.5,1.43,2026-07-12,2026-07-12
Cory Sandhagen,Mario Bautista,Coolbet,Under,2.5,2.95,2026-07-12,2026-07-12
Paddy Pimblett,Benoit Saint-Denis,BetOnline.ag,Over,2.5,2.15,2026-07-12,2026-07-12
Paddy Pimblett,Benoit Saint-Denis,BetOnline.ag,Under,2.5,1.74,2026-07-12,2026-07-12
Paddy Pimblett,Benoit Saint-Denis,1xBet,Over,2.5,2.16,2026-07-12,2026-07-12
Paddy Pimblett,Benoit Saint-Denis,1xBet,Under,2.5,1.65,2026-07-12,2026-07-12
Paddy Pimblett,Benoit Saint-Denis,PMU (FR),Over,2.5,2.23,2026-07-12,2026-07-12
Paddy Pimblett,Benoit Saint-Denis,PMU (FR),Under,2.5,1.61,2026-07-12,2026-07-12
Paddy Pimblett,Benoit Saint-Denis,Pinnacle,Over,2.5,2.26,2026-07-12,2026-07-12
Paddy Pimblett,Benoit Saint-Denis,Pinnacle,Under,2.5,1.68,2026-07-12,2026-07-12
Paddy Pimblett,Benoit Saint-Denis,BetAnything,Over,2.5,2.05,2026-07-12,2026-07-12
Paddy Pimblett,Benoit Saint-Denis,BetAnything,Under,2.5,1.74,2026-07-12,2026-07-12
Paddy Pimblett,Benoit Saint-Denis,Coolbet,Over,2.5,2.2,2026-07-12,2026-07-12
Paddy Pimblett,Benoit Saint-Denis,Coolbet,Under,2.5,1.7,2026-07-12,2026-07-12
Max Holloway,Conor McGregor,1xBet,Over,2.5,1.9,2026-07-12,2026-07-12
Max Holloway,Conor McGregor,1xBet,Under,2.5,1.9,2026-07-12,2026-07-12
Max Holloway,Conor McGregor,BetOnline.ag,Over,2.5,1.79,2026-07-12,2026-07-12
Max Holloway,Conor McGregor,BetOnline.ag,Under,2.5,2.06,2026-07-12,2026-07-12
Max Holloway,Conor McGregor,Pinnacle,Over,2.5,1.86,2026-07-12,2026-07-12
Max Holloway,Conor McGregor,Pinnacle,Under,2.5,1.99,2026-07-12,2026-07-12
Max Holloway,Conor McGregor,PMU (FR),Over,2.5,1.93,2026-07-12,2026-07-12
Max Holloway,Conor McGregor,PMU (FR),Under,2.5,1.81,2026-07-12,2026-07-12
Max Holloway,Conor McGregor,Coolbet,Over,2.5,1.83,2026-07-12,2026-07-12
Max Holloway,Conor McGregor,Coolbet,Under,2.5,2.03,2026-07-12,2026-07-12
Max Holloway,Conor McGregor,BetAnything,Over,2.5,1.79,2026-07-12,2026-07-12
Max Holloway,Conor McGregor,BetAnything,Under,2.5,1.96,2026-07-12,2026-07-12
Levi Rodrigues,Felipe Franco,1xBet,Over,0.5,1.4,2026-07-12,2026-07-18
Levi Rodrigues,Felipe Franco,1xBet,Under,0.5,2.8,2026-07-12,2026-07-18
Tommy McMillen,Alberto Montes,1xBet,Over,2.5,2.05,2026-07-12,2026-07-18
Tommy McMillen,Alberto Montes,1xBet,Under,2.5,1.72,2026-07-12,2026-07-18
Alden Coria,Stewart Nicoll,1xBet,Over,1.5,1.55,2026-07-12,2026-07-18
Alden Coria,Stewart Nicoll,1xBet,Under,1.5,2.36,2026-07-12,2026-07-18
Seok Hyun Ko,Jean-Paul Lebosnoyani,1xBet,Over,2.5,1.5,2026-07-12,2026-07-18
Seok Hyun Ko,Jean-Paul Lebosnoyani,1xBet,Under,2.5,2.48,2026-07-12,2026-07-18
Tabatha Ricci,Fatima Kline,1xBet,Over,2.5,1.35,2026-07-12,2026-07-18
Tabatha Ricci,Fatima Kline,1xBet,Under,2.5,3.0,2026-07-12,2026-07-18
Chase Hooper,Mitch Ramirez,1xBet,Over,1.5,1.5,2026-07-12,2026-07-19
Chase Hooper,Mitch Ramirez,1xBet,Under,1.5,2.48,2026-07-12,2026-07-19
Jared Cannonier,Christian Leroy Duncan,1xBet,Over,2.5,1.52,2026-07-12,2026-07-19
Jared Cannonier,Christian Leroy Duncan,1xBet,Under,2.5,2.43,2026-07-12,2026-07-19
Dricus Du Plessis,Kamaru Usman,1xBet,Over,3.5,1.52,2026-07-12,2026-07-19
Dricus Du Plessis,Kamaru Usman,1xBet,Under,3.5,2.43,2026-07-12,2026-07-19
Magomed Ankalaev,Khalil Rountree,1xBet,Over,2.5,1.55,2026-07-12,2026-07-25
Magomed Ankalaev,Khalil Rountree,1xBet,Under,2.5,2.36,2026-07-12,2026-07-25
Levi Rodrigues,Felipe Franco,BetOnline.ag,Over,1.5,2.2,2026-07-12,2026-07-18
Levi Rodrigues,Felipe Franco,BetOnline.ag,Under,1.5,1.71,2026-07-12,2026-07-18
Tommy McMillen,Alberto Montes,BetOnline.ag,Over,1.5,1.65,2026-07-12,2026-07-18
Tommy McMillen,Alberto Montes,BetOnline.ag,Under,1.5,2.35,2026-07-12,2026-07-18
Alden Coria,Stewart Nicoll,BetOnline.ag,Over,1.5,1.69,2026-07-12,2026-07-18
Alden Coria,Stewart Nicoll,BetOnline.ag,Under,1.5,2.25,2026-07-12,2026-07-18
Austin Bashi,Jose Delgado,BetOnline.ag,Over,1.5,1.47,2026-07-12,2026-07-18
Austin Bashi,Jose Delgado,BetOnline.ag,Under,1.5,2.83,2026-07-12,2026-07-18
Seok Hyun Ko,Jean-Paul Lebosnoyani,BetOnline.ag,Over,2.5,1.57,2026-07-12,2026-07-18
Seok Hyun Ko,Jean-Paul Lebosnoyani,BetOnline.ag,Under,2.5,2.53,2026-07-12,2026-07-18
Tabatha Ricci,Fatima Kline,BetOnline.ag,Over,2.5,1.29,2026-07-12,2026-07-18
Tabatha Ricci,Fatima Kline,BetOnline.ag,Under,2.5,3.8,2026-07-12,2026-07-18
Chase Hooper,Mitch Ramirez,BetOnline.ag,Over,1.5,1.71,2026-07-12,2026-07-19
Chase Hooper,Mitch Ramirez,BetOnline.ag,Under,1.5,2.2,2026-07-12,2026-07-19
Jared Cannonier,Christian Leroy Duncan,BetOnline.ag,Over,2.5,1.69,2026-07-12,2026-07-19
Jared Cannonier,Christian Leroy Duncan,BetOnline.ag,Under,2.5,2.25,2026-07-12,2026-07-19
Dricus Du Plessis,Kamaru Usman,BetOnline.ag,Over,3.5,1.53,2026-07-12,2026-07-19
Dricus Du Plessis,Kamaru Usman,BetOnline.ag,Under,3.5,2.65,2026-07-12,2026-07-19
Mackenzie Dern,Gillian Robertson,1xBet,Over,4.5,1.65,2026-07-12,2026-08-16
Mackenzie Dern,Gillian Robertson,1xBet,Under,4.5,2.16,2026-07-12,2026-08-16
Islam Makhachev,Ian Garry,1xBet,Over,3.5,1.52,2026-07-12,2026-08-16
Islam Makhachev,Ian Garry,1xBet,Under,3.5,2.55,2026-07-12,2026-08-16
Umar Nurmagomedov,Song Yadong,1xBet,Over,3.5,1.45,2026-07-12,2026-08-29
Umar Nurmagomedov,Song Yadong,1xBet,Under,3.5,2.65,2026-07-12,2026-08-29
Tommy McMillen,Alberto Montes,BetOnline.ag,Over,1.5,2.05,2026-07-14,2026-07-18
Tommy McMillen,Alberto Montes,BetOnline.ag,Under,1.5,1.8,2026-07-14,2026-07-18
Tommy McMillen,Alberto Montes,1xBet,Over,1.5,1.8,2026-07-14,2026-07-18
Tommy McMillen,Alberto Montes,1xBet,Under,1.5,1.95,2026-07-14,2026-07-18
Tommy McMillen,Alberto Montes,Pinnacle,Over,1.5,1.88,2026-07-14,2026-07-18
Tommy McMillen,Alberto Montes,Pinnacle,Under,1.5,1.93,2026-07-14,2026-07-18
Alden Coria,Stewart Nicoll,BetOnline.ag,Over,1.5,1.69,2026-07-14,2026-07-18
Alden Coria,Stewart Nicoll,BetOnline.ag,Under,1.5,2.25,2026-07-14,2026-07-18
Alden Coria,Stewart Nicoll,1xBet,Over,1.5,1.55,2026-07-14,2026-07-18
Alden Coria,Stewart Nicoll,1xBet,Under,1.5,2.36,2026-07-14,2026-07-18
Alden Coria,Stewart Nicoll,Pinnacle,Over,1.5,1.68,2026-07-14,2026-07-18
Alden Coria,Stewart Nicoll,Pinnacle,Under,1.5,2.21,2026-07-14,2026-07-18
Anna Melisano,Dione Barbosa,Pinnacle,Over,2.5,2.15,2026-07-14,2026-07-18
Anna Melisano,Dione Barbosa,Pinnacle,Under,2.5,1.71,2026-07-14,2026-07-18
Anna Melisano,Dione Barbosa,1xBet,Over,2.5,1.9,2026-07-14,2026-07-18
Anna Melisano,Dione Barbosa,1xBet,Under,2.5,1.84,2026-07-14,2026-07-18
Anna Melisano,Dione Barbosa,BetOnline.ag,Over,2.5,2.3,2026-07-14,2026-07-18
Anna Melisano,Dione Barbosa,BetOnline.ag,Under,2.5,1.67,2026-07-14,2026-07-18
Austin Bashi,Jose Delgado,BetOnline.ag,Over,1.5,1.56,2026-07-14,2026-07-18
Austin Bashi,Jose Delgado,BetOnline.ag,Under,1.5,2.57,2026-07-14,2026-07-18
Austin Bashi,Jose Delgado,1xBet,Over,2.5,1.85,2026-07-14,2026-07-18
Austin Bashi,Jose Delgado,1xBet,Under,2.5,1.9,2026-07-14,2026-07-18
Austin Bashi,Jose Delgado,Pinnacle,Over,1.5,1.55,2026-07-14,2026-07-18
Austin Bashi,Jose Delgado,Pinnacle,Under,1.5,2.49,2026-07-14,2026-07-18
Levi Rodrigues,Felipe Franco,BetOnline.ag,Over,1.5,2.0,2026-07-14,2026-07-18
Levi Rodrigues,Felipe Franco,BetOnline.ag,Under,1.5,1.83,2026-07-14,2026-07-18
Levi Rodrigues,Felipe Franco,1xBet,Over,1.5,1.91,2026-07-14,2026-07-18
Levi Rodrigues,Felipe Franco,1xBet,Under,1.5,1.83,2026-07-14,2026-07-18
Levi Rodrigues,Felipe Franco,Pinnacle,Over,1.5,2.01,2026-07-14,2026-07-18
Levi Rodrigues,Felipe Franco,Pinnacle,Under,1.5,1.82,2026-07-14,2026-07-18
Seok Hyun Ko,Jean-Paul Lebosnoyani,BetOnline.ag,Over,2.5,1.57,2026-07-14,2026-07-18
Seok Hyun Ko,Jean-Paul Lebosnoyani,BetOnline.ag,Under,2.5,2.53,2026-07-14,2026-07-18
Seok Hyun Ko,Jean-Paul Lebosnoyani,1xBet,Over,2.5,1.5,2026-07-14,2026-07-18
Seok Hyun Ko,Jean-Paul Lebosnoyani,1xBet,Under,2.5,2.48,2026-07-14,2026-07-18
Seok Hyun Ko,Jean-Paul Lebosnoyani,Pinnacle,Over,2.5,1.56,2026-07-14,2026-07-18
Seok Hyun Ko,Jean-Paul Lebosnoyani,Pinnacle,Under,2.5,2.46,2026-07-14,2026-07-18
RJ Harris,Alvin Hines,BetOnline.ag,Over,1.5,1.74,2026-07-14,2026-07-18
RJ Harris,Alvin Hines,BetOnline.ag,Under,1.5,2.15,2026-07-14,2026-07-18
RJ Harris,Alvin Hines,Pinnacle,Over,1.5,1.65,2026-07-14,2026-07-18
RJ Harris,Alvin Hines,Pinnacle,Under,1.5,2.26,2026-07-14,2026-07-18
Tabatha Ricci,Fatima Kline,BetOnline.ag,Over,2.5,1.29,2026-07-14,2026-07-18
Tabatha Ricci,Fatima Kline,BetOnline.ag,Under,2.5,3.8,2026-07-14,2026-07-18
Tabatha Ricci,Fatima Kline,1xBet,Over,2.5,1.35,2026-07-14,2026-07-18
Tabatha Ricci,Fatima Kline,1xBet,Under,2.5,3.0,2026-07-14,2026-07-18
Tabatha Ricci,Fatima Kline,Pinnacle,Over,2.5,1.28,2026-07-14,2026-07-18
Tabatha Ricci,Fatima Kline,Pinnacle,Under,2.5,3.74,2026-07-14,2026-07-18
Chase Hooper,Mitch Ramirez,BetOnline.ag,Over,1.5,1.83,2026-07-14,2026-07-19
Chase Hooper,Mitch Ramirez,BetOnline.ag,Under,1.5,2.0,2026-07-14,2026-07-19
Chase Hooper,Mitch Ramirez,1xBet,Over,1.5,1.5,2026-07-14,2026-07-19
Chase Hooper,Mitch Ramirez,1xBet,Under,1.5,2.48,2026-07-14,2026-07-19
Chase Hooper,Mitch Ramirez,Pinnacle,Over,1.5,1.74,2026-07-14,2026-07-19
Chase Hooper,Mitch Ramirez,Pinnacle,Under,1.5,2.11,2026-07-14,2026-07-19
Jared Cannonier,Christian Leroy Duncan,BetOnline.ag,Over,2.5,1.67,2026-07-14,2026-07-19
Jared Cannonier,Christian Leroy Duncan,BetOnline.ag,Under,2.5,2.3,2026-07-14,2026-07-19
Jared Cannonier,Christian Leroy Duncan,1xBet,Over,2.5,1.52,2026-07-14,2026-07-19
Jared Cannonier,Christian Leroy Duncan,1xBet,Under,2.5,2.43,2026-07-14,2026-07-19
Jared Cannonier,Christian Leroy Duncan,Pinnacle,Over,2.5,1.66,2026-07-14,2026-07-19
Jared Cannonier,Christian Leroy Duncan,Pinnacle,Under,2.5,2.25,2026-07-14,2026-07-19
Dricus Du Plessis,Kamaru Usman,BetOnline.ag,Over,3.5,1.56,2026-07-14,2026-07-19
Dricus Du Plessis,Kamaru Usman,BetOnline.ag,Under,3.5,2.57,2026-07-14,2026-07-19
Dricus Du Plessis,Kamaru Usman,1xBet,Over,4.5,1.83,2026-07-14,2026-07-19
Dricus Du Plessis,Kamaru Usman,1xBet,Under,4.5,1.91,2026-07-14,2026-07-19
Dricus Du Plessis,Kamaru Usman,Pinnacle,Over,3.5,1.52,2026-07-14,2026-07-19
Dricus Du Plessis,Kamaru Usman,Pinnacle,Under,3.5,2.58,2026-07-14,2026-07-19
Dricus Du Plessis,Kamaru Usman,PMU (FR),Over,4.5,1.83,2026-07-14,2026-07-19
Dricus Du Plessis,Kamaru Usman,PMU (FR),Under,4.5,1.91,2026-07-14,2026-07-19
Mackenzie Dern,Gillian Robertson,1xBet,Over,4.5,1.65,2026-07-14,2026-08-16
Mackenzie Dern,Gillian Robertson,1xBet,Under,4.5,2.16,2026-07-14,2026-08-16
Islam Makhachev,Ian Garry,1xBet,Over,3.5,1.52,2026-07-14,2026-08-16
Islam Makhachev,Ian Garry,1xBet,Under,3.5,2.55,2026-07-14,2026-08-16
Umar Nurmagomedov,Song Yadong,1xBet,Over,3.5,1.45,2026-07-14,2026-08-29
Umar Nurmagomedov,Song Yadong,1xBet,Under,3.5,2.65,2026-07-14,2026-08-29
Tommy McMillen,Alberto Montes,Coolbet,Over,1.5,2.05,2026-07-14,2026-07-18
Tommy McMillen,Alberto Montes,Coolbet,Under,1.5,1.8,2026-07-14,2026-07-18
Alden Coria,Stewart Nicoll,Coolbet,Over,1.5,1.68,2026-07-14,2026-07-18
Alden Coria,Stewart Nicoll,Coolbet,Under,1.5,2.25,2026-07-14,2026-07-18
Anna Melisano,Dione Barbosa,Coolbet,Over,2.5,2.2,2026-07-14,2026-07-18
Anna Melisano,Dione Barbosa,Coolbet,Under,2.5,1.69,2026-07-14,2026-07-18
Austin Bashi,Jose Delgado,Coolbet,Over,1.5,1.54,2026-07-14,2026-07-18
Austin Bashi,Jose Delgado,Coolbet,Under,1.5,2.55,2026-07-14,2026-07-18
Levi Rodrigues,Felipe Franco,Coolbet,Over,1.5,2.0,2026-07-14,2026-07-18
Levi Rodrigues,Felipe Franco,Coolbet,Under,1.5,1.83,2026-07-14,2026-07-18
Seok Hyun Ko,Jean-Paul Lebosnoyani,Coolbet,Over,2.5,1.57,2026-07-14,2026-07-18
Seok Hyun Ko,Jean-Paul Lebosnoyani,Coolbet,Under,2.5,2.48,2026-07-14,2026-07-18
RJ Harris,Alvin Hines,Coolbet,Over,1.5,1.68,2026-07-14,2026-07-18
RJ Harris,Alvin Hines,Coolbet,Under,1.5,2.25,2026-07-14,2026-07-18
Tabatha Ricci,Fatima Kline,Coolbet,Over,2.5,1.29,2026-07-14,2026-07-18
Tabatha Ricci,Fatima Kline,Coolbet,Under,2.5,3.75,2026-07-14,2026-07-18
Chase Hooper,Mitch Ramirez,Coolbet,Over,1.5,1.83,2026-07-14,2026-07-19
Chase Hooper,Mitch Ramirez,Coolbet,Under,1.5,2.0,2026-07-14,2026-07-19
Jared Cannonier,Christian Leroy Duncan,Coolbet,Over,2.5,1.65,2026-07-14,2026-07-19
Jared Cannonier,Christian Leroy Duncan,Coolbet,Under,2.5,2.3,2026-07-14,2026-07-19
Dricus Du Plessis,Kamaru Usman,Coolbet,Over,3.5,1.54,2026-07-14,2026-07-19
Dricus Du Plessis,Kamaru Usman,Coolbet,Under,3.5,2.57,2026-07-14,2026-07-19
Tommy McMillen,Alberto Montes,BetOnline.ag,Over,1.5,1.77,2026-07-15,2026-07-18
Tommy McMillen,Alberto Montes,BetOnline.ag,Under,1.5,2.1,2026-07-15,2026-07-18
Tommy McMillen,Alberto Montes,1xBet,Over,1.5,1.87,2026-07-15,2026-07-18
Tommy McMillen,Alberto Montes,1xBet,Under,1.5,1.87,2026-07-15,2026-07-18
Tommy McMillen,Alberto Montes,Coolbet,Over,1.5,1.8,2026-07-15,2026-07-18
Tommy McMillen,Alberto Montes,Coolbet,Under,1.5,2.03,2026-07-15,2026-07-18
Tommy McMillen,Alberto Montes,Pinnacle,Over,1.5,1.8,2026-07-15,2026-07-18
Tommy McMillen,Alberto Montes,Pinnacle,Under,1.5,2.03,2026-07-15,2026-07-18
Alden Coria,Stewart Nicoll,BetOnline.ag,Over,1.5,1.67,2026-07-15,2026-07-18
Alden Coria,Stewart Nicoll,BetOnline.ag,Under,1.5,2.3,2026-07-15,2026-07-18
Alden Coria,Stewart Nicoll,1xBet,Over,1.5,1.55,2026-07-15,2026-07-18
Alden Coria,Stewart Nicoll,1xBet,Under,1.5,2.36,2026-07-15,2026-07-18
Alden Coria,Stewart Nicoll,Coolbet,Over,1.5,1.68,2026-07-15,2026-07-18
Alden Coria,Stewart Nicoll,Coolbet,Under,1.5,2.25,2026-07-15,2026-07-18
Alden Coria,Stewart Nicoll,Pinnacle,Over,1.5,1.68,2026-07-15,2026-07-18
Alden Coria,Stewart Nicoll,Pinnacle,Under,1.5,2.21,2026-07-15,2026-07-18
Anna Melisano,Dione Barbosa,Pinnacle,Over,2.5,2.15,2026-07-15,2026-07-18
Anna Melisano,Dione Barbosa,Pinnacle,Under,2.5,1.71,2026-07-15,2026-07-18
Anna Melisano,Dione Barbosa,1xBet,Over,2.5,1.9,2026-07-15,2026-07-18
Anna Melisano,Dione Barbosa,1xBet,Under,2.5,1.84,2026-07-15,2026-07-18
Anna Melisano,Dione Barbosa,BetOnline.ag,Over,2.5,2.25,2026-07-15,2026-07-18
Anna Melisano,Dione Barbosa,BetOnline.ag,Under,2.5,1.69,2026-07-15,2026-07-18
Anna Melisano,Dione Barbosa,Coolbet,Over,2.5,2.2,2026-07-15,2026-07-18
Anna Melisano,Dione Barbosa,Coolbet,Under,2.5,1.69,2026-07-15,2026-07-18
Austin Bashi,Jose Delgado,BetOnline.ag,Over,1.5,1.56,2026-07-15,2026-07-18
Austin Bashi,Jose Delgado,BetOnline.ag,Under,1.5,2.57,2026-07-15,2026-07-18
Austin Bashi,Jose Delgado,1xBet,Over,2.5,1.85,2026-07-15,2026-07-18
Austin Bashi,Jose Delgado,1xBet,Under,2.5,1.9,2026-07-15,2026-07-18
Austin Bashi,Jose Delgado,Coolbet,Over,1.5,1.54,2026-07-15,2026-07-18
Austin Bashi,Jose Delgado,Coolbet,Under,1.5,2.55,2026-07-15,2026-07-18
Austin Bashi,Jose Delgado,Pinnacle,Over,1.5,1.55,2026-07-15,2026-07-18
Austin Bashi,Jose Delgado,Pinnacle,Under,1.5,2.48,2026-07-15,2026-07-18
Levi Rodrigues,Felipe Franco,BetOnline.ag,Over,1.5,2.0,2026-07-15,2026-07-18
Levi Rodrigues,Felipe Franco,BetOnline.ag,Under,1.5,1.83,2026-07-15,2026-07-18
Levi Rodrigues,Felipe Franco,1xBet,Over,1.5,1.91,2026-07-15,2026-07-18
Levi Rodrigues,Felipe Franco,1xBet,Under,1.5,1.83,2026-07-15,2026-07-18
Levi Rodrigues,Felipe Franco,Coolbet,Over,1.5,2.0,2026-07-15,2026-07-18
Levi Rodrigues,Felipe Franco,Coolbet,Under,1.5,1.83,2026-07-15,2026-07-18
Levi Rodrigues,Felipe Franco,Pinnacle,Over,1.5,2.0,2026-07-15,2026-07-18
Levi Rodrigues,Felipe Franco,Pinnacle,Under,1.5,1.82,2026-07-15,2026-07-18
Seok Hyun Ko,Jean-Paul Lebosnoyani,BetOnline.ag,Over,2.5,1.57,2026-07-15,2026-07-18
Seok Hyun Ko,Jean-Paul Lebosnoyani,BetOnline.ag,Under,2.5,2.53,2026-07-15,2026-07-18
Seok Hyun Ko,Jean-Paul Lebosnoyani,1xBet,Over,2.5,1.5,2026-07-15,2026-07-18
Seok Hyun Ko,Jean-Paul Lebosnoyani,1xBet,Under,2.5,2.48,2026-07-15,2026-07-18
Seok Hyun Ko,Jean-Paul Lebosnoyani,Coolbet,Over,2.5,1.57,2026-07-15,2026-07-18
Seok Hyun Ko,Jean-Paul Lebosnoyani,Coolbet,Under,2.5,2.48,2026-07-15,2026-07-18
Seok Hyun Ko,Jean-Paul Lebosnoyani,Pinnacle,Over,2.5,1.56,2026-07-15,2026-07-18
Seok Hyun Ko,Jean-Paul Lebosnoyani,Pinnacle,Under,2.5,2.46,2026-07-15,2026-07-18
RJ Harris,Alvin Hines,BetOnline.ag,Over,1.5,1.65,2026-07-15,2026-07-18
RJ Harris,Alvin Hines,BetOnline.ag,Under,1.5,2.35,2026-07-15,2026-07-18
RJ Harris,Alvin Hines,Coolbet,Over,1.5,1.68,2026-07-15,2026-07-18
RJ Harris,Alvin Hines,Coolbet,Under,1.5,2.25,2026-07-15,2026-07-18
RJ Harris,Alvin Hines,Pinnacle,Over,1.5,1.57,2026-07-15,2026-07-18
RJ Harris,Alvin Hines,Pinnacle,Under,1.5,2.44,2026-07-15,2026-07-18
Tabatha Ricci,Fatima Kline,BetOnline.ag,Over,2.5,1.29,2026-07-15,2026-07-18
Tabatha Ricci,Fatima Kline,BetOnline.ag,Under,2.5,3.8,2026-07-15,2026-07-18
Tabatha Ricci,Fatima Kline,1xBet,Over,2.5,1.35,2026-07-15,2026-07-18
Tabatha Ricci,Fatima Kline,1xBet,Under,2.5,3.0,2026-07-15,2026-07-18
Tabatha Ricci,Fatima Kline,Coolbet,Over,2.5,1.29,2026-07-15,2026-07-18
Tabatha Ricci,Fatima Kline,Coolbet,Under,2.5,3.75,2026-07-15,2026-07-18
Tabatha Ricci,Fatima Kline,Pinnacle,Over,2.5,1.28,2026-07-15,2026-07-18
Tabatha Ricci,Fatima Kline,Pinnacle,Under,2.5,3.74,2026-07-15,2026-07-18
Chase Hooper,Mitch Ramirez,BetOnline.ag,Over,1.5,1.83,2026-07-15,2026-07-19
Chase Hooper,Mitch Ramirez,BetOnline.ag,Under,1.5,2.0,2026-07-15,2026-07-19
Chase Hooper,Mitch Ramirez,1xBet,Over,1.5,1.5,2026-07-15,2026-07-19
Chase Hooper,Mitch Ramirez,1xBet,Under,1.5,2.48,2026-07-15,2026-07-19
Chase Hooper,Mitch Ramirez,Coolbet,Over,1.5,1.83,2026-07-15,2026-07-19
Chase Hooper,Mitch Ramirez,Coolbet,Under,1.5,2.0,2026-07-15,2026-07-19
Chase Hooper,Mitch Ramirez,Pinnacle,Over,1.5,1.72,2026-07-15,2026-07-19
Chase Hooper,Mitch Ramirez,Pinnacle,Under,1.5,2.14,2026-07-15,2026-07-19
Jared Cannonier,Christian Leroy Duncan,BetOnline.ag,Over,2.5,1.67,2026-07-15,2026-07-19
Jared Cannonier,Christian Leroy Duncan,BetOnline.ag,Under,2.5,2.3,2026-07-15,2026-07-19
Jared Cannonier,Christian Leroy Duncan,1xBet,Over,2.5,1.52,2026-07-15,2026-07-19
Jared Cannonier,Christian Leroy Duncan,1xBet,Under,2.5,2.43,2026-07-15,2026-07-19
Jared Cannonier,Christian Leroy Duncan,Coolbet,Over,2.5,1.65,2026-07-15,2026-07-19
Jared Cannonier,Christian Leroy Duncan,Coolbet,Under,2.5,2.3,2026-07-15,2026-07-19
Jared Cannonier,Christian Leroy Duncan,Pinnacle,Over,2.5,1.65,2026-07-15,2026-07-19
Jared Cannonier,Christian Leroy Duncan,Pinnacle,Under,2.5,2.26,2026-07-15,2026-07-19
Dricus Du Plessis,Kamaru Usman,BetOnline.ag,Over,3.5,1.56,2026-07-15,2026-07-19
Dricus Du Plessis,Kamaru Usman,BetOnline.ag,Under,3.5,2.57,2026-07-15,2026-07-19
Dricus Du Plessis,Kamaru Usman,1xBet,Over,4.5,1.83,2026-07-15,2026-07-19
Dricus Du Plessis,Kamaru Usman,1xBet,Under,4.5,1.91,2026-07-15,2026-07-19
Dricus Du Plessis,Kamaru Usman,Pinnacle,Over,3.5,1.52,2026-07-15,2026-07-19
Dricus Du Plessis,Kamaru Usman,Pinnacle,Under,3.5,2.58,2026-07-15,2026-07-19
Dricus Du Plessis,Kamaru Usman,Coolbet,Over,3.5,1.54,2026-07-15,2026-07-19
Dricus Du Plessis,Kamaru Usman,Coolbet,Under,3.5,2.57,2026-07-15,2026-07-19
Dricus Du Plessis,Kamaru Usman,PMU (FR),Over,4.5,1.83,2026-07-15,2026-07-19
Dricus Du Plessis,Kamaru Usman,PMU (FR),Under,4.5,1.91,2026-07-15,2026-07-19
Mackenzie Dern,Gillian Robertson,1xBet,Over,4.5,1.65,2026-07-15,2026-08-16
Mackenzie Dern,Gillian Robertson,1xBet,Under,4.5,2.16,2026-07-15,2026-08-16
Islam Makhachev,Ian Garry,1xBet,Over,3.5,1.52,2026-07-15,2026-08-16
Islam Makhachev,Ian Garry,1xBet,Under,3.5,2.55,2026-07-15,2026-08-16
Umar Nurmagomedov,Song Yadong,1xBet,Over,3.5,1.45,2026-07-15,2026-08-29
Umar Nurmagomedov,Song Yadong,1xBet,Under,3.5,2.65,2026-07-15,2026-08-29
Tommy McMillen,Alberto Montes,BetAnything,Over,1.5,1.77,2026-07-15,2026-07-18
Tommy McMillen,Alberto Montes,BetAnything,Under,1.5,2.0,2026-07-15,2026-07-18
Tommy McMillen,Alberto Montes,PMU (FR),Over,1.5,1.76,2026-07-15,2026-07-18
Tommy McMillen,Alberto Montes,PMU (FR),Under,1.5,1.97,2026-07-15,2026-07-18
Alden Coria,Stewart Nicoll,BetAnything,Over,1.5,1.61,2026-07-15,2026-07-18
Alden Coria,Stewart Nicoll,BetAnything,Under,1.5,2.35,2026-07-15,2026-07-18
Anna Melisano,Dione Barbosa,BetAnything,Over,2.5,2.2,2026-07-15,2026-07-18
Anna Melisano,Dione Barbosa,BetAnything,Under,2.5,1.67,2026-07-15,2026-07-18
Austin Bashi,Jose Delgado,BetAnything,Over,1.5,1.56,2026-07-15,2026-07-18
Austin Bashi,Jose Delgado,BetAnything,Under,1.5,2.5,2026-07-15,2026-07-18
Levi Rodrigues,Felipe Franco,BetAnything,Over,1.5,1.91,2026-07-15,2026-07-18
Levi Rodrigues,Felipe Franco,BetAnything,Under,1.5,1.83,2026-07-15,2026-07-18
Seok Hyun Ko,Jean-Paul Lebosnoyani,BetAnything,Over,2.5,1.56,2026-07-15,2026-07-18
Seok Hyun Ko,Jean-Paul Lebosnoyani,BetAnything,Under,2.5,2.5,2026-07-15,2026-07-18
RJ Harris,Alvin Hines,BetAnything,Over,1.5,1.57,2026-07-15,2026-07-18
RJ Harris,Alvin Hines,BetAnything,Under,1.5,2.45,2026-07-15,2026-07-18
Tabatha Ricci,Fatima Kline,BetAnything,Over,2.5,1.25,2026-07-15,2026-07-18
Tabatha Ricci,Fatima Kline,BetAnything,Under,2.5,3.6,2026-07-15,2026-07-18
Chase Hooper,Mitch Ramirez,BetAnything,Over,1.5,1.74,2026-07-15,2026-07-19
Chase Hooper,Mitch Ramirez,BetAnything,Under,1.5,2.05,2026-07-15,2026-07-19
Chase Hooper,Mitch Ramirez,PMU (FR),Over,1.5,1.74,2026-07-15,2026-07-19
Chase Hooper,Mitch Ramirez,PMU (FR),Under,1.5,2.02,2026-07-15,2026-07-19
Jared Cannonier,Christian Leroy Duncan,BetAnything,Over,2.5,1.67,2026-07-15,2026-07-19
Jared Cannonier,Christian Leroy Duncan,BetAnything,Under,2.5,2.2,2026-07-15,2026-07-19
Jared Cannonier,Christian Leroy Duncan,PMU (FR),Over,2.5,1.64,2026-07-15,2026-07-19
Jared Cannonier,Christian Leroy Duncan,PMU (FR),Under,2.5,2.18,2026-07-15,2026-07-19
Dricus Du Plessis,Kamaru Usman,BetAnything,Over,3.5,1.51,2026-07-15,2026-07-19
Dricus Du Plessis,Kamaru Usman,BetAnything,Under,3.5,2.65,2026-07-15,2026-07-19
Rizvan Kuniev,Tyrell Fortune,1xBet,Over,1.5,1.45,2026-07-15,2026-07-25
Rizvan Kuniev,Tyrell Fortune,1xBet,Under,1.5,2.65,2026-07-15,2026-07-25
Tommy McMillen,Alberto Montes,BetOnline.ag,Over,1.5,1.85,2026-07-16,2026-07-18
Tommy McMillen,Alberto Montes,BetOnline.ag,Under,1.5,1.98,2026-07-16,2026-07-18
Tommy McMillen,Alberto Montes,1xBet,Over,1.5,1.87,2026-07-16,2026-07-18
Tommy McMillen,Alberto Montes,1xBet,Under,1.5,1.87,2026-07-16,2026-07-18
Tommy McMillen,Alberto Montes,Coolbet,Over,1.5,1.85,2026-07-16,2026-07-18
Tommy McMillen,Alberto Montes,Coolbet,Under,1.5,1.97,2026-07-16,2026-07-18
Tommy McMillen,Alberto Montes,Pinnacle,Over,1.5,1.85,2026-07-16,2026-07-18
Tommy McMillen,Alberto Montes,Pinnacle,Under,1.5,1.97,2026-07-16,2026-07-18
Tommy McMillen,Alberto Montes,BetAnything,Over,1.5,1.77,2026-07-16,2026-07-18
Tommy McMillen,Alberto Montes,BetAnything,Under,1.5,2.0,2026-07-16,2026-07-18
Tommy McMillen,Alberto Montes,PMU (FR),Over,1.5,1.76,2026-07-16,2026-07-18
Tommy McMillen,Alberto Montes,PMU (FR),Under,1.5,1.97,2026-07-16,2026-07-18
Alden Coria,Stewart Nicoll,BetOnline.ag,Over,1.5,1.6,2026-07-16,2026-07-18
Alden Coria,Stewart Nicoll,BetOnline.ag,Under,1.5,2.47,2026-07-16,2026-07-18
Alden Coria,Stewart Nicoll,1xBet,Over,2.5,2.25,2026-07-16,2026-07-18
Alden Coria,Stewart Nicoll,1xBet,Under,2.5,1.62,2026-07-16,2026-07-18
Alden Coria,Stewart Nicoll,Coolbet,Over,1.5,1.6,2026-07-16,2026-07-18
Alden Coria,Stewart Nicoll,Coolbet,Under,1.5,2.41,2026-07-16,2026-07-18
Alden Coria,Stewart Nicoll,Pinnacle,Over,1.5,1.56,2026-07-16,2026-07-18
Alden Coria,Stewart Nicoll,Pinnacle,Under,1.5,2.45,2026-07-16,2026-07-18
Alden Coria,Stewart Nicoll,BetAnything,Over,1.5,1.61,2026-07-16,2026-07-18
Alden Coria,Stewart Nicoll,BetAnything,Under,1.5,2.35,2026-07-16,2026-07-18
Anna Melisano,Dione Barbosa,Pinnacle,Over,2.5,2.23,2026-07-16,2026-07-18
Anna Melisano,Dione Barbosa,Pinnacle,Under,2.5,1.67,2026-07-16,2026-07-18
Anna Melisano,Dione Barbosa,BetAnything,Over,2.5,2.18,2026-07-16,2026-07-18
Anna Melisano,Dione Barbosa,BetAnything,Under,2.5,1.68,2026-07-16,2026-07-18
Anna Melisano,Dione Barbosa,1xBet,Over,2.5,1.9,2026-07-16,2026-07-18
Anna Melisano,Dione Barbosa,1xBet,Under,2.5,1.84,2026-07-16,2026-07-18
Anna Melisano,Dione Barbosa,BetOnline.ag,Over,2.5,2.28,2026-07-16,2026-07-18
Anna Melisano,Dione Barbosa,BetOnline.ag,Under,2.5,1.68,2026-07-16,2026-07-18
Anna Melisano,Dione Barbosa,Coolbet,Over,2.5,2.31,2026-07-16,2026-07-18
Anna Melisano,Dione Barbosa,Coolbet,Under,2.5,1.65,2026-07-16,2026-07-18
Austin Bashi,Jose Delgado,BetOnline.ag,Over,1.5,1.53,2026-07-16,2026-07-18
Austin Bashi,Jose Delgado,BetOnline.ag,Under,1.5,2.65,2026-07-16,2026-07-18
Austin Bashi,Jose Delgado,1xBet,Over,2.5,1.85,2026-07-16,2026-07-18
Austin Bashi,Jose Delgado,1xBet,Under,2.5,1.9,2026-07-16,2026-07-18
Austin Bashi,Jose Delgado,Coolbet,Over,1.5,1.54,2026-07-16,2026-07-18
Austin Bashi,Jose Delgado,Coolbet,Under,1.5,2.55,2026-07-16,2026-07-18
Austin Bashi,Jose Delgado,Pinnacle,Over,1.5,1.52,2026-07-16,2026-07-18
Austin Bashi,Jose Delgado,Pinnacle,Under,1.5,2.58,2026-07-16,2026-07-18
Austin Bashi,Jose Delgado,BetAnything,Over,1.5,1.56,2026-07-16,2026-07-18
Austin Bashi,Jose Delgado,BetAnything,Under,1.5,2.5,2026-07-16,2026-07-18
Levi Rodrigues,Felipe Franco,BetOnline.ag,Over,1.5,1.95,2026-07-16,2026-07-18
Levi Rodrigues,Felipe Franco,BetOnline.ag,Under,1.5,1.87,2026-07-16,2026-07-18
Levi Rodrigues,Felipe Franco,1xBet,Over,1.5,1.87,2026-07-16,2026-07-18
Levi Rodrigues,Felipe Franco,1xBet,Under,1.5,1.87,2026-07-16,2026-07-18
Levi Rodrigues,Felipe Franco,Coolbet,Over,1.5,2.0,2026-07-16,2026-07-18
Levi Rodrigues,Felipe Franco,Coolbet,Under,1.5,1.83,2026-07-16,2026-07-18
Levi Rodrigues,Felipe Franco,Pinnacle,Over,1.5,2.0,2026-07-16,2026-07-18
Levi Rodrigues,Felipe Franco,Pinnacle,Under,1.5,1.82,2026-07-16,2026-07-18
Levi Rodrigues,Felipe Franco,BetAnything,Over,1.5,1.91,2026-07-16,2026-07-18
Levi Rodrigues,Felipe Franco,BetAnything,Under,1.5,1.83,2026-07-16,2026-07-18
Seok Hyun Ko,Jean-Paul Lebosnoyani,BetOnline.ag,Over,2.5,1.57,2026-07-16,2026-07-18
Seok Hyun Ko,Jean-Paul Lebosnoyani,BetOnline.ag,Under,2.5,2.53,2026-07-16,2026-07-18
Seok Hyun Ko,Jean-Paul Lebosnoyani,1xBet,Over,2.5,1.5,2026-07-16,2026-07-18
Seok Hyun Ko,Jean-Paul Lebosnoyani,1xBet,Under,2.5,2.48,2026-07-16,2026-07-18
Seok Hyun Ko,Jean-Paul Lebosnoyani,Coolbet,Over,2.5,1.57,2026-07-16,2026-07-18
Seok Hyun Ko,Jean-Paul Lebosnoyani,Coolbet,Under,2.5,2.48,2026-07-16,2026-07-18
Seok Hyun Ko,Jean-Paul Lebosnoyani,Pinnacle,Over,2.5,1.56,2026-07-16,2026-07-18
Seok Hyun Ko,Jean-Paul Lebosnoyani,Pinnacle,Under,2.5,2.46,2026-07-16,2026-07-18
Seok Hyun Ko,Jean-Paul Lebosnoyani,BetAnything,Over,2.5,1.56,2026-07-16,2026-07-18
Seok Hyun Ko,Jean-Paul Lebosnoyani,BetAnything,Under,2.5,2.5,2026-07-16,2026-07-18
RJ Harris,Alvin Hines,BetOnline.ag,Over,1.5,1.59,2026-07-16,2026-07-18
RJ Harris,Alvin Hines,BetOnline.ag,Under,1.5,2.49,2026-07-16,2026-07-18
RJ Harris,Alvin Hines,BetAnything,Over,1.5,1.57,2026-07-16,2026-07-18
RJ Harris,Alvin Hines,BetAnything,Under,1.5,2.45,2026-07-16,2026-07-18
RJ Harris,Alvin Hines,Coolbet,Over,1.5,1.68,2026-07-16,2026-07-18
RJ Harris,Alvin Hines,Coolbet,Under,1.5,2.25,2026-07-16,2026-07-18
RJ Harris,Alvin Hines,Pinnacle,Over,1.5,1.57,2026-07-16,2026-07-18
RJ Harris,Alvin Hines,Pinnacle,Under,1.5,2.44,2026-07-16,2026-07-18
Andrea Vazquez,Aleksandra Savicheva,BetOnline.ag,Over,2.5,1.4,2026-07-16,2026-07-18
Andrea Vazquez,Aleksandra Savicheva,BetOnline.ag,Under,2.5,3.07,2026-07-16,2026-07-18
Mia Grawe,Ashley Thiner,BetOnline.ag,Over,2.5,1.67,2026-07-16,2026-07-18
Mia Grawe,Ashley Thiner,BetOnline.ag,Under,2.5,2.3,2026-07-16,2026-07-18
Biaggio Ali Walsh,Gamid Khizriev,BetOnline.ag,Over,1.5,1.67,2026-07-16,2026-07-18
Biaggio Ali Walsh,Gamid Khizriev,BetOnline.ag,Under,1.5,2.3,2026-07-16,2026-07-18
Victoria Alba,Borena Tsertsvadze,BetOnline.ag,Over,2.5,1.91,2026-07-16,2026-07-18
Victoria Alba,Borena Tsertsvadze,BetOnline.ag,Under,2.5,1.91,2026-07-16,2026-07-18
Caolan Loughran,Julio Arce,BetOnline.ag,Over,2.5,1.5,2026-07-16,2026-07-18
Caolan Loughran,Julio Arce,BetOnline.ag,Under,2.5,2.74,2026-07-16,2026-07-18
Johnny Eblen,Impa Kasanganay,BetOnline.ag,Over,3.5,1.67,2026-07-16,2026-07-18
Johnny Eblen,Impa Kasanganay,BetOnline.ag,Under,3.5,2.3,2026-07-16,2026-07-18
Jackson Glass,Zak Flessas,BetOnline.ag,Over,1.5,2.8,2026-07-16,2026-07-18
Jackson Glass,Zak Flessas,BetOnline.ag,Under,1.5,1.48,2026-07-16,2026-07-18
Jesus Pinedo,Levy Saul Marroquin,BetOnline.ag,Over,2.5,2.3,2026-07-16,2026-07-18
Jesus Pinedo,Levy Saul Marroquin,BetOnline.ag,Under,2.5,1.67,2026-07-16,2026-07-18
Lewis McGrillen,Rafael do Nascimento,BetOnline.ag,Over,2.5,2.3,2026-07-16,2026-07-18
Lewis McGrillen,Rafael do Nascimento,BetOnline.ag,Under,2.5,1.67,2026-07-16,2026-07-18
Tabatha Ricci,Fatima Kline,BetOnline.ag,Over,2.5,1.29,2026-07-16,2026-07-18
Tabatha Ricci,Fatima Kline,BetOnline.ag,Under,2.5,3.8,2026-07-16,2026-07-18
Tabatha Ricci,Fatima Kline,1xBet,Over,2.5,1.35,2026-07-16,2026-07-18
Tabatha Ricci,Fatima Kline,1xBet,Under,2.5,3.0,2026-07-16,2026-07-18
Tabatha Ricci,Fatima Kline,Coolbet,Over,2.5,1.29,2026-07-16,2026-07-18
Tabatha Ricci,Fatima Kline,Coolbet,Under,2.5,3.75,2026-07-16,2026-07-18
Tabatha Ricci,Fatima Kline,BetAnything,Over,2.5,1.25,2026-07-16,2026-07-18
Tabatha Ricci,Fatima Kline,BetAnything,Under,2.5,3.6,2026-07-16,2026-07-18
Tabatha Ricci,Fatima Kline,Pinnacle,Over,2.5,1.28,2026-07-16,2026-07-18
Tabatha Ricci,Fatima Kline,Pinnacle,Under,2.5,3.74,2026-07-16,2026-07-18
Chase Hooper,Mitch Ramirez,BetOnline.ag,Over,1.5,1.71,2026-07-16,2026-07-19
Chase Hooper,Mitch Ramirez,BetOnline.ag,Under,1.5,2.2,2026-07-16,2026-07-19
Chase Hooper,Mitch Ramirez,1xBet,Over,1.5,1.83,2026-07-16,2026-07-19
Chase Hooper,Mitch Ramirez,1xBet,Under,1.5,1.91,2026-07-16,2026-07-19
Chase Hooper,Mitch Ramirez,Coolbet,Over,1.5,1.74,2026-07-16,2026-07-19
Chase Hooper,Mitch Ramirez,Coolbet,Under,1.5,2.15,2026-07-16,2026-07-19
Chase Hooper,Mitch Ramirez,Pinnacle,Over,1.5,1.72,2026-07-16,2026-07-19
Chase Hooper,Mitch Ramirez,Pinnacle,Under,1.5,2.14,2026-07-16,2026-07-19
Chase Hooper,Mitch Ramirez,BetAnything,Over,1.5,1.74,2026-07-16,2026-07-19
Chase Hooper,Mitch Ramirez,BetAnything,Under,1.5,2.05,2026-07-16,2026-07-19
Chase Hooper,Mitch Ramirez,PMU (FR),Over,1.5,1.74,2026-07-16,2026-07-19
Chase Hooper,Mitch Ramirez,PMU (FR),Under,1.5,2.02,2026-07-16,2026-07-19
Jared Cannonier,Christian Leroy Duncan,BetOnline.ag,Over,2.5,1.67,2026-07-16,2026-07-19
Jared Cannonier,Christian Leroy Duncan,BetOnline.ag,Under,2.5,2.3,2026-07-16,2026-07-19
Jared Cannonier,Christian Leroy Duncan,1xBet,Over,2.5,1.52,2026-07-16,2026-07-19
Jared Cannonier,Christian Leroy Duncan,1xBet,Under,2.5,2.43,2026-07-16,2026-07-19
Jared Cannonier,Christian Leroy Duncan,Coolbet,Over,2.5,1.65,2026-07-16,2026-07-19
Jared Cannonier,Christian Leroy Duncan,Coolbet,Under,2.5,2.3,2026-07-16,2026-07-19
Jared Cannonier,Christian Leroy Duncan,Pinnacle,Over,2.5,1.65,2026-07-16,2026-07-19
Jared Cannonier,Christian Leroy Duncan,Pinnacle,Under,2.5,2.26,2026-07-16,2026-07-19
Jared Cannonier,Christian Leroy Duncan,BetAnything,Over,2.5,1.67,2026-07-16,2026-07-19
Jared Cannonier,Christian Leroy Duncan,BetAnything,Under,2.5,2.2,2026-07-16,2026-07-19
Jared Cannonier,Christian Leroy Duncan,PMU (FR),Over,2.5,1.64,2026-07-16,2026-07-19
Jared Cannonier,Christian Leroy Duncan,PMU (FR),Under,2.5,2.18,2026-07-16,2026-07-19
Dricus Du Plessis,Kamaru Usman,BetOnline.ag,Over,3.5,1.51,2026-07-16,2026-07-19
Dricus Du Plessis,Kamaru Usman,BetOnline.ag,Under,3.5,2.7,2026-07-16,2026-07-19
Dricus Du Plessis,Kamaru Usman,1xBet,Over,4.5,1.8,2026-07-16,2026-07-19
Dricus Du Plessis,Kamaru Usman,1xBet,Under,4.5,1.95,2026-07-16,2026-07-19
Dricus Du Plessis,Kamaru Usman,Pinnacle,Over,3.5,1.52,2026-07-16,2026-07-19
Dricus Du Plessis,Kamaru Usman,Pinnacle,Under,3.5,2.58,2026-07-16,2026-07-19
Dricus Du Plessis,Kamaru Usman,Coolbet,Over,3.5,1.54,2026-07-16,2026-07-19
Dricus Du Plessis,Kamaru Usman,Coolbet,Under,3.5,2.57,2026-07-16,2026-07-19
Dricus Du Plessis,Kamaru Usman,BetAnything,Over,3.5,1.51,2026-07-16,2026-07-19
Dricus Du Plessis,Kamaru Usman,BetAnything,Under,3.5,2.65,2026-07-16,2026-07-19
Dricus Du Plessis,Kamaru Usman,PMU (FR),Over,4.5,1.83,2026-07-16,2026-07-19
Dricus Du Plessis,Kamaru Usman,PMU (FR),Under,4.5,1.91,2026-07-16,2026-07-19
Rizvan Kuniev,Tyrell Fortune,1xBet,Over,1.5,1.45,2026-07-16,2026-07-25
Rizvan Kuniev,Tyrell Fortune,1xBet,Under,1.5,2.65,2026-07-16,2026-07-25
Mackenzie Dern,Gillian Robertson,1xBet,Over,4.5,1.65,2026-07-16,2026-08-16
Mackenzie Dern,Gillian Robertson,1xBet,Under,4.5,2.16,2026-07-16,2026-08-16
Islam Makhachev,Ian Garry,1xBet,Over,3.5,1.52,2026-07-16,2026-08-16
Islam Makhachev,Ian Garry,1xBet,Under,3.5,2.55,2026-07-16,2026-08-16
Umar Nurmagomedov,Song Yadong,1xBet,Over,3.5,1.45,2026-07-16,2026-08-29
Umar Nurmagomedov,Song Yadong,1xBet,Under,3.5,2.65,2026-07-16,2026-08-29
Tommy McMillen,Alberto Montes,BetOnline.ag,Over,1.5,1.77,2026-07-17,2026-07-18
Tommy McMillen,Alberto Montes,BetOnline.ag,Under,1.5,2.1,2026-07-17,2026-07-18
Tommy McMillen,Alberto Montes,1xBet,Over,1.5,1.83,2026-07-17,2026-07-18
Tommy McMillen,Alberto Montes,1xBet,Under,1.5,1.91,2026-07-17,2026-07-18
Tommy McMillen,Alberto Montes,Coolbet,Over,1.5,1.85,2026-07-17,2026-07-18
Tommy McMillen,Alberto Montes,Coolbet,Under,1.5,1.97,2026-07-17,2026-07-18
Tommy McMillen,Alberto Montes,Pinnacle,Over,1.5,1.83,2026-07-17,2026-07-18
Tommy McMillen,Alberto Montes,Pinnacle,Under,1.5,1.99,2026-07-17,2026-07-18
Tommy McMillen,Alberto Montes,BetAnything,Over,1.5,1.83,2026-07-17,2026-07-18
Tommy McMillen,Alberto Montes,BetAnything,Under,1.5,1.91,2026-07-17,2026-07-18
Tommy McMillen,Alberto Montes,PMU (FR),Over,1.5,1.76,2026-07-17,2026-07-18
Tommy McMillen,Alberto Montes,PMU (FR),Under,1.5,1.97,2026-07-17,2026-07-18
Alden Coria,Stewart Nicoll,BetOnline.ag,Over,1.5,1.59,2026-07-17,2026-07-18
Alden Coria,Stewart Nicoll,BetOnline.ag,Under,1.5,2.49,2026-07-17,2026-07-18
Alden Coria,Stewart Nicoll,1xBet,Over,1.5,1.55,2026-07-17,2026-07-18
Alden Coria,Stewart Nicoll,1xBet,Under,1.5,2.36,2026-07-17,2026-07-18
Alden Coria,Stewart Nicoll,Coolbet,Over,1.5,1.6,2026-07-17,2026-07-18
Alden Coria,Stewart Nicoll,Coolbet,Under,1.5,2.41,2026-07-17,2026-07-18
Alden Coria,Stewart Nicoll,Pinnacle,Over,1.5,1.56,2026-07-17,2026-07-18
Alden Coria,Stewart Nicoll,Pinnacle,Under,1.5,2.45,2026-07-17,2026-07-18
Alden Coria,Stewart Nicoll,BetAnything,Over,2.5,2.45,2026-07-17,2026-07-18
Alden Coria,Stewart Nicoll,BetAnything,Under,2.5,1.57,2026-07-17,2026-07-18
Austin Bashi,Jose Delgado,BetOnline.ag,Over,1.5,1.5,2026-07-17,2026-07-18
Austin Bashi,Jose Delgado,BetOnline.ag,Under,1.5,2.74,2026-07-17,2026-07-18
Austin Bashi,Jose Delgado,1xBet,Over,2.5,1.85,2026-07-17,2026-07-18
Austin Bashi,Jose Delgado,1xBet,Under,2.5,1.9,2026-07-17,2026-07-18
Austin Bashi,Jose Delgado,Coolbet,Over,1.5,1.54,2026-07-17,2026-07-18
Austin Bashi,Jose Delgado,Coolbet,Under,1.5,2.55,2026-07-17,2026-07-18
Austin Bashi,Jose Delgado,Pinnacle,Over,1.5,1.52,2026-07-17,2026-07-18
Austin Bashi,Jose Delgado,Pinnacle,Under,1.5,2.58,2026-07-17,2026-07-18
Austin Bashi,Jose Delgado,BetAnything,Over,2.5,1.83,2026-07-17,2026-07-18
Austin Bashi,Jose Delgado,BetAnything,Under,2.5,1.91,2026-07-17,2026-07-18
Levi Rodrigues,Felipe Franco,BetOnline.ag,Over,1.5,1.95,2026-07-17,2026-07-18
Levi Rodrigues,Felipe Franco,BetOnline.ag,Under,1.5,1.87,2026-07-17,2026-07-18
Levi Rodrigues,Felipe Franco,1xBet,Over,1.5,1.87,2026-07-17,2026-07-18
Levi Rodrigues,Felipe Franco,1xBet,Under,1.5,1.87,2026-07-17,2026-07-18
Levi Rodrigues,Felipe Franco,Coolbet,Over,1.5,2.0,2026-07-17,2026-07-18
Levi Rodrigues,Felipe Franco,Coolbet,Under,1.5,1.83,2026-07-17,2026-07-18
Levi Rodrigues,Felipe Franco,Pinnacle,Over,1.5,1.99,2026-07-17,2026-07-18
Levi Rodrigues,Felipe Franco,Pinnacle,Under,1.5,1.83,2026-07-17,2026-07-18
Levi Rodrigues,Felipe Franco,BetAnything,Over,1.5,1.91,2026-07-17,2026-07-18
Levi Rodrigues,Felipe Franco,BetAnything,Under,1.5,1.83,2026-07-17,2026-07-18
Seok Hyun Ko,Jean-Paul Lebosnoyani,BetOnline.ag,Over,2.5,1.62,2026-07-17,2026-07-18
Seok Hyun Ko,Jean-Paul Lebosnoyani,BetOnline.ag,Under,2.5,2.4,2026-07-17,2026-07-18
Seok Hyun Ko,Jean-Paul Lebosnoyani,1xBet,Over,2.5,1.5,2026-07-17,2026-07-18
Seok Hyun Ko,Jean-Paul Lebosnoyani,1xBet,Under,2.5,2.48,2026-07-17,2026-07-18
Seok Hyun Ko,Jean-Paul Lebosnoyani,Coolbet,Over,2.5,1.57,2026-07-17,2026-07-18
Seok Hyun Ko,Jean-Paul Lebosnoyani,Coolbet,Under,2.5,2.48,2026-07-17,2026-07-18
Seok Hyun Ko,Jean-Paul Lebosnoyani,Pinnacle,Over,2.5,1.62,2026-07-17,2026-07-18
Seok Hyun Ko,Jean-Paul Lebosnoyani,Pinnacle,Under,2.5,2.33,2026-07-17,2026-07-18
Seok Hyun Ko,Jean-Paul Lebosnoyani,BetAnything,Over,2.5,1.62,2026-07-17,2026-07-18
Seok Hyun Ko,Jean-Paul Lebosnoyani,BetAnything,Under,2.5,2.3,2026-07-17,2026-07-18
Ezra Elliott,Damien Anderson,Pinnacle,Over,1.5,1.73,2026-07-17,2026-07-18
Ezra Elliott,Damien Anderson,Pinnacle,Under,1.5,2.13,2026-07-17,2026-07-18
Ezra Elliott,Damien Anderson,Coolbet,Over,1.5,1.77,2026-07-17,2026-07-18
Ezra Elliott,Damien Anderson,Coolbet,Under,1.5,2.1,2026-07-17,2026-07-18
Ezra Elliott,Damien Anderson,1xBet,Over,1.5,1.5,2026-07-17,2026-07-18
Ezra Elliott,Damien Anderson,1xBet,Under,1.5,2.48,2026-07-17,2026-07-18
Anna Melisano,Dione Barbosa,Pinnacle,Over,2.5,2.23,2026-07-17,2026-07-18
Anna Melisano,Dione Barbosa,Pinnacle,Under,2.5,1.67,2026-07-17,2026-07-18
Anna Melisano,Dione Barbosa,BetAnything,Over,2.5,2.24,2026-07-17,2026-07-18
Anna Melisano,Dione Barbosa,BetAnything,Under,2.5,1.65,2026-07-17,2026-07-18
Anna Melisano,Dione Barbosa,1xBet,Over,2.5,2.05,2026-07-17,2026-07-18
Anna Melisano,Dione Barbosa,1xBet,Under,2.5,1.72,2026-07-17,2026-07-18
Anna Melisano,Dione Barbosa,BetOnline.ag,Over,2.5,2.28,2026-07-17,2026-07-18
Anna Melisano,Dione Barbosa,BetOnline.ag,Under,2.5,1.68,2026-07-17,2026-07-18
Anna Melisano,Dione Barbosa,Coolbet,Over,2.5,2.31,2026-07-17,2026-07-18
Anna Melisano,Dione Barbosa,Coolbet,Under,2.5,1.65,2026-07-17,2026-07-18
Andrea Vazquez,Aleksandra Savicheva,BetOnline.ag,Over,2.5,1.45,2026-07-17,2026-07-18
Andrea Vazquez,Aleksandra Savicheva,BetOnline.ag,Under,2.5,2.86,2026-07-17,2026-07-18
RJ Harris,Alvin Hines,BetOnline.ag,Over,1.5,1.59,2026-07-17,2026-07-18
RJ Harris,Alvin Hines,BetOnline.ag,Under,1.5,2.49,2026-07-17,2026-07-18
RJ Harris,Alvin Hines,BetAnything,Over,2.5,2.25,2026-07-17,2026-07-18
RJ Harris,Alvin Hines,BetAnything,Under,2.5,1.65,2026-07-17,2026-07-18
RJ Harris,Alvin Hines,Coolbet,Over,1.5,1.58,2026-07-17,2026-07-18
RJ Harris,Alvin Hines,Coolbet,Under,1.5,2.45,2026-07-17,2026-07-18
RJ Harris,Alvin Hines,Pinnacle,Over,1.5,1.57,2026-07-17,2026-07-18
RJ Harris,Alvin Hines,Pinnacle,Under,1.5,2.44,2026-07-17,2026-07-18
Mia Grawe,Ashley Thiner,BetOnline.ag,Over,2.5,1.59,2026-07-17,2026-07-18
Mia Grawe,Ashley Thiner,BetOnline.ag,Under,2.5,2.49,2026-07-17,2026-07-18
Biaggio Ali Walsh,Gamid Khizriev,BetOnline.ag,Over,1.5,1.69,2026-07-17,2026-07-18
Biaggio Ali Walsh,Gamid Khizriev,BetOnline.ag,Under,1.5,2.25,2026-07-17,2026-07-18
Victoria Alba,Borena Tsertsvadze,BetOnline.ag,Over,2.5,2.05,2026-07-17,2026-07-18
Victoria Alba,Borena Tsertsvadze,BetOnline.ag,Under,2.5,1.8,2026-07-17,2026-07-18
Caolan Loughran,Julio Arce,BetOnline.ag,Over,2.5,1.42,2026-07-17,2026-07-18
Caolan Loughran,Julio Arce,BetOnline.ag,Under,2.5,3.0,2026-07-17,2026-07-18
Johnny Eblen,Impa Kasanganay,BetOnline.ag,Over,3.5,1.67,2026-07-17,2026-07-18
Johnny Eblen,Impa Kasanganay,BetOnline.ag,Under,3.5,2.3,2026-07-17,2026-07-18
Jackson Glass,Zak Flessas,BetOnline.ag,Over,1.5,2.61,2026-07-17,2026-07-18
Jackson Glass,Zak Flessas,BetOnline.ag,Under,1.5,1.54,2026-07-17,2026-07-18
Lewis McGrillen,Rafael do Nascimento,BetOnline.ag,Over,2.5,2.3,2026-07-17,2026-07-18
Lewis McGrillen,Rafael do Nascimento,BetOnline.ag,Under,2.5,1.67,2026-07-17,2026-07-18
Tabatha Ricci,Fatima Kline,BetOnline.ag,Over,2.5,1.29,2026-07-17,2026-07-19
Tabatha Ricci,Fatima Kline,BetOnline.ag,Under,2.5,3.8,2026-07-17,2026-07-19
Tabatha Ricci,Fatima Kline,1xBet,Over,2.5,1.35,2026-07-17,2026-07-19
Tabatha Ricci,Fatima Kline,1xBet,Under,2.5,3.0,2026-07-17,2026-07-19
Tabatha Ricci,Fatima Kline,Coolbet,Over,2.5,1.29,2026-07-17,2026-07-19
Tabatha Ricci,Fatima Kline,Coolbet,Under,2.5,3.75,2026-07-17,2026-07-19
Tabatha Ricci,Fatima Kline,BetAnything,Over,2.5,1.25,2026-07-17,2026-07-19
Tabatha Ricci,Fatima Kline,BetAnything,Under,2.5,3.6,2026-07-17,2026-07-19
Tabatha Ricci,Fatima Kline,Pinnacle,Over,2.5,1.29,2026-07-17,2026-07-19
Tabatha Ricci,Fatima Kline,Pinnacle,Under,2.5,3.71,2026-07-17,2026-07-19
Tabatha Ricci,Fatima Kline,PMU (FR),Over,2.5,1.26,2026-07-17,2026-07-19
Tabatha Ricci,Fatima Kline,PMU (FR),Under,2.5,3.6,2026-07-17,2026-07-19
Chase Hooper,Mitch Ramirez,BetOnline.ag,Over,1.5,1.71,2026-07-17,2026-07-19
Chase Hooper,Mitch Ramirez,BetOnline.ag,Under,1.5,2.2,2026-07-17,2026-07-19
Chase Hooper,Mitch Ramirez,1xBet,Over,1.5,1.77,2026-07-17,2026-07-19
Chase Hooper,Mitch Ramirez,1xBet,Under,1.5,2.0,2026-07-17,2026-07-19
Chase Hooper,Mitch Ramirez,Coolbet,Over,1.5,1.74,2026-07-17,2026-07-19
Chase Hooper,Mitch Ramirez,Coolbet,Under,1.5,2.15,2026-07-17,2026-07-19
Chase Hooper,Mitch Ramirez,Pinnacle,Over,1.5,1.72,2026-07-17,2026-07-19
Chase Hooper,Mitch Ramirez,Pinnacle,Under,1.5,2.14,2026-07-17,2026-07-19
Chase Hooper,Mitch Ramirez,BetAnything,Over,1.5,1.69,2026-07-17,2026-07-19
Chase Hooper,Mitch Ramirez,BetAnything,Under,1.5,2.15,2026-07-17,2026-07-19
Chase Hooper,Mitch Ramirez,PMU (FR),Over,1.5,1.74,2026-07-17,2026-07-19
Chase Hooper,Mitch Ramirez,PMU (FR),Under,1.5,2.02,2026-07-17,2026-07-19
Jared Cannonier,Christian Leroy Duncan,BetOnline.ag,Over,2.5,1.67,2026-07-17,2026-07-19
Jared Cannonier,Christian Leroy Duncan,BetOnline.ag,Under,2.5,2.3,2026-07-17,2026-07-19
Jared Cannonier,Christian Leroy Duncan,1xBet,Over,2.5,1.62,2026-07-17,2026-07-19
Jared Cannonier,Christian Leroy Duncan,1xBet,Under,2.5,2.22,2026-07-17,2026-07-19
Jared Cannonier,Christian Leroy Duncan,Coolbet,Over,2.5,1.65,2026-07-17,2026-07-19
Jared Cannonier,Christian Leroy Duncan,Coolbet,Under,2.5,2.3,2026-07-17,2026-07-19
Jared Cannonier,Christian Leroy Duncan,Pinnacle,Over,2.5,1.65,2026-07-17,2026-07-19
Jared Cannonier,Christian Leroy Duncan,Pinnacle,Under,2.5,2.26,2026-07-17,2026-07-19
Jared Cannonier,Christian Leroy Duncan,BetAnything,Over,2.5,1.67,2026-07-17,2026-07-19
Jared Cannonier,Christian Leroy Duncan,BetAnything,Under,2.5,2.2,2026-07-17,2026-07-19
Jared Cannonier,Christian Leroy Duncan,PMU (FR),Over,2.5,1.64,2026-07-17,2026-07-19
Jared Cannonier,Christian Leroy Duncan,PMU (FR),Under,2.5,2.18,2026-07-17,2026-07-19
Dricus Du Plessis,Kamaru Usman,BetOnline.ag,Over,3.5,1.51,2026-07-17,2026-07-19
Dricus Du Plessis,Kamaru Usman,BetOnline.ag,Under,3.5,2.7,2026-07-17,2026-07-19
Dricus Du Plessis,Kamaru Usman,1xBet,Over,4.5,1.72,2026-07-17,2026-07-19
Dricus Du Plessis,Kamaru Usman,1xBet,Under,4.5,2.05,2026-07-17,2026-07-19
Dricus Du Plessis,Kamaru Usman,Pinnacle,Over,3.5,1.52,2026-07-17,2026-07-19
Dricus Du Plessis,Kamaru Usman,Pinnacle,Under,3.5,2.58,2026-07-17,2026-07-19
Dricus Du Plessis,Kamaru Usman,Coolbet,Over,3.5,1.54,2026-07-17,2026-07-19
Dricus Du Plessis,Kamaru Usman,Coolbet,Under,3.5,2.57,2026-07-17,2026-07-19
Dricus Du Plessis,Kamaru Usman,BetAnything,Over,4.5,1.87,2026-07-17,2026-07-19
Dricus Du Plessis,Kamaru Usman,BetAnything,Under,4.5,1.87,2026-07-17,2026-07-19
Dricus Du Plessis,Kamaru Usman,PMU (FR),Over,4.5,1.76,2026-07-17,2026-07-19
Dricus Du Plessis,Kamaru Usman,PMU (FR),Under,4.5,1.97,2026-07-17,2026-07-19
Magomed Ankalaev,Bogdan Guskov,1xBet,Over,2.5,2.08,2026-07-17,2026-07-25
Magomed Ankalaev,Bogdan Guskov,1xBet,Under,2.5,1.7,2026-07-17,2026-07-25
Magomed Zaynukov,Damian Rzepecki,1xBet,Over,2.5,1.55,2026-07-17,2026-07-25
Magomed Zaynukov,Damian Rzepecki,1xBet,Under,2.5,2.36,2026-07-17,2026-07-25
Islam Dulatov,Wellington Turman,1xBet,Over,0.5,1.45,2026-07-17,2026-07-25
Islam Dulatov,Wellington Turman,1xBet,Under,0.5,2.65,2026-07-17,2026-07-25
Stephen Erceg,Ramazonbek Temirov,1xBet,Over,2.5,1.5,2026-07-17,2026-07-25
Stephen Erceg,Ramazonbek Temirov,1xBet,Under,2.5,2.48,2026-07-17,2026-07-25
Rizvan Kuniev,Tyrell Fortune,1xBet,Over,1.5,1.45,2026-07-17,2026-07-25
Rizvan Kuniev,Tyrell Fortune,1xBet,Under,1.5,2.65,2026-07-17,2026-07-25
Mackenzie Dern,Gillian Robertson,1xBet,Over,4.5,1.65,2026-07-17,2026-08-16
Mackenzie Dern,Gillian Robertson,1xBet,Under,4.5,2.16,2026-07-17,2026-08-16
Islam Makhachev,Ian Garry,1xBet,Over,3.5,1.52,2026-07-17,2026-08-16
Islam Makhachev,Ian Garry,1xBet,Under,3.5,2.55,2026-07-17,2026-08-16
Umar Nurmagomedov,Song Yadong,1xBet,Over,3.5,1.45,2026-07-17,2026-08-29
Umar Nurmagomedov,Song Yadong,1xBet,Under,3.5,2.65,2026-07-17,2026-08-29
Ezra Elliott,Damien Anderson,BetAnything,Over,1.5,1.71,2026-07-17,2026-07-18
Ezra Elliott,Damien Anderson,BetAnything,Under,1.5,2.1,2026-07-17,2026-07-18
Ezra Elliott,Damien Anderson,Pinnacle,Over,1.5,1.66,2026-07-18,2026-07-18
Ezra Elliott,Damien Anderson,Pinnacle,Under,1.5,2.29,2026-07-18,2026-07-18
Ezra Elliott,Damien Anderson,Coolbet,Over,1.5,1.71,2026-07-18,2026-07-18
Ezra Elliott,Damien Anderson,Coolbet,Under,1.5,2.2,2026-07-18,2026-07-18
Ezra Elliott,Damien Anderson,1xBet,Over,1.5,1.5,2026-07-18,2026-07-18
Ezra Elliott,Damien Anderson,1xBet,Under,1.5,2.48,2026-07-18,2026-07-18
Ezra Elliott,Damien Anderson,BetAnything,Over,1.5,1.65,2026-07-18,2026-07-18
Ezra Elliott,Damien Anderson,BetAnything,Under,1.5,2.25,2026-07-18,2026-07-18
Anna Melisano,Dione Barbosa,Pinnacle,Over,2.5,2.24,2026-07-18,2026-07-18
Anna Melisano,Dione Barbosa,Pinnacle,Under,2.5,1.68,2026-07-18,2026-07-18
Anna Melisano,Dione Barbosa,BetAnything,Over,2.5,2.24,2026-07-18,2026-07-18
Anna Melisano,Dione Barbosa,BetAnything,Under,2.5,1.65,2026-07-18,2026-07-18
Anna Melisano,Dione Barbosa,1xBet,Over,2.5,2.1,2026-07-18,2026-07-18
Anna Melisano,Dione Barbosa,1xBet,Under,2.5,1.69,2026-07-18,2026-07-18
Anna Melisano,Dione Barbosa,BetOnline.ag,Over,2.5,2.2,2026-07-18,2026-07-18
Anna Melisano,Dione Barbosa,BetOnline.ag,Under,2.5,1.71,2026-07-18,2026-07-18
Anna Melisano,Dione Barbosa,Coolbet,Over,2.5,2.31,2026-07-18,2026-07-18
Anna Melisano,Dione Barbosa,Coolbet,Under,2.5,1.65,2026-07-18,2026-07-18
Victoria Alba,Borena Tsertsvadze,BetOnline.ag,Over,2.5,2.15,2026-07-18,2026-07-18
Victoria Alba,Borena Tsertsvadze,BetOnline.ag,Under,2.5,1.74,2026-07-18,2026-07-18
Alden Coria,Stewart Nicoll,BetOnline.ag,Over,1.5,1.59,2026-07-18,2026-07-18
Alden Coria,Stewart Nicoll,BetOnline.ag,Under,1.5,2.49,2026-07-18,2026-07-18
Alden Coria,Stewart Nicoll,1xBet,Over,1.5,1.6,2026-07-18,2026-07-18
Alden Coria,Stewart Nicoll,1xBet,Under,1.5,2.25,2026-07-18,2026-07-18
Alden Coria,Stewart Nicoll,Coolbet,Over,1.5,1.6,2026-07-18,2026-07-18
Alden Coria,Stewart Nicoll,Coolbet,Under,1.5,2.41,2026-07-18,2026-07-18
Alden Coria,Stewart Nicoll,Pinnacle,Over,1.5,1.56,2026-07-18,2026-07-18
Alden Coria,Stewart Nicoll,Pinnacle,Under,1.5,2.49,2026-07-18,2026-07-18
Alden Coria,Stewart Nicoll,BetAnything,Over,2.5,2.3,2026-07-18,2026-07-18
Alden Coria,Stewart Nicoll,BetAnything,Under,2.5,1.62,2026-07-18,2026-07-18
RJ Harris,Alvin Hines,BetOnline.ag,Over,1.5,1.59,2026-07-18,2026-07-18
RJ Harris,Alvin Hines,BetOnline.ag,Under,1.5,2.49,2026-07-18,2026-07-18
RJ Harris,Alvin Hines,BetAnything,Over,2.5,2.3,2026-07-18,2026-07-18
RJ Harris,Alvin Hines,BetAnything,Under,2.5,1.62,2026-07-18,2026-07-18
RJ Harris,Alvin Hines,Coolbet,Over,1.5,1.58,2026-07-18,2026-07-18
RJ Harris,Alvin Hines,Coolbet,Under,1.5,2.45,2026-07-18,2026-07-18
RJ Harris,Alvin Hines,Pinnacle,Over,1.5,1.57,2026-07-18,2026-07-18
RJ Harris,Alvin Hines,Pinnacle,Under,1.5,2.45,2026-07-18,2026-07-18
Jackson Glass,Zak Flessas,BetOnline.ag,Over,1.5,2.7,2026-07-18,2026-07-18
Jackson Glass,Zak Flessas,BetOnline.ag,Under,1.5,1.51,2026-07-18,2026-07-18
Mia Grawe,Ashley Thiner,BetOnline.ag,Over,2.5,1.77,2026-07-18,2026-07-18
Mia Grawe,Ashley Thiner,BetOnline.ag,Under,2.5,2.1,2026-07-18,2026-07-18
Levi Rodrigues,Felipe Franco,BetOnline.ag,Over,1.5,1.95,2026-07-18,2026-07-18
Levi Rodrigues,Felipe Franco,BetOnline.ag,Under,1.5,1.87,2026-07-18,2026-07-18
Levi Rodrigues,Felipe Franco,1xBet,Over,1.5,2.01,2026-07-18,2026-07-18
Levi Rodrigues,Felipe Franco,1xBet,Under,1.5,1.75,2026-07-18,2026-07-18
Levi Rodrigues,Felipe Franco,Coolbet,Over,1.5,2.0,2026-07-18,2026-07-18
Levi Rodrigues,Felipe Franco,Coolbet,Under,1.5,1.83,2026-07-18,2026-07-18
Levi Rodrigues,Felipe Franco,Pinnacle,Over,1.5,2.0,2026-07-18,2026-07-18
Levi Rodrigues,Felipe Franco,Pinnacle,Under,1.5,1.84,2026-07-18,2026-07-18
Levi Rodrigues,Felipe Franco,BetAnything,Over,1.5,1.95,2026-07-18,2026-07-18
Levi Rodrigues,Felipe Franco,BetAnything,Under,1.5,1.8,2026-07-18,2026-07-18
Andrea Vazquez,Aleksandra Savicheva,BetOnline.ag,Over,2.5,1.59,2026-07-18,2026-07-18
Andrea Vazquez,Aleksandra Savicheva,BetOnline.ag,Under,2.5,2.49,2026-07-18,2026-07-18
Seok Hyun Ko,Jean-Paul Lebosnoyani,BetOnline.ag,Over,2.5,1.65,2026-07-18,2026-07-18
Seok Hyun Ko,Jean-Paul Lebosnoyani,BetOnline.ag,Under,2.5,2.35,2026-07-18,2026-07-18
Seok Hyun Ko,Jean-Paul Lebosnoyani,1xBet,Over,2.5,1.55,2026-07-18,2026-07-18
Seok Hyun Ko,Jean-Paul Lebosnoyani,1xBet,Under,2.5,2.35,2026-07-18,2026-07-18
Seok Hyun Ko,Jean-Paul Lebosnoyani,Coolbet,Over,2.5,1.57,2026-07-18,2026-07-18
Seok Hyun Ko,Jean-Paul Lebosnoyani,Coolbet,Under,2.5,2.48,2026-07-18,2026-07-18
Seok Hyun Ko,Jean-Paul Lebosnoyani,Pinnacle,Over,2.5,1.62,2026-07-18,2026-07-18
Seok Hyun Ko,Jean-Paul Lebosnoyani,Pinnacle,Under,2.5,2.35,2026-07-18,2026-07-18
Seok Hyun Ko,Jean-Paul Lebosnoyani,BetAnything,Over,2.5,1.65,2026-07-18,2026-07-18
Seok Hyun Ko,Jean-Paul Lebosnoyani,BetAnything,Under,2.5,2.25,2026-07-18,2026-07-18
Austin Bashi,Jose Delgado,BetOnline.ag,Over,1.5,1.49,2026-07-18,2026-07-18
Austin Bashi,Jose Delgado,BetOnline.ag,Under,1.5,2.77,2026-07-18,2026-07-18
Austin Bashi,Jose Delgado,1xBet,Over,2.5,1.95,2026-07-18,2026-07-18
Austin Bashi,Jose Delgado,1xBet,Under,2.5,1.8,2026-07-18,2026-07-18
Austin Bashi,Jose Delgado,Coolbet,Over,1.5,1.54,2026-07-18,2026-07-18
Austin Bashi,Jose Delgado,Coolbet,Under,1.5,2.55,2026-07-18,2026-07-18
Austin Bashi,Jose Delgado,Pinnacle,Over,1.5,1.5,2026-07-18,2026-07-18
Austin Bashi,Jose Delgado,Pinnacle,Under,1.5,2.67,2026-07-18,2026-07-18
Austin Bashi,Jose Delgado,BetAnything,Over,2.5,1.87,2026-07-18,2026-07-18
Austin Bashi,Jose Delgado,BetAnything,Under,2.5,1.87,2026-07-18,2026-07-18
Biaggio Ali Walsh,Gamid Khizriev,BetOnline.ag,Over,1.5,2.05,2026-07-18,2026-07-18
Biaggio Ali Walsh,Gamid Khizriev,BetOnline.ag,Under,1.5,1.8,2026-07-18,2026-07-18
Tommy McMillen,Alberto Montes,BetOnline.ag,Over,1.5,1.83,2026-07-18,2026-07-19
Tommy McMillen,Alberto Montes,BetOnline.ag,Under,1.5,2.0,2026-07-18,2026-07-19
Tommy McMillen,Alberto Montes,1xBet,Over,1.5,1.84,2026-07-18,2026-07-19
Tommy McMillen,Alberto Montes,1xBet,Under,1.5,1.9,2026-07-18,2026-07-19
Tommy McMillen,Alberto Montes,Coolbet,Over,1.5,1.77,2026-07-18,2026-07-19
Tommy McMillen,Alberto Montes,Coolbet,Under,1.5,2.1,2026-07-18,2026-07-19
Tommy McMillen,Alberto Montes,Pinnacle,Over,1.5,1.8,2026-07-18,2026-07-19
Tommy McMillen,Alberto Montes,Pinnacle,Under,1.5,2.05,2026-07-18,2026-07-19
Tommy McMillen,Alberto Montes,BetAnything,Over,1.5,1.8,2026-07-18,2026-07-19
Tommy McMillen,Alberto Montes,BetAnything,Under,1.5,1.95,2026-07-18,2026-07-19
Tommy McMillen,Alberto Montes,PMU (FR),Over,1.5,1.8,2026-07-18,2026-07-19
Tommy McMillen,Alberto Montes,PMU (FR),Under,1.5,1.94,2026-07-18,2026-07-19
Caolan Loughran,Julio Arce,BetOnline.ag,Over,2.5,1.4,2026-07-18,2026-07-19
Caolan Loughran,Julio Arce,BetOnline.ag,Under,2.5,3.07,2026-07-18,2026-07-19
Tabatha Ricci,Fatima Kline,BetOnline.ag,Over,2.5,1.29,2026-07-18,2026-07-19
Tabatha Ricci,Fatima Kline,BetOnline.ag,Under,2.5,3.8,2026-07-18,2026-07-19
Tabatha Ricci,Fatima Kline,1xBet,Over,2.5,1.28,2026-07-18,2026-07-19
Tabatha Ricci,Fatima Kline,1xBet,Under,2.5,3.5,2026-07-18,2026-07-19
Tabatha Ricci,Fatima Kline,Coolbet,Over,2.5,1.29,2026-07-18,2026-07-19
Tabatha Ricci,Fatima Kline,Coolbet,Under,2.5,3.75,2026-07-18,2026-07-19
Tabatha Ricci,Fatima Kline,BetAnything,Over,2.5,1.25,2026-07-18,2026-07-19
Tabatha Ricci,Fatima Kline,BetAnything,Under,2.5,3.6,2026-07-18,2026-07-19
Tabatha Ricci,Fatima Kline,Pinnacle,Over,2.5,1.29,2026-07-18,2026-07-19
Tabatha Ricci,Fatima Kline,Pinnacle,Under,2.5,3.72,2026-07-18,2026-07-19
Tabatha Ricci,Fatima Kline,PMU (FR),Over,2.5,1.26,2026-07-18,2026-07-19
Tabatha Ricci,Fatima Kline,PMU (FR),Under,2.5,3.6,2026-07-18,2026-07-19
Lewis McGrillen,Rafael do Nascimento,BetOnline.ag,Over,2.5,2.05,2026-07-18,2026-07-19
Lewis McGrillen,Rafael do Nascimento,BetOnline.ag,Under,2.5,1.8,2026-07-18,2026-07-19
Chase Hooper,Mitch Ramirez,BetOnline.ag,Over,1.5,1.77,2026-07-18,2026-07-19
Chase Hooper,Mitch Ramirez,BetOnline.ag,Under,1.5,2.1,2026-07-18,2026-07-19
Chase Hooper,Mitch Ramirez,1xBet,Over,1.5,1.77,2026-07-18,2026-07-19
Chase Hooper,Mitch Ramirez,1xBet,Under,1.5,2.0,2026-07-18,2026-07-19
Chase Hooper,Mitch Ramirez,Coolbet,Over,1.5,1.74,2026-07-18,2026-07-19
Chase Hooper,Mitch Ramirez,Coolbet,Under,1.5,2.15,2026-07-18,2026-07-19
Chase Hooper,Mitch Ramirez,Pinnacle,Over,1.5,1.73,2026-07-18,2026-07-19
Chase Hooper,Mitch Ramirez,Pinnacle,Under,1.5,2.15,2026-07-18,2026-07-19
Chase Hooper,Mitch Ramirez,BetAnything,Over,1.5,1.71,2026-07-18,2026-07-19
Chase Hooper,Mitch Ramirez,BetAnything,Under,1.5,2.1,2026-07-18,2026-07-19
Chase Hooper,Mitch Ramirez,PMU (FR),Over,1.5,1.74,2026-07-18,2026-07-19
Chase Hooper,Mitch Ramirez,PMU (FR),Under,1.5,2.02,2026-07-18,2026-07-19
Johnny Eblen,Impa Kasanganay,BetOnline.ag,Over,3.5,1.8,2026-07-18,2026-07-19
Johnny Eblen,Impa Kasanganay,BetOnline.ag,Under,3.5,2.05,2026-07-18,2026-07-19
Jared Cannonier,Christian Leroy Duncan,BetOnline.ag,Over,2.5,1.67,2026-07-18,2026-07-19
Jared Cannonier,Christian Leroy Duncan,BetOnline.ag,Under,2.5,2.3,2026-07-18,2026-07-19
Jared Cannonier,Christian Leroy Duncan,1xBet,Over,2.5,1.62,2026-07-18,2026-07-19
Jared Cannonier,Christian Leroy Duncan,1xBet,Under,2.5,2.22,2026-07-18,2026-07-19
Jared Cannonier,Christian Leroy Duncan,Coolbet,Over,2.5,1.65,2026-07-18,2026-07-19
Jared Cannonier,Christian Leroy Duncan,Coolbet,Under,2.5,2.3,2026-07-18,2026-07-19
Jared Cannonier,Christian Leroy Duncan,Pinnacle,Over,2.5,1.67,2026-07-18,2026-07-19
Jared Cannonier,Christian Leroy Duncan,Pinnacle,Under,2.5,2.25,2026-07-18,2026-07-19
Jared Cannonier,Christian Leroy Duncan,BetAnything,Over,2.5,1.67,2026-07-18,2026-07-19
Jared Cannonier,Christian Leroy Duncan,BetAnything,Under,2.5,2.2,2026-07-18,2026-07-19
Jared Cannonier,Christian Leroy Duncan,PMU (FR),Over,2.5,1.64,2026-07-18,2026-07-19
Jared Cannonier,Christian Leroy Duncan,PMU (FR),Under,2.5,2.18,2026-07-18,2026-07-19
Dricus Du Plessis,Kamaru Usman,BetOnline.ag,Over,3.5,1.51,2026-07-18,2026-07-19
Dricus Du Plessis,Kamaru Usman,BetOnline.ag,Under,3.5,2.7,2026-07-18,2026-07-19
Dricus Du Plessis,Kamaru Usman,1xBet,Over,4.5,1.72,2026-07-18,2026-07-19
Dricus Du Plessis,Kamaru Usman,1xBet,Under,4.5,2.05,2026-07-18,2026-07-19
Dricus Du Plessis,Kamaru Usman,Pinnacle,Over,3.5,1.5,2026-07-18,2026-07-19
Dricus Du Plessis,Kamaru Usman,Pinnacle,Under,3.5,2.66,2026-07-18,2026-07-19
Dricus Du Plessis,Kamaru Usman,Coolbet,Over,3.5,1.54,2026-07-18,2026-07-19
Dricus Du Plessis,Kamaru Usman,Coolbet,Under,3.5,2.57,2026-07-18,2026-07-19
Dricus Du Plessis,Kamaru Usman,BetAnything,Over,4.5,1.8,2026-07-18,2026-07-19
Dricus Du Plessis,Kamaru Usman,BetAnything,Under,4.5,1.95,2026-07-18,2026-07-19
Dricus Du Plessis,Kamaru Usman,PMU (FR),Over,4.5,1.74,2026-07-18,2026-07-19
Dricus Du Plessis,Kamaru Usman,PMU (FR),Under,4.5,2.02,2026-07-18,2026-07-19
Magomed Ankalaev,Bogdan Guskov,1xBet,Over,2.5,2.08,2026-07-18,2026-07-25
Magomed Ankalaev,Bogdan Guskov,1xBet,Under,2.5,1.7,2026-07-18,2026-07-25
Magomed Zaynukov,Damian Rzepecki,1xBet,Over,2.5,1.55,2026-07-18,2026-07-25
Magomed Zaynukov,Damian Rzepecki,1xBet,Under,2.5,2.36,2026-07-18,2026-07-25
Islam Dulatov,Wellington Turman,1xBet,Over,0.5,1.45,2026-07-18,2026-07-25
Islam Dulatov,Wellington Turman,1xBet,Under,0.5,2.65,2026-07-18,2026-07-25
Stephen Erceg,Ramazonbek Temirov,1xBet,Over,2.5,1.5,2026-07-18,2026-07-25
Stephen Erceg,Ramazonbek Temirov,1xBet,Under,2.5,2.48,2026-07-18,2026-07-25
Rizvan Kuniev,Tyrell Fortune,1xBet,Over,1.5,1.45,2026-07-18,2026-07-25
Rizvan Kuniev,Tyrell Fortune,1xBet,Under,1.5,2.65,2026-07-18,2026-07-25
Mackenzie Dern,Gillian Robertson,1xBet,Over,4.5,1.65,2026-07-18,2026-08-16
Mackenzie Dern,Gillian Robertson,1xBet,Under,4.5,2.16,2026-07-18,2026-08-16
Islam Makhachev,Ian Garry,1xBet,Over,3.5,1.52,2026-07-18,2026-08-16
Islam Makhachev,Ian Garry,1xBet,Under,3.5,2.55,2026-07-18,2026-08-16
Umar Nurmagomedov,Song Yadong,1xBet,Over,3.5,1.45,2026-07-18,2026-08-29
Umar Nurmagomedov,Song Yadong,1xBet,Under,3.5,2.65,2026-07-18,2026-08-29
RJ Harris,Alvin Hines,BetAnything,Over,1.5,1.59,2026-07-18,2026-07-18
RJ Harris,Alvin Hines,BetAnything,Under,1.5,2.4,2026-07-18,2026-07-18
Tabatha Ricci,Fatima Kline,PMU (FR),Over,2.5,1.03,2026-07-19,2026-07-19
Tabatha Ricci,Fatima Kline,PMU (FR),Under,2.5,6.25,2026-07-19,2026-07-19
Lewis McGrillen,Rafael do Nascimento,BetOnline.ag,Over,2.5,2.2,2026-07-19,2026-07-19
Lewis McGrillen,Rafael do Nascimento,BetOnline.ag,Under,2.5,1.71,2026-07-19,2026-07-19
Chase Hooper,Mitch Ramirez,BetOnline.ag,Over,1.5,2.02,2026-07-19,2026-07-19
Chase Hooper,Mitch Ramirez,BetOnline.ag,Under,1.5,1.82,2026-07-19,2026-07-19
Chase Hooper,Mitch Ramirez,Coolbet,Over,1.5,2.0,2026-07-19,2026-07-19
Chase Hooper,Mitch Ramirez,Coolbet,Under,1.5,1.84,2026-07-19,2026-07-19
Chase Hooper,Mitch Ramirez,Pinnacle,Over,1.5,1.99,2026-07-19,2026-07-19
Chase Hooper,Mitch Ramirez,Pinnacle,Under,1.5,1.87,2026-07-19,2026-07-19
Chase Hooper,Mitch Ramirez,BetAnything,Over,1.5,1.95,2026-07-19,2026-07-19
Chase Hooper,Mitch Ramirez,BetAnything,Under,1.5,1.8,2026-07-19,2026-07-19
Chase Hooper,Mitch Ramirez,PMU (FR),Over,1.5,1.85,2026-07-19,2026-07-19
Chase Hooper,Mitch Ramirez,PMU (FR),Under,1.5,1.88,2026-07-19,2026-07-19
Johnny Eblen,Impa Kasanganay,BetOnline.ag,Over,3.5,1.87,2026-07-19,2026-07-19
Johnny Eblen,Impa Kasanganay,BetOnline.ag,Under,3.5,1.95,2026-07-19,2026-07-19
Jared Cannonier,Christian Leroy Duncan,BetOnline.ag,Over,2.5,1.58,2026-07-19,2026-07-19
Jared Cannonier,Christian Leroy Duncan,BetOnline.ag,Under,2.5,2.52,2026-07-19,2026-07-19
Jared Cannonier,Christian Leroy Duncan,1xBet,Over,2.5,1.62,2026-07-19,2026-07-19
Jared Cannonier,Christian Leroy Duncan,1xBet,Under,2.5,2.22,2026-07-19,2026-07-19
Jared Cannonier,Christian Leroy Duncan,Coolbet,Over,2.5,1.55,2026-07-19,2026-07-19
Jared Cannonier,Christian Leroy Duncan,Coolbet,Under,2.5,2.5,2026-07-19,2026-07-19
Jared Cannonier,Christian Leroy Duncan,Pinnacle,Over,2.5,1.58,2026-07-19,2026-07-19
Jared Cannonier,Christian Leroy Duncan,Pinnacle,Under,2.5,2.47,2026-07-19,2026-07-19
Jared Cannonier,Christian Leroy Duncan,BetAnything,Over,2.5,1.59,2026-07-19,2026-07-19
Jared Cannonier,Christian Leroy Duncan,BetAnything,Under,2.5,2.4,2026-07-19,2026-07-19
Jared Cannonier,Christian Leroy Duncan,PMU (FR),Over,2.5,1.62,2026-07-19,2026-07-19
Jared Cannonier,Christian Leroy Duncan,PMU (FR),Under,2.5,2.2,2026-07-19,2026-07-19
Dricus Du Plessis,Kamaru Usman,BetOnline.ag,Over,3.5,1.5,2026-07-19,2026-07-19
Dricus Du Plessis,Kamaru Usman,BetOnline.ag,Under,3.5,2.74,2026-07-19,2026-07-19
Dricus Du Plessis,Kamaru Usman,1xBet,Over,4.5,1.72,2026-07-19,2026-07-19
Dricus Du Plessis,Kamaru Usman,1xBet,Under,4.5,2.05,2026-07-19,2026-07-19
Dricus Du Plessis,Kamaru Usman,Pinnacle,Over,3.5,1.53,2026-07-19,2026-07-19
Dricus Du Plessis,Kamaru Usman,Pinnacle,Under,3.5,2.61,2026-07-19,2026-07-19
Dricus Du Plessis,Kamaru Usman,Coolbet,Over,3.5,1.54,2026-07-19,2026-07-19
Dricus Du Plessis,Kamaru Usman,Coolbet,Under,3.5,2.57,2026-07-19,2026-07-19
Dricus Du Plessis,Kamaru Usman,BetAnything,Over,4.5,1.77,2026-07-19,2026-07-19
Dricus Du Plessis,Kamaru Usman,BetAnything,Under,4.5,2.0,2026-07-19,2026-07-19
Dricus Du Plessis,Kamaru Usman,PMU (FR),Over,4.5,1.74,2026-07-19,2026-07-19
Dricus Du Plessis,Kamaru Usman,PMU (FR),Under,4.5,2.02,2026-07-19,2026-07-19
Magomed Ankalaev,Bogdan Guskov,1xBet,Over,2.5,2.08,2026-07-19,2026-07-25
Magomed Ankalaev,Bogdan Guskov,1xBet,Under,2.5,1.7,2026-07-19,2026-07-25
Magomed Zaynukov,Damian Rzepecki,1xBet,Over,2.5,1.55,2026-07-19,2026-07-25
Magomed Zaynukov,Damian Rzepecki,1xBet,Under,2.5,2.36,2026-07-19,2026-07-25
Islam Dulatov,Wellington Turman,1xBet,Over,0.5,1.45,2026-07-19,2026-07-25
Islam Dulatov,Wellington Turman,1xBet,Under,0.5,2.65,2026-07-19,2026-07-25
Stephen Erceg,Ramazonbek Temirov,1xBet,Over,2.5,1.5,2026-07-19,2026-07-25
Stephen Erceg,Ramazonbek Temirov,1xBet,Under,2.5,2.48,2026-07-19,2026-07-25
Rizvan Kuniev,Tyrell Fortune,1xBet,Over,1.5,1.45,2026-07-19,2026-07-25
Rizvan Kuniev,Tyrell Fortune,1xBet,Under,1.5,2.65,2026-07-19,2026-07-25
Mackenzie Dern,Gillian Robertson,1xBet,Over,4.5,1.65,2026-07-19,2026-08-16
Mackenzie Dern,Gillian Robertson,1xBet,Under,4.5,2.16,2026-07-19,2026-08-16
Islam Makhachev,Ian Garry,1xBet,Over,3.5,1.52,2026-07-19,2026-08-16
Islam Makhachev,Ian Garry,1xBet,Under,3.5,2.55,2026-07-19,2026-08-16
Umar Nurmagomedov,Song Yadong,1xBet,Over,3.5,1.45,2026-07-19,2026-08-29
Umar Nurmagomedov,Song Yadong,1xBet,Under,3.5,2.65,2026-07-19,2026-08-29
Ismael Bonfim,Axel Sola,BetOnline.ag,Over,2.5,2.1,2026-07-20,2026-07-25
Ismael Bonfim,Axel Sola,BetOnline.ag,Under,2.5,1.77,2026-07-20,2026-07-25
Magomed Ankalaev,Bogdan Guskov,BetOnline.ag,Over,2.5,2.35,2026-07-20,2026-07-25
Magomed Ankalaev,Bogdan Guskov,BetOnline.ag,Under,2.5,1.65,2026-07-20,2026-07-25
Magomed Ankalaev,Bogdan Guskov,1xBet,Over,2.5,2.08,2026-07-20,2026-07-25
Magomed Ankalaev,Bogdan Guskov,1xBet,Under,2.5,1.7,2026-07-20,2026-07-25
Magomed Zaynukov,Damian Rzepecki,BetOnline.ag,Over,1.5,1.45,2026-07-20,2026-07-25
Magomed Zaynukov,Damian Rzepecki,BetOnline.ag,Under,1.5,2.86,2026-07-20,2026-07-25
Magomed Zaynukov,Damian Rzepecki,1xBet,Over,2.5,1.55,2026-07-20,2026-07-25
Magomed Zaynukov,Damian Rzepecki,1xBet,Under,2.5,2.36,2026-07-20,2026-07-25
Islam Dulatov,Wellington Turman,BetOnline.ag,Over,1.5,2.74,2026-07-20,2026-07-25
Islam Dulatov,Wellington Turman,BetOnline.ag,Under,1.5,1.5,2026-07-20,2026-07-25
Islam Dulatov,Wellington Turman,1xBet,Over,0.5,1.45,2026-07-20,2026-07-25
Islam Dulatov,Wellington Turman,1xBet,Under,0.5,2.65,2026-07-20,2026-07-25
Nurullo Aliev,Mike Davis,BetOnline.ag,Over,2.5,1.65,2026-07-20,2026-07-25
Nurullo Aliev,Mike Davis,BetOnline.ag,Under,2.5,2.33,2026-07-20,2026-07-25
Nurullo Aliev,Mike Davis,1xBet,Over,2.5,1.6,2026-07-20,2026-07-25
Nurullo Aliev,Mike Davis,1xBet,Under,2.5,2.25,2026-07-20,2026-07-25
Stephen Erceg,Ramazonbek Temirov,BetOnline.ag,Over,2.5,1.65,2026-07-20,2026-07-25
Stephen Erceg,Ramazonbek Temirov,BetOnline.ag,Under,2.5,2.35,2026-07-20,2026-07-25
Stephen Erceg,Ramazonbek Temirov,1xBet,Over,2.5,1.5,2026-07-20,2026-07-25
Stephen Erceg,Ramazonbek Temirov,1xBet,Under,2.5,2.48,2026-07-20,2026-07-25
Rizvan Kuniev,Tyrell Fortune,BetOnline.ag,Over,2.5,1.83,2026-07-20,2026-07-25
Rizvan Kuniev,Tyrell Fortune,BetOnline.ag,Under,2.5,2.0,2026-07-20,2026-07-25
Rizvan Kuniev,Tyrell Fortune,1xBet,Over,1.5,1.45,2026-07-20,2026-07-25
Rizvan Kuniev,Tyrell Fortune,1xBet,Under,1.5,2.65,2026-07-20,2026-07-25
Santiago Ponzinibbio,Sam Patterson,BetOnline.ag,Over,1.5,2.1,2026-07-20,2026-07-25
Santiago Ponzinibbio,Sam Patterson,BetOnline.ag,Under,1.5,1.77,2026-07-20,2026-07-25
Valter Walker,Thomas Petersen,BetOnline.ag,Over,1.5,1.62,2026-07-20,2026-07-25
Valter Walker,Thomas Petersen,BetOnline.ag,Under,1.5,2.4,2026-07-20,2026-07-25
Cody Gibson,Abdul Hussein,BetOnline.ag,Over,2.5,2.2,2026-07-20,2026-07-25
Cody Gibson,Abdul Hussein,BetOnline.ag,Under,2.5,1.71,2026-07-20,2026-07-25
Cody Gibson,Abdul Hussein,1xBet,Over,1.5,1.55,2026-07-20,2026-07-25
Cody Gibson,Abdul Hussein,1xBet,Under,1.5,2.36,2026-07-20,2026-07-25
Magomed Tuchalov,Brendson Ribeiro,BetOnline.ag,Over,1.5,2.89,2026-07-20,2026-07-25
Magomed Tuchalov,Brendson Ribeiro,BetOnline.ag,Under,1.5,1.44,2026-07-20,2026-07-25
Mackenzie Dern,Gillian Robertson,1xBet,Over,4.5,1.65,2026-07-20,2026-08-16
Mackenzie Dern,Gillian Robertson,1xBet,Under,4.5,2.16,2026-07-20,2026-08-16
Islam Makhachev,Ian Garry,1xBet,Over,3.5,1.52,2026-07-20,2026-08-16
Islam Makhachev,Ian Garry,1xBet,Under,3.5,2.55,2026-07-20,2026-08-16
Umar Nurmagomedov,Song Yadong,1xBet,Over,3.5,1.45,2026-07-20,2026-08-29
Umar Nurmagomedov,Song Yadong,1xBet,Under,3.5,2.65,2026-07-20,2026-08-29
Ismael Bonfim,Axel Sola,1xBet,Over,2.5,1.95,2026-07-20,2026-07-25
Ismael Bonfim,Axel Sola,1xBet,Under,2.5,1.8,2026-07-20,2026-07-25
Santiago Ponzinibbio,Sam Patterson,1xBet,Over,1.5,1.8,2026-07-20,2026-07-25
Santiago Ponzinibbio,Sam Patterson,1xBet,Under,1.5,1.95,2026-07-20,2026-07-25
Valter Walker,Thomas Petersen,1xBet,Over,1.5,1.5,2026-07-20,2026-07-25
Valter Walker,Thomas Petersen,1xBet,Under,1.5,2.48,2026-07-20,2026-07-25
Magomed Tuchalov,Brendson Ribeiro,1xBet,Over,0.5,1.4,2026-07-20,2026-07-25
Magomed Tuchalov,Brendson Ribeiro,1xBet,Under,0.5,2.8,2026-07-20,2026-07-25
Ismael Bonfim,Axel Sola,BetOnline.ag,Over,2.5,2.0,2026-07-22,2026-07-25
Ismael Bonfim,Axel Sola,BetOnline.ag,Under,2.5,1.83,2026-07-22,2026-07-25
Ismael Bonfim,Axel Sola,1xBet,Over,2.5,1.95,2026-07-22,2026-07-25
Ismael Bonfim,Axel Sola,1xBet,Under,2.5,1.8,2026-07-22,2026-07-25
Ismael Bonfim,Axel Sola,Coolbet,Over,2.5,2.0,2026-07-22,2026-07-25
Ismael Bonfim,Axel Sola,Coolbet,Under,2.5,1.83,2026-07-22,2026-07-25
Ismael Bonfim,Axel Sola,Pinnacle,Over,2.5,2.08,2026-07-22,2026-07-25
Ismael Bonfim,Axel Sola,Pinnacle,Under,2.5,1.76,2026-07-22,2026-07-25
Ismael Bonfim,Axel Sola,BetAnything,Over,2.5,1.95,2026-07-22,2026-07-25
Ismael Bonfim,Axel Sola,BetAnything,Under,2.5,1.8,2026-07-22,2026-07-25
Magomed Ankalaev,Bogdan Guskov,BetOnline.ag,Over,2.5,2.1,2026-07-22,2026-07-25
Magomed Ankalaev,Bogdan Guskov,BetOnline.ag,Under,2.5,1.77,2026-07-22,2026-07-25
Magomed Ankalaev,Bogdan Guskov,1xBet,Over,2.5,2.08,2026-07-22,2026-07-25
Magomed Ankalaev,Bogdan Guskov,1xBet,Under,2.5,1.7,2026-07-22,2026-07-25
Magomed Ankalaev,Bogdan Guskov,Coolbet,Over,2.5,2.1,2026-07-22,2026-07-25
Magomed Ankalaev,Bogdan Guskov,Coolbet,Under,2.5,1.77,2026-07-22,2026-07-25
Magomed Ankalaev,Bogdan Guskov,Pinnacle,Over,2.5,2.16,2026-07-22,2026-07-25
Magomed Ankalaev,Bogdan Guskov,Pinnacle,Under,2.5,1.71,2026-07-22,2026-07-25
Magomed Ankalaev,Bogdan Guskov,BetAnything,Over,2.5,2.1,2026-07-22,2026-07-25
Magomed Ankalaev,Bogdan Guskov,BetAnything,Under,2.5,1.71,2026-07-22,2026-07-25
Magomed Zaynukov,Damian Rzepecki,BetOnline.ag,Over,1.5,1.45,2026-07-22,2026-07-25
Magomed Zaynukov,Damian Rzepecki,BetOnline.ag,Under,1.5,2.86,2026-07-22,2026-07-25
Magomed Zaynukov,Damian Rzepecki,1xBet,Over,2.5,1.55,2026-07-22,2026-07-25
Magomed Zaynukov,Damian Rzepecki,1xBet,Under,2.5,2.36,2026-07-22,2026-07-25
Magomed Zaynukov,Damian Rzepecki,Coolbet,Over,1.5,1.45,2026-07-22,2026-07-25
Magomed Zaynukov,Damian Rzepecki,Coolbet,Under,1.5,2.85,2026-07-22,2026-07-25
Magomed Zaynukov,Damian Rzepecki,Pinnacle,Over,1.5,1.45,2026-07-22,2026-07-25
Magomed Zaynukov,Damian Rzepecki,Pinnacle,Under,1.5,2.79,2026-07-22,2026-07-25
Magomed Zaynukov,Damian Rzepecki,BetAnything,Over,2.5,1.77,2026-07-22,2026-07-25
Magomed Zaynukov,Damian Rzepecki,BetAnything,Under,2.5,2.0,2026-07-22,2026-07-25
Islam Dulatov,Wellington Turman,BetOnline.ag,Over,1.5,3.07,2026-07-22,2026-07-25
Islam Dulatov,Wellington Turman,BetOnline.ag,Under,1.5,1.4,2026-07-22,2026-07-25
Islam Dulatov,Wellington Turman,1xBet,Over,0.5,1.45,2026-07-22,2026-07-25
Islam Dulatov,Wellington Turman,1xBet,Under,0.5,2.65,2026-07-22,2026-07-25
Islam Dulatov,Wellington Turman,Coolbet,Over,1.5,3.15,2026-07-22,2026-07-25
Islam Dulatov,Wellington Turman,Coolbet,Under,1.5,1.38,2026-07-22,2026-07-25
Islam Dulatov,Wellington Turman,Pinnacle,Over,1.5,3.3,2026-07-22,2026-07-25
Islam Dulatov,Wellington Turman,Pinnacle,Under,1.5,1.34,2026-07-22,2026-07-25
Islam Dulatov,Wellington Turman,BetAnything,Over,1.5,3.05,2026-07-22,2026-07-25
Islam Dulatov,Wellington Turman,BetAnything,Under,1.5,1.38,2026-07-22,2026-07-25
Nurullo Aliev,Mike Davis,BetOnline.ag,Over,2.5,1.48,2026-07-22,2026-07-25
Nurullo Aliev,Mike Davis,BetOnline.ag,Under,2.5,2.8,2026-07-22,2026-07-25
Nurullo Aliev,Mike Davis,1xBet,Over,2.5,1.6,2026-07-22,2026-07-25
Nurullo Aliev,Mike Davis,1xBet,Under,2.5,2.25,2026-07-22,2026-07-25
Nurullo Aliev,Mike Davis,Coolbet,Over,2.5,1.5,2026-07-22,2026-07-25
Nurullo Aliev,Mike Davis,Coolbet,Under,2.5,2.7,2026-07-22,2026-07-25
Nurullo Aliev,Mike Davis,Pinnacle,Over,2.5,1.48,2026-07-22,2026-07-25
Nurullo Aliev,Mike Davis,Pinnacle,Under,2.5,2.68,2026-07-22,2026-07-25
Nurullo Aliev,Mike Davis,BetAnything,Over,2.5,1.48,2026-07-22,2026-07-25
Nurullo Aliev,Mike Davis,BetAnything,Under,2.5,2.75,2026-07-22,2026-07-25
Stephen Erceg,Ramazonbek Temirov,BetOnline.ag,Over,2.5,1.57,2026-07-22,2026-07-25
Stephen Erceg,Ramazonbek Temirov,BetOnline.ag,Under,2.5,2.53,2026-07-22,2026-07-25
Stephen Erceg,Ramazonbek Temirov,1xBet,Over,2.5,1.5,2026-07-22,2026-07-25
Stephen Erceg,Ramazonbek Temirov,1xBet,Under,2.5,2.48,2026-07-22,2026-07-25
Stephen Erceg,Ramazonbek Temirov,Coolbet,Over,2.5,1.57,2026-07-22,2026-07-25
Stephen Erceg,Ramazonbek Temirov,Coolbet,Under,2.5,2.45,2026-07-22,2026-07-25
Stephen Erceg,Ramazonbek Temirov,Pinnacle,Over,2.5,1.56,2026-07-22,2026-07-25
Stephen Erceg,Ramazonbek Temirov,Pinnacle,Under,2.5,2.46,2026-07-22,2026-07-25
Stephen Erceg,Ramazonbek Temirov,BetAnything,Over,2.5,1.53,2026-07-22,2026-07-25
Stephen Erceg,Ramazonbek Temirov,BetAnything,Under,2.5,2.6,2026-07-22,2026-07-25
Rizvan Kuniev,Tyrell Fortune,BetOnline.ag,Over,2.5,1.69,2026-07-22,2026-07-25
Rizvan Kuniev,Tyrell Fortune,BetOnline.ag,Under,2.5,2.25,2026-07-22,2026-07-25
Rizvan Kuniev,Tyrell Fortune,1xBet,Over,2.5,1.69,2026-07-22,2026-07-25
Rizvan Kuniev,Tyrell Fortune,1xBet,Under,2.5,2.15,2026-07-22,2026-07-25
Rizvan Kuniev,Tyrell Fortune,Coolbet,Over,2.5,1.74,2026-07-22,2026-07-25
Rizvan Kuniev,Tyrell Fortune,Coolbet,Under,2.5,2.15,2026-07-22,2026-07-25
Rizvan Kuniev,Tyrell Fortune,Pinnacle,Over,2.5,1.69,2026-07-22,2026-07-25
Rizvan Kuniev,Tyrell Fortune,Pinnacle,Under,2.5,2.19,2026-07-22,2026-07-25
Rizvan Kuniev,Tyrell Fortune,BetAnything,Over,2.5,1.69,2026-07-22,2026-07-25
Rizvan Kuniev,Tyrell Fortune,BetAnything,Under,2.5,2.15,2026-07-22,2026-07-25
Santiago Ponzinibbio,Sam Patterson,BetOnline.ag,Over,1.5,1.91,2026-07-22,2026-07-25
Santiago Ponzinibbio,Sam Patterson,BetOnline.ag,Under,1.5,1.91,2026-07-22,2026-07-25
Santiago Ponzinibbio,Sam Patterson,1xBet,Over,1.5,1.8,2026-07-22,2026-07-25
Santiago Ponzinibbio,Sam Patterson,1xBet,Under,1.5,1.95,2026-07-22,2026-07-25
Santiago Ponzinibbio,Sam Patterson,Coolbet,Over,1.5,1.95,2026-07-22,2026-07-25
Santiago Ponzinibbio,Sam Patterson,Coolbet,Under,1.5,1.87,2026-07-22,2026-07-25
Santiago Ponzinibbio,Sam Patterson,Pinnacle,Over,1.5,2.01,2026-07-22,2026-07-25
Santiago Ponzinibbio,Sam Patterson,Pinnacle,Under,1.5,1.82,2026-07-22,2026-07-25
Santiago Ponzinibbio,Sam Patterson,BetAnything,Over,1.5,1.87,2026-07-22,2026-07-25
Santiago Ponzinibbio,Sam Patterson,BetAnything,Under,1.5,1.87,2026-07-22,2026-07-25
Valter Walker,Thomas Petersen,BetOnline.ag,Over,1.5,1.62,2026-07-22,2026-07-25
Valter Walker,Thomas Petersen,BetOnline.ag,Under,1.5,2.4,2026-07-22,2026-07-25
Valter Walker,Thomas Petersen,1xBet,Over,2.5,2.05,2026-07-22,2026-07-25
Valter Walker,Thomas Petersen,1xBet,Under,2.5,1.74,2026-07-22,2026-07-25
Valter Walker,Thomas Petersen,Coolbet,Over,1.5,1.6,2026-07-22,2026-07-25
Valter Walker,Thomas Petersen,Coolbet,Under,1.5,2.4,2026-07-22,2026-07-25
Valter Walker,Thomas Petersen,Pinnacle,Over,1.5,1.62,2026-07-22,2026-07-25
Valter Walker,Thomas Petersen,Pinnacle,Under,1.5,2.31,2026-07-22,2026-07-25
Valter Walker,Thomas Petersen,BetAnything,Over,1.5,1.62,2026-07-22,2026-07-25
Valter Walker,Thomas Petersen,BetAnything,Under,1.5,2.3,2026-07-22,2026-07-25
Cody Gibson,Abdul Hussein,BetOnline.ag,Over,2.5,2.57,2026-07-22,2026-07-25
Cody Gibson,Abdul Hussein,BetOnline.ag,Under,2.5,1.56,2026-07-22,2026-07-25
Cody Gibson,Abdul Hussein,1xBet,Over,1.5,1.55,2026-07-22,2026-07-25
Cody Gibson,Abdul Hussein,1xBet,Under,1.5,2.36,2026-07-22,2026-07-25
Cody Gibson,Abdul Hussein,Coolbet,Over,2.5,2.55,2026-07-22,2026-07-25
Cody Gibson,Abdul Hussein,Coolbet,Under,2.5,1.54,2026-07-22,2026-07-25
Cody Gibson,Abdul Hussein,Pinnacle,Over,2.5,2.44,2026-07-22,2026-07-25
Cody Gibson,Abdul Hussein,Pinnacle,Under,2.5,1.57,2026-07-22,2026-07-25
Cody Gibson,Abdul Hussein,BetAnything,Over,2.5,2.45,2026-07-22,2026-07-25
Cody Gibson,Abdul Hussein,BetAnything,Under,2.5,1.57,2026-07-22,2026-07-25
Magomed Tuchalov,Brendson Ribeiro,1xBet,Over,0.5,1.4,2026-07-22,2026-07-25
Magomed Tuchalov,Brendson Ribeiro,1xBet,Under,0.5,2.8,2026-07-22,2026-07-25
Magomed Tuchalov,Brendson Ribeiro,BetOnline.ag,Over,1.5,3.0,2026-07-22,2026-07-25
Magomed Tuchalov,Brendson Ribeiro,BetOnline.ag,Under,1.5,1.42,2026-07-22,2026-07-25
Magomed Tuchalov,Brendson Ribeiro,Coolbet,Over,1.5,3.0,2026-07-22,2026-07-25
Magomed Tuchalov,Brendson Ribeiro,Coolbet,Under,1.5,1.4,2026-07-22,2026-07-25
Magomed Tuchalov,Brendson Ribeiro,Pinnacle,Over,1.5,2.84,2026-07-22,2026-07-25
Magomed Tuchalov,Brendson Ribeiro,Pinnacle,Under,1.5,1.44,2026-07-22,2026-07-25
Magomed Tuchalov,Brendson Ribeiro,BetAnything,Over,1.5,2.8,2026-07-22,2026-07-25
Magomed Tuchalov,Brendson Ribeiro,BetAnything,Under,1.5,1.43,2026-07-22,2026-07-25
Dustin Jacoby,Muhammad Said,BetAnything,Over,1.5,1.53,2026-07-22,2026-07-25
Dustin Jacoby,Muhammad Said,BetAnything,Under,1.5,2.6,2026-07-22,2026-07-25
Dustin Jacoby,Muhammad Said,1xBet,Over,2.5,1.87,2026-07-22,2026-07-25
Dustin Jacoby,Muhammad Said,1xBet,Under,2.5,1.87,2026-07-22,2026-07-25
Dustin Jacoby,Muhammad Said,BetOnline.ag,Over,1.5,1.53,2026-07-22,2026-07-25
Dustin Jacoby,Muhammad Said,BetOnline.ag,Under,1.5,2.65,2026-07-22,2026-07-25
Dustin Jacoby,Muhammad Said,Pinnacle,Over,1.5,1.53,2026-07-22,2026-07-25
Dustin Jacoby,Muhammad Said,Pinnacle,Under,1.5,2.53,2026-07-22,2026-07-25
Abubakar Vagaev,Saygid Izagakhmaev,1xBet,Over,2.5,1.45,2026-07-22,2026-07-25
Abubakar Vagaev,Saygid Izagakhmaev,1xBet,Under,2.5,2.65,2026-07-22,2026-07-25
Mackenzie Dern,Gillian Robertson,1xBet,Over,4.5,1.65,2026-07-22,2026-08-16
Mackenzie Dern,Gillian Robertson,1xBet,Under,4.5,2.16,2026-07-22,2026-08-16
Islam Makhachev,Ian Garry,1xBet,Over,3.5,1.52,2026-07-22,2026-08-16
Islam Makhachev,Ian Garry,1xBet,Under,3.5,2.55,2026-07-22,2026-08-16
Umar Nurmagomedov,Song Yadong,1xBet,Over,3.5,1.45,2026-07-22,2026-08-29
Umar Nurmagomedov,Song Yadong,1xBet,Under,3.5,2.65,2026-07-22,2026-08-29
Ismael Bonfim,Axel Sola,BetOnline.ag,Over,2.5,2.15,2026-07-23,2026-07-25
Ismael Bonfim,Axel Sola,BetOnline.ag,Under,2.5,1.74,2026-07-23,2026-07-25
Ismael Bonfim,Axel Sola,1xBet,Over,2.5,1.95,2026-07-23,2026-07-25
Ismael Bonfim,Axel Sola,1xBet,Under,2.5,1.8,2026-07-23,2026-07-25
Ismael Bonfim,Axel Sola,Coolbet,Over,2.5,2.15,2026-07-23,2026-07-25
Ismael Bonfim,Axel Sola,Coolbet,Under,2.5,1.74,2026-07-23,2026-07-25
Ismael Bonfim,Axel Sola,Pinnacle,Over,2.5,2.11,2026-07-23,2026-07-25
Ismael Bonfim,Axel Sola,Pinnacle,Under,2.5,1.75,2026-07-23,2026-07-25
Ismael Bonfim,Axel Sola,BetAnything,Over,2.5,2.05,2026-07-23,2026-07-25
Ismael Bonfim,Axel Sola,BetAnything,Under,2.5,1.74,2026-07-23,2026-07-25
Magomed Ankalaev,Bogdan Guskov,BetOnline.ag,Over,2.5,2.25,2026-07-23,2026-07-25
Magomed Ankalaev,Bogdan Guskov,BetOnline.ag,Under,2.5,1.69,2026-07-23,2026-07-25
Magomed Ankalaev,Bogdan Guskov,1xBet,Over,2.5,2.08,2026-07-23,2026-07-25
Magomed Ankalaev,Bogdan Guskov,1xBet,Under,2.5,1.7,2026-07-23,2026-07-25
Magomed Ankalaev,Bogdan Guskov,Coolbet,Over,2.5,2.1,2026-07-23,2026-07-25
Magomed Ankalaev,Bogdan Guskov,Coolbet,Under,2.5,1.77,2026-07-23,2026-07-25
Magomed Ankalaev,Bogdan Guskov,Pinnacle,Over,2.5,2.16,2026-07-23,2026-07-25
Magomed Ankalaev,Bogdan Guskov,Pinnacle,Under,2.5,1.71,2026-07-23,2026-07-25
Magomed Ankalaev,Bogdan Guskov,BetAnything,Over,2.5,2.1,2026-07-23,2026-07-25
Magomed Ankalaev,Bogdan Guskov,BetAnything,Under,2.5,1.71,2026-07-23,2026-07-25
Magomed Ankalaev,Bogdan Guskov,PMU (FR),Over,2.5,2.17,2026-07-23,2026-07-25
Magomed Ankalaev,Bogdan Guskov,PMU (FR),Under,2.5,1.64,2026-07-23,2026-07-25
Magomed Zaynukov,Damian Rzepecki,BetOnline.ag,Over,1.5,1.45,2026-07-23,2026-07-25
Magomed Zaynukov,Damian Rzepecki,BetOnline.ag,Under,1.5,2.86,2026-07-23,2026-07-25
Magomed Zaynukov,Damian Rzepecki,1xBet,Over,2.5,1.55,2026-07-23,2026-07-25
Magomed Zaynukov,Damian Rzepecki,1xBet,Under,2.5,2.36,2026-07-23,2026-07-25
Magomed Zaynukov,Damian Rzepecki,Coolbet,Over,1.5,1.45,2026-07-23,2026-07-25
Magomed Zaynukov,Damian Rzepecki,Coolbet,Under,1.5,2.85,2026-07-23,2026-07-25
Magomed Zaynukov,Damian Rzepecki,Pinnacle,Over,1.5,1.45,2026-07-23,2026-07-25
Magomed Zaynukov,Damian Rzepecki,Pinnacle,Under,1.5,2.79,2026-07-23,2026-07-25
Magomed Zaynukov,Damian Rzepecki,BetAnything,Over,2.5,1.77,2026-07-23,2026-07-25
Magomed Zaynukov,Damian Rzepecki,BetAnything,Under,2.5,2.0,2026-07-23,2026-07-25
Magomed Zaynukov,Damian Rzepecki,PMU (FR),Over,2.5,1.7,2026-07-23,2026-07-25
Magomed Zaynukov,Damian Rzepecki,PMU (FR),Under,2.5,2.08,2026-07-23,2026-07-25
Islam Dulatov,Wellington Turman,BetOnline.ag,Over,1.5,3.19,2026-07-23,2026-07-25
Islam Dulatov,Wellington Turman,BetOnline.ag,Under,1.5,1.38,2026-07-23,2026-07-25
Islam Dulatov,Wellington Turman,1xBet,Over,0.5,1.45,2026-07-23,2026-07-25
Islam Dulatov,Wellington Turman,1xBet,Under,0.5,2.65,2026-07-23,2026-07-25
Islam Dulatov,Wellington Turman,Coolbet,Over,1.5,3.15,2026-07-23,2026-07-25
Islam Dulatov,Wellington Turman,Coolbet,Under,1.5,1.38,2026-07-23,2026-07-25
Islam Dulatov,Wellington Turman,Pinnacle,Over,1.5,3.3,2026-07-23,2026-07-25
Islam Dulatov,Wellington Turman,Pinnacle,Under,1.5,1.34,2026-07-23,2026-07-25
Islam Dulatov,Wellington Turman,BetAnything,Over,1.5,3.05,2026-07-23,2026-07-25
Islam Dulatov,Wellington Turman,BetAnything,Under,1.5,1.38,2026-07-23,2026-07-25
Islam Dulatov,Wellington Turman,PMU (FR),Over,1.5,3.05,2026-07-23,2026-07-25
Islam Dulatov,Wellington Turman,PMU (FR),Under,1.5,1.35,2026-07-23,2026-07-25
Nurullo Aliev,Mike Davis,BetOnline.ag,Over,2.5,1.48,2026-07-23,2026-07-25
Nurullo Aliev,Mike Davis,BetOnline.ag,Under,2.5,2.8,2026-07-23,2026-07-25
Nurullo Aliev,Mike Davis,1xBet,Over,2.5,1.6,2026-07-23,2026-07-25
Nurullo Aliev,Mike Davis,1xBet,Under,2.5,2.25,2026-07-23,2026-07-25
Nurullo Aliev,Mike Davis,Coolbet,Over,2.5,1.5,2026-07-23,2026-07-25
Nurullo Aliev,Mike Davis,Coolbet,Under,2.5,2.7,2026-07-23,2026-07-25
Nurullo Aliev,Mike Davis,Pinnacle,Over,2.5,1.48,2026-07-23,2026-07-25
Nurullo Aliev,Mike Davis,Pinnacle,Under,2.5,2.68,2026-07-23,2026-07-25
Nurullo Aliev,Mike Davis,BetAnything,Over,2.5,1.48,2026-07-23,2026-07-25
Nurullo Aliev,Mike Davis,BetAnything,Under,2.5,2.75,2026-07-23,2026-07-25
Stephen Erceg,Ramazonbek Temirov,BetOnline.ag,Over,2.5,1.57,2026-07-23,2026-07-25
Stephen Erceg,Ramazonbek Temirov,BetOnline.ag,Under,2.5,2.53,2026-07-23,2026-07-25
Stephen Erceg,Ramazonbek Temirov,1xBet,Over,2.5,1.5,2026-07-23,2026-07-25
Stephen Erceg,Ramazonbek Temirov,1xBet,Under,2.5,2.48,2026-07-23,2026-07-25
Stephen Erceg,Ramazonbek Temirov,Coolbet,Over,2.5,1.57,2026-07-23,2026-07-25
Stephen Erceg,Ramazonbek Temirov,Coolbet,Under,2.5,2.45,2026-07-23,2026-07-25
Stephen Erceg,Ramazonbek Temirov,Pinnacle,Over,2.5,1.56,2026-07-23,2026-07-25
Stephen Erceg,Ramazonbek Temirov,Pinnacle,Under,2.5,2.46,2026-07-23,2026-07-25
Stephen Erceg,Ramazonbek Temirov,BetAnything,Over,2.5,1.54,2026-07-23,2026-07-25
Stephen Erceg,Ramazonbek Temirov,BetAnything,Under,2.5,2.55,2026-07-23,2026-07-25
Stephen Erceg,Ramazonbek Temirov,PMU (FR),Over,2.5,1.56,2026-07-23,2026-07-25
Stephen Erceg,Ramazonbek Temirov,PMU (FR),Under,2.5,2.32,2026-07-23,2026-07-25
Rizvan Kuniev,Tyrell Fortune,BetOnline.ag,Over,2.5,1.69,2026-07-23,2026-07-25
Rizvan Kuniev,Tyrell Fortune,BetOnline.ag,Under,2.5,2.25,2026-07-23,2026-07-25
Rizvan Kuniev,Tyrell Fortune,1xBet,Over,2.5,1.69,2026-07-23,2026-07-25
Rizvan Kuniev,Tyrell Fortune,1xBet,Under,2.5,2.15,2026-07-23,2026-07-25
Rizvan Kuniev,Tyrell Fortune,Coolbet,Over,2.5,1.74,2026-07-23,2026-07-25
Rizvan Kuniev,Tyrell Fortune,Coolbet,Under,2.5,2.15,2026-07-23,2026-07-25
Rizvan Kuniev,Tyrell Fortune,Pinnacle,Over,2.5,1.69,2026-07-23,2026-07-25
Rizvan Kuniev,Tyrell Fortune,Pinnacle,Under,2.5,2.19,2026-07-23,2026-07-25
Rizvan Kuniev,Tyrell Fortune,BetAnything,Over,2.5,1.67,2026-07-23,2026-07-25
Rizvan Kuniev,Tyrell Fortune,BetAnything,Under,2.5,2.2,2026-07-23,2026-07-25
Rizvan Kuniev,Tyrell Fortune,PMU (FR),Over,2.5,1.63,2026-07-23,2026-07-25
Rizvan Kuniev,Tyrell Fortune,PMU (FR),Under,2.5,2.2,2026-07-23,2026-07-25
Santiago Ponzinibbio,Sam Patterson,BetOnline.ag,Over,1.5,2.1,2026-07-23,2026-07-25
Santiago Ponzinibbio,Sam Patterson,BetOnline.ag,Under,1.5,1.77,2026-07-23,2026-07-25
Santiago Ponzinibbio,Sam Patterson,1xBet,Over,1.5,1.8,2026-07-23,2026-07-25
Santiago Ponzinibbio,Sam Patterson,1xBet,Under,1.5,1.95,2026-07-23,2026-07-25
Santiago Ponzinibbio,Sam Patterson,Coolbet,Over,1.5,2.05,2026-07-23,2026-07-25
Santiago Ponzinibbio,Sam Patterson,Coolbet,Under,1.5,1.8,2026-07-23,2026-07-25
Santiago Ponzinibbio,Sam Patterson,Pinnacle,Over,1.5,2.01,2026-07-23,2026-07-25
Santiago Ponzinibbio,Sam Patterson,Pinnacle,Under,1.5,1.82,2026-07-23,2026-07-25
Santiago Ponzinibbio,Sam Patterson,BetAnything,Over,1.5,2.0,2026-07-23,2026-07-25
Santiago Ponzinibbio,Sam Patterson,BetAnything,Under,1.5,1.77,2026-07-23,2026-07-25
Valter Walker,Thomas Petersen,BetOnline.ag,Over,1.5,1.62,2026-07-23,2026-07-25
Valter Walker,Thomas Petersen,BetOnline.ag,Under,1.5,2.4,2026-07-23,2026-07-25
Valter Walker,Thomas Petersen,1xBet,Over,2.5,2.2,2026-07-23,2026-07-25
Valter Walker,Thomas Petersen,1xBet,Under,2.5,1.67,2026-07-23,2026-07-25
Valter Walker,Thomas Petersen,Coolbet,Over,1.5,1.6,2026-07-23,2026-07-25
Valter Walker,Thomas Petersen,Coolbet,Under,1.5,2.4,2026-07-23,2026-07-25
Valter Walker,Thomas Petersen,Pinnacle,Over,1.5,1.62,2026-07-23,2026-07-25
Valter Walker,Thomas Petersen,Pinnacle,Under,1.5,2.31,2026-07-23,2026-07-25
Valter Walker,Thomas Petersen,BetAnything,Over,1.5,1.62,2026-07-23,2026-07-25
Valter Walker,Thomas Petersen,BetAnything,Under,1.5,2.3,2026-07-23,2026-07-25
Cody Gibson,Abdul Hussein,BetOnline.ag,Over,2.5,2.57,2026-07-23,2026-07-25
Cody Gibson,Abdul Hussein,BetOnline.ag,Under,2.5,1.56,2026-07-23,2026-07-25
Cody Gibson,Abdul Hussein,1xBet,Over,1.5,1.55,2026-07-23,2026-07-25
Cody Gibson,Abdul Hussein,1xBet,Under,1.5,2.36,2026-07-23,2026-07-25
Cody Gibson,Abdul Hussein,Coolbet,Over,2.5,2.55,2026-07-23,2026-07-25
Cody Gibson,Abdul Hussein,Coolbet,Under,2.5,1.54,2026-07-23,2026-07-25
Cody Gibson,Abdul Hussein,Pinnacle,Over,2.5,2.44,2026-07-23,2026-07-25
Cody Gibson,Abdul Hussein,Pinnacle,Under,2.5,1.57,2026-07-23,2026-07-25
Cody Gibson,Abdul Hussein,BetAnything,Over,2.5,2.45,2026-07-23,2026-07-25
Cody Gibson,Abdul Hussein,BetAnything,Under,2.5,1.57,2026-07-23,2026-07-25
Magomed Tuchalov,Brendson Ribeiro,1xBet,Over,0.5,1.4,2026-07-23,2026-07-25
Magomed Tuchalov,Brendson Ribeiro,1xBet,Under,0.5,2.8,2026-07-23,2026-07-25
Magomed Tuchalov,Brendson Ribeiro,BetOnline.ag,Over,1.5,3.0,2026-07-23,2026-07-25
Magomed Tuchalov,Brendson Ribeiro,BetOnline.ag,Under,1.5,1.42,2026-07-23,2026-07-25
Magomed Tuchalov,Brendson Ribeiro,Coolbet,Over,1.5,3.0,2026-07-23,2026-07-25
Magomed Tuchalov,Brendson Ribeiro,Coolbet,Under,1.5,1.4,2026-07-23,2026-07-25
Magomed Tuchalov,Brendson Ribeiro,Pinnacle,Over,1.5,2.79,2026-07-23,2026-07-25
Magomed Tuchalov,Brendson Ribeiro,Pinnacle,Under,1.5,1.45,2026-07-23,2026-07-25
Magomed Tuchalov,Brendson Ribeiro,BetAnything,Over,1.5,2.8,2026-07-23,2026-07-25
Magomed Tuchalov,Brendson Ribeiro,BetAnything,Under,1.5,1.43,2026-07-23,2026-07-25
Dustin Jacoby,Muhammad Said,BetAnything,Over,1.5,1.57,2026-07-23,2026-07-25
Dustin Jacoby,Muhammad Said,BetAnything,Under,1.5,2.45,2026-07-23,2026-07-25
Dustin Jacoby,Muhammad Said,1xBet,Over,2.5,1.87,2026-07-23,2026-07-25
Dustin Jacoby,Muhammad Said,1xBet,Under,2.5,1.87,2026-07-23,2026-07-25
Dustin Jacoby,Muhammad Said,BetOnline.ag,Over,1.5,1.57,2026-07-23,2026-07-25
Dustin Jacoby,Muhammad Said,BetOnline.ag,Under,1.5,2.53,2026-07-23,2026-07-25
Dustin Jacoby,Muhammad Said,Pinnacle,Over,1.5,1.58,2026-07-23,2026-07-25
Dustin Jacoby,Muhammad Said,Pinnacle,Under,1.5,2.41,2026-07-23,2026-07-25
Abubakar Vagaev,Saygid Izagakhmaev,1xBet,Over,2.5,1.45,2026-07-23,2026-07-25
Abubakar Vagaev,Saygid Izagakhmaev,1xBet,Under,2.5,2.65,2026-07-23,2026-07-25
Abubakar Vagaev,Saygid Izagakhmaev,BetOnline.ag,Over,2.5,1.49,2026-07-23,2026-07-25
Abubakar Vagaev,Saygid Izagakhmaev,BetOnline.ag,Under,2.5,2.77,2026-07-23,2026-07-25
Abubakar Vagaev,Saygid Izagakhmaev,Pinnacle,Over,2.5,1.48,2026-07-23,2026-07-25
Abubakar Vagaev,Saygid Izagakhmaev,Pinnacle,Under,2.5,2.68,2026-07-23,2026-07-25
Mackenzie Dern,Gillian Robertson,1xBet,Over,4.5,1.65,2026-07-23,2026-08-16
Mackenzie Dern,Gillian Robertson,1xBet,Under,4.5,2.16,2026-07-23,2026-08-16
Islam Makhachev,Ian Garry,1xBet,Over,3.5,1.52,2026-07-23,2026-08-16
Islam Makhachev,Ian Garry,1xBet,Under,3.5,2.55,2026-07-23,2026-08-16
Umar Nurmagomedov,Song Yadong,1xBet,Over,3.5,1.45,2026-07-23,2026-08-29
Umar Nurmagomedov,Song Yadong,1xBet,Under,3.5,2.65,2026-07-23,2026-08-29
Ezayah Gomez Oropeza,Luther Egerson,BetOnline.ag,Over,1.5,3.15,2026-07-24,2026-07-25
Ezayah Gomez Oropeza,Luther Egerson,BetOnline.ag,Under,1.5,1.38,2026-07-24,2026-07-25
James Martin,Joey Hart,BetOnline.ag,Over,1.5,1.74,2026-07-24,2026-07-25
James Martin,Joey Hart,BetOnline.ag,Under,1.5,2.15,2026-07-24,2026-07-25
Dylan Diebitz,Preston Lagrange,BetOnline.ag,Over,1.5,2.95,2026-07-24,2026-07-25
Dylan Diebitz,Preston Lagrange,BetOnline.ag,Under,1.5,1.43,2026-07-24,2026-07-25
Kegan Gennrich,Jose Mendez,BetOnline.ag,Over,1.5,1.57,2026-07-24,2026-07-25
Kegan Gennrich,Jose Mendez,BetOnline.ag,Under,1.5,2.53,2026-07-24,2026-07-25
Thad Jean,Ernesto Rodriguez,BetOnline.ag,Over,2.5,2.45,2026-07-24,2026-07-25
Thad Jean,Ernesto Rodriguez,BetOnline.ag,Under,2.5,1.61,2026-07-24,2026-07-25
Cody Gibson,Abdul Hussein,BetOnline.ag,Over,2.5,2.57,2026-07-24,2026-07-25
Cody Gibson,Abdul Hussein,BetOnline.ag,Under,2.5,1.56,2026-07-24,2026-07-25
Cody Gibson,Abdul Hussein,1xBet,Over,1.5,1.55,2026-07-24,2026-07-25
Cody Gibson,Abdul Hussein,1xBet,Under,1.5,2.36,2026-07-24,2026-07-25
Cody Gibson,Abdul Hussein,Coolbet,Over,2.5,2.55,2026-07-24,2026-07-25
Cody Gibson,Abdul Hussein,Coolbet,Under,2.5,1.54,2026-07-24,2026-07-25
Cody Gibson,Abdul Hussein,Pinnacle,Over,2.5,2.45,2026-07-24,2026-07-25
Cody Gibson,Abdul Hussein,Pinnacle,Under,2.5,1.57,2026-07-24,2026-07-25
Cody Gibson,Abdul Hussein,BetAnything,Over,2.5,2.5,2026-07-24,2026-07-25
Cody Gibson,Abdul Hussein,BetAnything,Under,2.5,1.56,2026-07-24,2026-07-25
Nurullo Aliev,Mike Davis,BetOnline.ag,Over,2.5,1.48,2026-07-24,2026-07-25
Nurullo Aliev,Mike Davis,BetOnline.ag,Under,2.5,2.8,2026-07-24,2026-07-25
Nurullo Aliev,Mike Davis,1xBet,Over,2.5,1.6,2026-07-24,2026-07-25
Nurullo Aliev,Mike Davis,1xBet,Under,2.5,2.25,2026-07-24,2026-07-25
Nurullo Aliev,Mike Davis,Coolbet,Over,2.5,1.5,2026-07-24,2026-07-25
Nurullo Aliev,Mike Davis,Coolbet,Under,2.5,2.7,2026-07-24,2026-07-25
Nurullo Aliev,Mike Davis,Pinnacle,Over,2.5,1.49,2026-07-24,2026-07-25
Nurullo Aliev,Mike Davis,Pinnacle,Under,2.5,2.69,2026-07-24,2026-07-25
Nurullo Aliev,Mike Davis,BetAnything,Over,2.5,1.48,2026-07-24,2026-07-25
Nurullo Aliev,Mike Davis,BetAnything,Under,2.5,2.75,2026-07-24,2026-07-25
Magomed Tuchalov,Brendson Ribeiro,1xBet,Over,0.5,1.4,2026-07-24,2026-07-25
Magomed Tuchalov,Brendson Ribeiro,1xBet,Under,0.5,2.8,2026-07-24,2026-07-25
Magomed Tuchalov,Brendson Ribeiro,BetOnline.ag,Over,1.5,3.0,2026-07-24,2026-07-25
Magomed Tuchalov,Brendson Ribeiro,BetOnline.ag,Under,1.5,1.42,2026-07-24,2026-07-25
Magomed Tuchalov,Brendson Ribeiro,Coolbet,Over,1.5,2.8,2026-07-24,2026-07-25
Magomed Tuchalov,Brendson Ribeiro,Coolbet,Under,1.5,1.45,2026-07-24,2026-07-25
Magomed Tuchalov,Brendson Ribeiro,Pinnacle,Over,1.5,2.8,2026-07-24,2026-07-25
Magomed Tuchalov,Brendson Ribeiro,Pinnacle,Under,1.5,1.46,2026-07-24,2026-07-25
Magomed Tuchalov,Brendson Ribeiro,BetAnything,Over,1.5,2.9,2026-07-24,2026-07-25
Magomed Tuchalov,Brendson Ribeiro,BetAnything,Under,1.5,1.42,2026-07-24,2026-07-25
Ismael Bonfim,Axel Sola,BetOnline.ag,Over,2.5,2.05,2026-07-24,2026-07-25
Ismael Bonfim,Axel Sola,BetOnline.ag,Under,2.5,1.8,2026-07-24,2026-07-25
Ismael Bonfim,Axel Sola,1xBet,Over,2.5,1.95,2026-07-24,2026-07-25
Ismael Bonfim,Axel Sola,1xBet,Under,2.5,1.8,2026-07-24,2026-07-25
Ismael Bonfim,Axel Sola,Coolbet,Over,2.5,2.15,2026-07-24,2026-07-25
Ismael Bonfim,Axel Sola,Coolbet,Under,2.5,1.74,2026-07-24,2026-07-25
Ismael Bonfim,Axel Sola,Pinnacle,Over,2.5,2.12,2026-07-24,2026-07-25
Ismael Bonfim,Axel Sola,Pinnacle,Under,2.5,1.75,2026-07-24,2026-07-25
Ismael Bonfim,Axel Sola,BetAnything,Over,2.5,2.05,2026-07-24,2026-07-25
Ismael Bonfim,Axel Sola,BetAnything,Under,2.5,1.74,2026-07-24,2026-07-25
Santiago Ponzinibbio,Sam Patterson,BetOnline.ag,Over,1.5,2.0,2026-07-24,2026-07-25
Santiago Ponzinibbio,Sam Patterson,BetOnline.ag,Under,1.5,1.83,2026-07-24,2026-07-25
Santiago Ponzinibbio,Sam Patterson,1xBet,Over,1.5,1.8,2026-07-24,2026-07-25
Santiago Ponzinibbio,Sam Patterson,1xBet,Under,1.5,1.95,2026-07-24,2026-07-25
Santiago Ponzinibbio,Sam Patterson,Coolbet,Over,1.5,2.05,2026-07-24,2026-07-25
Santiago Ponzinibbio,Sam Patterson,Coolbet,Under,1.5,1.8,2026-07-24,2026-07-25
Santiago Ponzinibbio,Sam Patterson,Pinnacle,Over,1.5,2.02,2026-07-24,2026-07-25
Santiago Ponzinibbio,Sam Patterson,Pinnacle,Under,1.5,1.83,2026-07-24,2026-07-25
Santiago Ponzinibbio,Sam Patterson,BetAnything,Over,1.5,1.91,2026-07-24,2026-07-25
Santiago Ponzinibbio,Sam Patterson,BetAnything,Under,1.5,1.83,2026-07-24,2026-07-25
Dustin Jacoby,Muhammad Said,BetAnything,Over,1.5,1.53,2026-07-24,2026-07-25
Dustin Jacoby,Muhammad Said,BetAnything,Under,1.5,2.6,2026-07-24,2026-07-25
Dustin Jacoby,Muhammad Said,1xBet,Over,2.5,2.05,2026-07-24,2026-07-25
Dustin Jacoby,Muhammad Said,1xBet,Under,2.5,1.74,2026-07-24,2026-07-25
Dustin Jacoby,Muhammad Said,BetOnline.ag,Over,1.5,1.57,2026-07-24,2026-07-25
Dustin Jacoby,Muhammad Said,BetOnline.ag,Under,1.5,2.53,2026-07-24,2026-07-25
Dustin Jacoby,Muhammad Said,Pinnacle,Over,1.5,1.58,2026-07-24,2026-07-25
Dustin Jacoby,Muhammad Said,Pinnacle,Under,1.5,2.43,2026-07-24,2026-07-25
Abubakar Vagaev,Saygid Izagakhmaev,1xBet,Over,2.5,1.45,2026-07-24,2026-07-25
Abubakar Vagaev,Saygid Izagakhmaev,1xBet,Under,2.5,2.65,2026-07-24,2026-07-25
Abubakar Vagaev,Saygid Izagakhmaev,BetOnline.ag,Over,2.5,1.44,2026-07-24,2026-07-25
Abubakar Vagaev,Saygid Izagakhmaev,BetOnline.ag,Under,2.5,2.89,2026-07-24,2026-07-25
Abubakar Vagaev,Saygid Izagakhmaev,BetAnything,Over,2.5,1.44,2026-07-24,2026-07-25
Abubakar Vagaev,Saygid Izagakhmaev,BetAnything,Under,2.5,2.75,2026-07-24,2026-07-25
Abubakar Vagaev,Saygid Izagakhmaev,Pinnacle,Over,2.5,1.47,2026-07-24,2026-07-25
Abubakar Vagaev,Saygid Izagakhmaev,Pinnacle,Under,2.5,2.77,2026-07-24,2026-07-25
Rizvan Kuniev,Tyrell Fortune,BetOnline.ag,Over,2.5,1.69,2026-07-24,2026-07-25
Rizvan Kuniev,Tyrell Fortune,BetOnline.ag,Under,2.5,2.25,2026-07-24,2026-07-25
Rizvan Kuniev,Tyrell Fortune,1xBet,Over,2.5,1.8,2026-07-24,2026-07-25
Rizvan Kuniev,Tyrell Fortune,1xBet,Under,2.5,1.95,2026-07-24,2026-07-25
Rizvan Kuniev,Tyrell Fortune,Coolbet,Over,2.5,1.69,2026-07-24,2026-07-25
Rizvan Kuniev,Tyrell Fortune,Coolbet,Under,2.5,2.25,2026-07-24,2026-07-25
Rizvan Kuniev,Tyrell Fortune,Pinnacle,Over,2.5,1.7,2026-07-24,2026-07-25
Rizvan Kuniev,Tyrell Fortune,Pinnacle,Under,2.5,2.2,2026-07-24,2026-07-25
Rizvan Kuniev,Tyrell Fortune,BetAnything,Over,2.5,1.67,2026-07-24,2026-07-25
Rizvan Kuniev,Tyrell Fortune,BetAnything,Under,2.5,2.2,2026-07-24,2026-07-25
Rizvan Kuniev,Tyrell Fortune,PMU (FR),Over,2.5,1.63,2026-07-24,2026-07-25
Rizvan Kuniev,Tyrell Fortune,PMU (FR),Under,2.5,2.2,2026-07-24,2026-07-25
Magomed Zaynukov,Damian Rzepecki,BetOnline.ag,Over,1.5,1.45,2026-07-24,2026-07-25
Magomed Zaynukov,Damian Rzepecki,BetOnline.ag,Under,1.5,2.86,2026-07-24,2026-07-25
Magomed Zaynukov,Damian Rzepecki,1xBet,Over,2.5,1.55,2026-07-24,2026-07-25
Magomed Zaynukov,Damian Rzepecki,1xBet,Under,2.5,2.36,2026-07-24,2026-07-25
Magomed Zaynukov,Damian Rzepecki,Coolbet,Over,1.5,1.45,2026-07-24,2026-07-25
Magomed Zaynukov,Damian Rzepecki,Coolbet,Under,1.5,2.85,2026-07-24,2026-07-25
Magomed Zaynukov,Damian Rzepecki,Pinnacle,Over,1.5,1.44,2026-07-24,2026-07-25
Magomed Zaynukov,Damian Rzepecki,Pinnacle,Under,1.5,2.85,2026-07-24,2026-07-25
Magomed Zaynukov,Damian Rzepecki,BetAnything,Over,2.5,1.77,2026-07-24,2026-07-25
Magomed Zaynukov,Damian Rzepecki,BetAnything,Under,2.5,2.0,2026-07-24,2026-07-25
Magomed Zaynukov,Damian Rzepecki,PMU (FR),Over,2.5,1.7,2026-07-24,2026-07-25
Magomed Zaynukov,Damian Rzepecki,PMU (FR),Under,2.5,2.08,2026-07-24,2026-07-25
Islam Dulatov,Wellington Turman,BetOnline.ag,Over,1.5,3.19,2026-07-24,2026-07-25
Islam Dulatov,Wellington Turman,BetOnline.ag,Under,1.5,1.38,2026-07-24,2026-07-25
Islam Dulatov,Wellington Turman,1xBet,Over,0.5,1.45,2026-07-24,2026-07-25
Islam Dulatov,Wellington Turman,1xBet,Under,0.5,2.65,2026-07-24,2026-07-25
Islam Dulatov,Wellington Turman,Coolbet,Over,1.5,3.15,2026-07-24,2026-07-25
Islam Dulatov,Wellington Turman,Coolbet,Under,1.5,1.38,2026-07-24,2026-07-25
Islam Dulatov,Wellington Turman,Pinnacle,Over,1.5,3.44,2026-07-24,2026-07-25
Islam Dulatov,Wellington Turman,Pinnacle,Under,1.5,1.32,2026-07-24,2026-07-25
Islam Dulatov,Wellington Turman,BetAnything,Over,1.5,3.05,2026-07-24,2026-07-25
Islam Dulatov,Wellington Turman,BetAnything,Under,1.5,1.38,2026-07-24,2026-07-25
Islam Dulatov,Wellington Turman,PMU (FR),Over,1.5,3.05,2026-07-24,2026-07-25
Islam Dulatov,Wellington Turman,PMU (FR),Under,1.5,1.34,2026-07-24,2026-07-25
Stephen Erceg,Ramazonbek Temirov,BetOnline.ag,Over,2.5,1.53,2026-07-24,2026-07-25
Stephen Erceg,Ramazonbek Temirov,BetOnline.ag,Under,2.5,2.65,2026-07-24,2026-07-25
Stephen Erceg,Ramazonbek Temirov,1xBet,Over,2.5,1.5,2026-07-24,2026-07-25
Stephen Erceg,Ramazonbek Temirov,1xBet,Under,2.5,2.48,2026-07-24,2026-07-25
Stephen Erceg,Ramazonbek Temirov,Coolbet,Over,2.5,1.57,2026-07-24,2026-07-25
Stephen Erceg,Ramazonbek Temirov,Coolbet,Under,2.5,2.45,2026-07-24,2026-07-25
Stephen Erceg,Ramazonbek Temirov,Pinnacle,Over,2.5,1.56,2026-07-24,2026-07-25
Stephen Erceg,Ramazonbek Temirov,Pinnacle,Under,2.5,2.46,2026-07-24,2026-07-25
Stephen Erceg,Ramazonbek Temirov,BetAnything,Over,2.5,1.54,2026-07-24,2026-07-25
Stephen Erceg,Ramazonbek Temirov,BetAnything,Under,2.5,2.55,2026-07-24,2026-07-25
Stephen Erceg,Ramazonbek Temirov,PMU (FR),Over,2.5,1.56,2026-07-24,2026-07-25
Stephen Erceg,Ramazonbek Temirov,PMU (FR),Under,2.5,2.32,2026-07-24,2026-07-25
Magomed Ankalaev,Bogdan Guskov,BetOnline.ag,Over,2.5,2.25,2026-07-24,2026-07-25
Magomed Ankalaev,Bogdan Guskov,BetOnline.ag,Under,2.5,1.69,2026-07-24,2026-07-25
Magomed Ankalaev,Bogdan Guskov,1xBet,Over,2.5,2.11,2026-07-24,2026-07-25
Magomed Ankalaev,Bogdan Guskov,1xBet,Under,2.5,1.73,2026-07-24,2026-07-25
Magomed Ankalaev,Bogdan Guskov,Coolbet,Over,2.5,2.25,2026-07-24,2026-07-25
Magomed Ankalaev,Bogdan Guskov,Coolbet,Under,2.5,1.69,2026-07-24,2026-07-25
Magomed Ankalaev,Bogdan Guskov,Pinnacle,Over,2.5,2.16,2026-07-24,2026-07-25
Magomed Ankalaev,Bogdan Guskov,Pinnacle,Under,2.5,1.71,2026-07-24,2026-07-25
Magomed Ankalaev,Bogdan Guskov,BetAnything,Over,2.5,2.15,2026-07-24,2026-07-25
Magomed Ankalaev,Bogdan Guskov,BetAnything,Under,2.5,1.69,2026-07-24,2026-07-25
Magomed Ankalaev,Bogdan Guskov,PMU (FR),Over,2.5,2.17,2026-07-24,2026-07-25
Magomed Ankalaev,Bogdan Guskov,PMU (FR),Under,2.5,1.64,2026-07-24,2026-07-25
Noah Hermosillo,Jacob Pais,BetOnline.ag,Over,2.5,1.91,2026-07-24,2026-07-25
Noah Hermosillo,Jacob Pais,BetOnline.ag,Under,2.5,1.91,2026-07-24,2026-07-25
Chad Yard,Coby Bradford,BetOnline.ag,Over,1.5,2.2,2026-07-24,2026-07-26
Chad Yard,Coby Bradford,BetOnline.ag,Under,1.5,1.71,2026-07-24,2026-07-26
Nkosi Ndebele,Brandon Davis,BetOnline.ag,Over,1.5,1.77,2026-07-24,2026-07-26
Nkosi Ndebele,Brandon Davis,BetOnline.ag,Under,1.5,2.1,2026-07-24,2026-07-26
Bryce Meredith,Michael Cyr,BetOnline.ag,Over,1.5,1.71,2026-07-24,2026-07-26
Bryce Meredith,Michael Cyr,BetOnline.ag,Under,1.5,2.2,2026-07-24,2026-07-26
Sullivan Cauley,Rasul Magomedov,BetOnline.ag,Over,1.5,1.65,2026-07-24,2026-07-26
Sullivan Cauley,Rasul Magomedov,BetOnline.ag,Under,1.5,2.35,2026-07-24,2026-07-26
Tyson Pedro,Rafael Alves,BetOnline.ag,Over,1.5,1.56,2026-07-24,2026-07-26
Tyson Pedro,Rafael Alves,BetOnline.ag,Under,1.5,2.57,2026-07-24,2026-07-26
Valter Walker,Thomas Petersen,BetOnline.ag,Over,1.5,1.65,2026-07-24,2026-07-26
Valter Walker,Thomas Petersen,BetOnline.ag,Under,1.5,2.35,2026-07-24,2026-07-26
Valter Walker,Thomas Petersen,1xBet,Over,1.5,1.5,2026-07-24,2026-07-26
Valter Walker,Thomas Petersen,1xBet,Under,1.5,2.48,2026-07-24,2026-07-26
Valter Walker,Thomas Petersen,Coolbet,Over,1.5,1.67,2026-07-24,2026-07-26
Valter Walker,Thomas Petersen,Coolbet,Under,1.5,2.25,2026-07-24,2026-07-26
Valter Walker,Thomas Petersen,Pinnacle,Over,1.5,1.71,2026-07-24,2026-07-26
Valter Walker,Thomas Petersen,Pinnacle,Under,1.5,2.19,2026-07-24,2026-07-26
Valter Walker,Thomas Petersen,BetAnything,Over,1.5,1.62,2026-07-24,2026-07-26
Valter Walker,Thomas Petersen,BetAnything,Under,1.5,2.3,2026-07-24,2026-07-26
Uros Medic,Daniel Rodriguez,1xBet,Over,1.5,2.08,2026-07-24,2026-08-01
Uros Medic,Daniel Rodriguez,1xBet,Under,1.5,1.7,2026-07-24,2026-08-01
Mackenzie Dern,Gillian Robertson,1xBet,Over,4.5,1.65,2026-07-24,2026-08-16
Mackenzie Dern,Gillian Robertson,1xBet,Under,4.5,2.16,2026-07-24,2026-08-16
Islam Makhachev,Ian Garry,1xBet,Over,3.5,1.52,2026-07-24,2026-08-16
Islam Makhachev,Ian Garry,1xBet,Under,3.5,2.55,2026-07-24,2026-08-16
Umar Nurmagomedov,Song Yadong,1xBet,Over,3.5,1.45,2026-07-24,2026-08-29
Umar Nurmagomedov,Song Yadong,1xBet,Under,3.5,2.65,2026-07-24,2026-08-29
Abubakar Vagaev,Saygid Izagakhmaev,PMU (FR),Over,2.5,1.41,2026-07-24,2026-07-25
Abubakar Vagaev,Saygid Izagakhmaev,PMU (FR),Under,2.5,2.75,2026-07-24,2026-07-25
Eliezer Kubanza,Chris Mixan,BetOnline.ag,Over,1.5,2.05,2026-07-24,2026-07-26
Eliezer Kubanza,Chris Mixan,BetOnline.ag,Under,1.5,1.8,2026-07-24,2026-07-26
Kegan Gennrich,Jose Mendez,BetOnline.ag,Over,1.5,1.48,2026-07-25,2026-07-25
Kegan Gennrich,Jose Mendez,BetOnline.ag,Under,1.5,2.8,2026-07-25,2026-07-25
Cody Gibson,Abdul Hussein,BetOnline.ag,Over,2.5,2.57,2026-07-25,2026-07-25
Cody Gibson,Abdul Hussein,BetOnline.ag,Under,2.5,1.56,2026-07-25,2026-07-25
Cody Gibson,Abdul Hussein,1xBet,Over,1.5,1.55,2026-07-25,2026-07-25
Cody Gibson,Abdul Hussein,1xBet,Under,1.5,2.36,2026-07-25,2026-07-25
Cody Gibson,Abdul Hussein,Coolbet,Over,2.5,2.55,2026-07-25,2026-07-25
Cody Gibson,Abdul Hussein,Coolbet,Under,2.5,1.54,2026-07-25,2026-07-25
Cody Gibson,Abdul Hussein,Pinnacle,Over,2.5,2.5,2026-07-25,2026-07-25
Cody Gibson,Abdul Hussein,Pinnacle,Under,2.5,1.57,2026-07-25,2026-07-25
Cody Gibson,Abdul Hussein,BetAnything,Over,2.5,2.5,2026-07-25,2026-07-25
Cody Gibson,Abdul Hussein,BetAnything,Under,2.5,1.56,2026-07-25,2026-07-25
Nurullo Aliev,Mike Davis,BetOnline.ag,Over,2.5,1.5,2026-07-25,2026-07-25
Nurullo Aliev,Mike Davis,BetOnline.ag,Under,2.5,2.74,2026-07-25,2026-07-25
Nurullo Aliev,Mike Davis,1xBet,Over,2.5,1.6,2026-07-25,2026-07-25
Nurullo Aliev,Mike Davis,1xBet,Under,2.5,2.25,2026-07-25,2026-07-25
Nurullo Aliev,Mike Davis,Coolbet,Over,2.5,1.5,2026-07-25,2026-07-25
Nurullo Aliev,Mike Davis,Coolbet,Under,2.5,2.7,2026-07-25,2026-07-25
Nurullo Aliev,Mike Davis,Pinnacle,Over,2.5,1.5,2026-07-25,2026-07-25
Nurullo Aliev,Mike Davis,Pinnacle,Under,2.5,2.68,2026-07-25,2026-07-25
Nurullo Aliev,Mike Davis,BetAnything,Over,2.5,1.5,2026-07-25,2026-07-25
Nurullo Aliev,Mike Davis,BetAnything,Under,2.5,2.7,2026-07-25,2026-07-25
Magomed Tuchalov,Brendson Ribeiro,1xBet,Over,1.5,2.82,2026-07-25,2026-07-25
Magomed Tuchalov,Brendson Ribeiro,1xBet,Under,1.5,1.42,2026-07-25,2026-07-25
Magomed Tuchalov,Brendson Ribeiro,BetOnline.ag,Over,1.5,3.0,2026-07-25,2026-07-25
Magomed Tuchalov,Brendson Ribeiro,BetOnline.ag,Under,1.5,1.42,2026-07-25,2026-07-25
Magomed Tuchalov,Brendson Ribeiro,Coolbet,Over,1.5,2.8,2026-07-25,2026-07-25
Magomed Tuchalov,Brendson Ribeiro,Coolbet,Under,1.5,1.45,2026-07-25,2026-07-25
Magomed Tuchalov,Brendson Ribeiro,Pinnacle,Over,1.5,2.82,2026-07-25,2026-07-25
Magomed Tuchalov,Brendson Ribeiro,Pinnacle,Under,1.5,1.46,2026-07-25,2026-07-25
Magomed Tuchalov,Brendson Ribeiro,BetAnything,Over,1.5,2.9,2026-07-25,2026-07-25
Magomed Tuchalov,Brendson Ribeiro,BetAnything,Under,1.5,1.42,2026-07-25,2026-07-25
Ismael Bonfim,Axel Sola,BetOnline.ag,Over,2.5,1.95,2026-07-25,2026-07-25
Ismael Bonfim,Axel Sola,BetOnline.ag,Under,2.5,1.87,2026-07-25,2026-07-25
Ismael Bonfim,Axel Sola,1xBet,Over,2.5,1.95,2026-07-25,2026-07-25
Ismael Bonfim,Axel Sola,1xBet,Under,2.5,1.8,2026-07-25,2026-07-25
Ismael Bonfim,Axel Sola,Coolbet,Over,2.5,1.92,2026-07-25,2026-07-25
Ismael Bonfim,Axel Sola,Coolbet,Under,2.5,1.92,2026-07-25,2026-07-25
Ismael Bonfim,Axel Sola,Pinnacle,Over,2.5,1.93,2026-07-25,2026-07-25
Ismael Bonfim,Axel Sola,Pinnacle,Under,2.5,1.92,2026-07-25,2026-07-25
Ismael Bonfim,Axel Sola,BetAnything,Over,2.5,1.91,2026-07-25,2026-07-25
Ismael Bonfim,Axel Sola,BetAnything,Under,2.5,1.83,2026-07-25,2026-07-25
Santiago Ponzinibbio,Sam Patterson,BetOnline.ag,Over,1.5,1.95,2026-07-25,2026-07-25
Santiago Ponzinibbio,Sam Patterson,BetOnline.ag,Under,1.5,1.87,2026-07-25,2026-07-25
Santiago Ponzinibbio,Sam Patterson,1xBet,Over,1.5,1.8,2026-07-25,2026-07-25
Santiago Ponzinibbio,Sam Patterson,1xBet,Under,1.5,1.95,2026-07-25,2026-07-25
Santiago Ponzinibbio,Sam Patterson,Coolbet,Over,1.5,2.05,2026-07-25,2026-07-25
Santiago Ponzinibbio,Sam Patterson,Coolbet,Under,1.5,1.8,2026-07-25,2026-07-25
Santiago Ponzinibbio,Sam Patterson,Pinnacle,Over,1.5,2.03,2026-07-25,2026-07-25
Santiago Ponzinibbio,Sam Patterson,Pinnacle,Under,1.5,1.83,2026-07-25,2026-07-25
Santiago Ponzinibbio,Sam Patterson,BetAnything,Over,1.5,1.87,2026-07-25,2026-07-25
Santiago Ponzinibbio,Sam Patterson,BetAnything,Under,1.5,1.87,2026-07-25,2026-07-25
Dustin Jacoby,Muhammad Said,BetAnything,Over,1.5,1.53,2026-07-25,2026-07-25
Dustin Jacoby,Muhammad Said,BetAnything,Under,1.5,2.6,2026-07-25,2026-07-25
Dustin Jacoby,Muhammad Said,1xBet,Over,2.5,2.05,2026-07-25,2026-07-25
Dustin Jacoby,Muhammad Said,1xBet,Under,2.5,1.74,2026-07-25,2026-07-25
Dustin Jacoby,Muhammad Said,BetOnline.ag,Over,1.5,1.57,2026-07-25,2026-07-25
Dustin Jacoby,Muhammad Said,BetOnline.ag,Under,1.5,2.53,2026-07-25,2026-07-25
Dustin Jacoby,Muhammad Said,Pinnacle,Over,1.5,1.59,2026-07-25,2026-07-25
Dustin Jacoby,Muhammad Said,Pinnacle,Under,1.5,2.44,2026-07-25,2026-07-25
Abubakar Vagaev,Saygid Izagakhmaev,1xBet,Over,2.5,1.45,2026-07-25,2026-07-25
Abubakar Vagaev,Saygid Izagakhmaev,1xBet,Under,2.5,2.65,2026-07-25,2026-07-25
Abubakar Vagaev,Saygid Izagakhmaev,BetOnline.ag,Over,2.5,1.44,2026-07-25,2026-07-25
Abubakar Vagaev,Saygid Izagakhmaev,BetOnline.ag,Under,2.5,2.89,2026-07-25,2026-07-25
Abubakar Vagaev,Saygid Izagakhmaev,BetAnything,Over,2.5,1.45,2026-07-25,2026-07-25
Abubakar Vagaev,Saygid Izagakhmaev,BetAnything,Under,2.5,2.7,2026-07-25,2026-07-25
Abubakar Vagaev,Saygid Izagakhmaev,Pinnacle,Over,2.5,1.46,2026-07-25,2026-07-25
Abubakar Vagaev,Saygid Izagakhmaev,Pinnacle,Under,2.5,2.82,2026-07-25,2026-07-25
Abubakar Vagaev,Saygid Izagakhmaev,PMU (FR),Over,2.5,1.41,2026-07-25,2026-07-25
Abubakar Vagaev,Saygid Izagakhmaev,PMU (FR),Under,2.5,2.75,2026-07-25,2026-07-25
Rizvan Kuniev,Tyrell Fortune,BetOnline.ag,Over,2.5,1.69,2026-07-25,2026-07-25
Rizvan Kuniev,Tyrell Fortune,BetOnline.ag,Under,2.5,2.25,2026-07-25,2026-07-25
Rizvan Kuniev,Tyrell Fortune,1xBet,Over,2.5,1.8,2026-07-25,2026-07-25
Rizvan Kuniev,Tyrell Fortune,1xBet,Under,2.5,1.95,2026-07-25,2026-07-25
Rizvan Kuniev,Tyrell Fortune,Coolbet,Over,2.5,1.69,2026-07-25,2026-07-25
Rizvan Kuniev,Tyrell Fortune,Coolbet,Under,2.5,2.25,2026-07-25,2026-07-25
Rizvan Kuniev,Tyrell Fortune,Pinnacle,Over,2.5,1.7,2026-07-25,2026-07-25
Rizvan Kuniev,Tyrell Fortune,Pinnacle,Under,2.5,2.2,2026-07-25,2026-07-25
Rizvan Kuniev,Tyrell Fortune,BetAnything,Over,2.5,1.67,2026-07-25,2026-07-25
Rizvan Kuniev,Tyrell Fortune,BetAnything,Under,2.5,2.2,2026-07-25,2026-07-25
Rizvan Kuniev,Tyrell Fortune,PMU (FR),Over,2.5,1.63,2026-07-25,2026-07-25
Rizvan Kuniev,Tyrell Fortune,PMU (FR),Under,2.5,2.2,2026-07-25,2026-07-25
Magomed Zaynukov,Damian Rzepecki,BetOnline.ag,Over,1.5,1.45,2026-07-25,2026-07-25
Magomed Zaynukov,Damian Rzepecki,BetOnline.ag,Under,1.5,2.86,2026-07-25,2026-07-25
Magomed Zaynukov,Damian Rzepecki,1xBet,Over,2.5,1.55,2026-07-25,2026-07-25
Magomed Zaynukov,Damian Rzepecki,1xBet,Under,2.5,2.36,2026-07-25,2026-07-25
Magomed Zaynukov,Damian Rzepecki,Coolbet,Over,1.5,1.45,2026-07-25,2026-07-25
Magomed Zaynukov,Damian Rzepecki,Coolbet,Under,1.5,2.85,2026-07-25,2026-07-25
Magomed Zaynukov,Damian Rzepecki,Pinnacle,Over,1.5,1.44,2026-07-25,2026-07-25
Magomed Zaynukov,Damian Rzepecki,Pinnacle,Under,1.5,2.85,2026-07-25,2026-07-25
Magomed Zaynukov,Damian Rzepecki,BetAnything,Over,2.5,1.77,2026-07-25,2026-07-25
Magomed Zaynukov,Damian Rzepecki,BetAnything,Under,2.5,2.0,2026-07-25,2026-07-25
Magomed Zaynukov,Damian Rzepecki,PMU (FR),Over,2.5,1.76,2026-07-25,2026-07-25
Magomed Zaynukov,Damian Rzepecki,PMU (FR),Under,2.5,2.0,2026-07-25,2026-07-25
Islam Dulatov,Wellington Turman,BetOnline.ag,Over,1.5,3.19,2026-07-25,2026-07-25
Islam Dulatov,Wellington Turman,BetOnline.ag,Under,1.5,1.38,2026-07-25,2026-07-25
Islam Dulatov,Wellington Turman,1xBet,Over,0.5,1.45,2026-07-25,2026-07-25
Islam Dulatov,Wellington Turman,1xBet,Under,0.5,2.65,2026-07-25,2026-07-25
Islam Dulatov,Wellington Turman,Coolbet,Over,1.5,3.35,2026-07-25,2026-07-25
Islam Dulatov,Wellington Turman,Coolbet,Under,1.5,1.34,2026-07-25,2026-07-25
Islam Dulatov,Wellington Turman,Pinnacle,Over,1.5,3.38,2026-07-25,2026-07-25
Islam Dulatov,Wellington Turman,Pinnacle,Under,1.5,1.34,2026-07-25,2026-07-25
Islam Dulatov,Wellington Turman,BetAnything,Over,1.5,3.05,2026-07-25,2026-07-25
Islam Dulatov,Wellington Turman,BetAnything,Under,1.5,1.38,2026-07-25,2026-07-25
Islam Dulatov,Wellington Turman,PMU (FR),Over,1.5,3.4,2026-07-25,2026-07-25
Islam Dulatov,Wellington Turman,PMU (FR),Under,1.5,1.29,2026-07-25,2026-07-25
Stephen Erceg,Ramazonbek Temirov,BetOnline.ag,Over,2.5,1.53,2026-07-25,2026-07-25
Stephen Erceg,Ramazonbek Temirov,BetOnline.ag,Under,2.5,2.65,2026-07-25,2026-07-25
Stephen Erceg,Ramazonbek Temirov,1xBet,Over,2.5,1.5,2026-07-25,2026-07-25
Stephen Erceg,Ramazonbek Temirov,1xBet,Under,2.5,2.48,2026-07-25,2026-07-25
Stephen Erceg,Ramazonbek Temirov,Coolbet,Over,2.5,1.57,2026-07-25,2026-07-25
Stephen Erceg,Ramazonbek Temirov,Coolbet,Under,2.5,2.45,2026-07-25,2026-07-25
Stephen Erceg,Ramazonbek Temirov,Pinnacle,Over,2.5,1.56,2026-07-25,2026-07-25
Stephen Erceg,Ramazonbek Temirov,Pinnacle,Under,2.5,2.47,2026-07-25,2026-07-25
Stephen Erceg,Ramazonbek Temirov,BetAnything,Over,2.5,1.54,2026-07-25,2026-07-25
Stephen Erceg,Ramazonbek Temirov,BetAnything,Under,2.5,2.55,2026-07-25,2026-07-25
Stephen Erceg,Ramazonbek Temirov,PMU (FR),Over,2.5,1.5,2026-07-25,2026-07-25
Stephen Erceg,Ramazonbek Temirov,PMU (FR),Under,2.5,2.48,2026-07-25,2026-07-25
Magomed Ankalaev,Bogdan Guskov,BetOnline.ag,Over,2.5,2.1,2026-07-25,2026-07-25
Magomed Ankalaev,Bogdan Guskov,BetOnline.ag,Under,2.5,1.77,2026-07-25,2026-07-25
Magomed Ankalaev,Bogdan Guskov,1xBet,Over,2.5,2.11,2026-07-25,2026-07-25
Magomed Ankalaev,Bogdan Guskov,1xBet,Under,2.5,1.73,2026-07-25,2026-07-25
Magomed Ankalaev,Bogdan Guskov,Coolbet,Over,2.5,2.1,2026-07-25,2026-07-25
Magomed Ankalaev,Bogdan Guskov,Coolbet,Under,2.5,1.77,2026-07-25,2026-07-25
Magomed Ankalaev,Bogdan Guskov,Pinnacle,Over,2.5,2.19,2026-07-25,2026-07-25
Magomed Ankalaev,Bogdan Guskov,Pinnacle,Under,2.5,1.7,2026-07-25,2026-07-25
Magomed Ankalaev,Bogdan Guskov,BetAnything,Over,2.5,2.0,2026-07-25,2026-07-25
Magomed Ankalaev,Bogdan Guskov,BetAnything,Under,2.5,1.77,2026-07-25,2026-07-25
Magomed Ankalaev,Bogdan Guskov,PMU (FR),Over,2.5,2.17,2026-07-25,2026-07-25
Magomed Ankalaev,Bogdan Guskov,PMU (FR),Under,2.5,1.64,2026-07-25,2026-07-25
Noah Hermosillo,Jacob Pais,BetOnline.ag,Over,2.5,1.91,2026-07-25,2026-07-26
Noah Hermosillo,Jacob Pais,BetOnline.ag,Under,2.5,1.91,2026-07-25,2026-07-26
Chad Yard,Coby Bradford,BetOnline.ag,Over,1.5,2.74,2026-07-25,2026-07-26
Chad Yard,Coby Bradford,BetOnline.ag,Under,1.5,1.5,2026-07-25,2026-07-26
Nkosi Ndebele,Brandon Davis,BetOnline.ag,Over,1.5,1.56,2026-07-25,2026-07-26
Nkosi Ndebele,Brandon Davis,BetOnline.ag,Under,1.5,2.57,2026-07-25,2026-07-26
Bryce Meredith,Michael Cyr,BetOnline.ag,Over,1.5,1.45,2026-07-25,2026-07-26
Bryce Meredith,Michael Cyr,BetOnline.ag,Under,1.5,2.86,2026-07-25,2026-07-26
Eliezer Kubanza,Chris Mixan,BetOnline.ag,Over,1.5,2.05,2026-07-25,2026-07-26
Eliezer Kubanza,Chris Mixan,BetOnline.ag,Under,1.5,1.8,2026-07-25,2026-07-26
Sullivan Cauley,Rasul Magomedov,BetOnline.ag,Over,1.5,1.61,2026-07-25,2026-07-26
Sullivan Cauley,Rasul Magomedov,BetOnline.ag,Under,1.5,2.45,2026-07-25,2026-07-26
Tyson Pedro,Rafael Alves,BetOnline.ag,Over,1.5,1.57,2026-07-25,2026-07-26
Tyson Pedro,Rafael Alves,BetOnline.ag,Under,1.5,2.53,2026-07-25,2026-07-26
Thad Jean,Ernesto Rodriguez,BetOnline.ag,Over,2.5,2.45,2026-07-25,2026-07-26
Thad Jean,Ernesto Rodriguez,BetOnline.ag,Under,2.5,1.61,2026-07-25,2026-07-26
Valter Walker,Thomas Petersen,BetOnline.ag,Over,1.5,1.65,2026-07-25,2026-07-26
Valter Walker,Thomas Petersen,BetOnline.ag,Under,1.5,2.35,2026-07-25,2026-07-26
Valter Walker,Thomas Petersen,1xBet,Over,1.5,1.5,2026-07-25,2026-07-26
Valter Walker,Thomas Petersen,1xBet,Under,1.5,2.48,2026-07-25,2026-07-26
Valter Walker,Thomas Petersen,Coolbet,Over,1.5,1.67,2026-07-25,2026-07-26
Valter Walker,Thomas Petersen,Coolbet,Under,1.5,2.25,2026-07-25,2026-07-26
Valter Walker,Thomas Petersen,Pinnacle,Over,1.5,1.69,2026-07-25,2026-07-26
Valter Walker,Thomas Petersen,Pinnacle,Under,1.5,2.23,2026-07-25,2026-07-26
Valter Walker,Thomas Petersen,BetAnything,Over,1.5,1.65,2026-07-25,2026-07-26
Valter Walker,Thomas Petersen,BetAnything,Under,1.5,2.25,2026-07-25,2026-07-26
Uros Medic,Daniel Rodriguez,1xBet,Over,1.5,2.08,2026-07-25,2026-08-01
Uros Medic,Daniel Rodriguez,1xBet,Under,1.5,1.7,2026-07-25,2026-08-01
Mackenzie Dern,Gillian Robertson,1xBet,Over,4.5,1.65,2026-07-25,2026-08-16
Mackenzie Dern,Gillian Robertson,1xBet,Under,4.5,2.16,2026-07-25,2026-08-16
Islam Makhachev,Ian Garry,1xBet,Over,3.5,1.52,2026-07-25,2026-08-16
Islam Makhachev,Ian Garry,1xBet,Under,3.5,2.55,2026-07-25,2026-08-16
Umar Nurmagomedov,Song Yadong,1xBet,Over,3.5,1.45,2026-07-25,2026-08-29
Umar Nurmagomedov,Song Yadong,1xBet,Under,3.5,2.65,2026-07-25,2026-08-29
Dustin Jacoby,Muhammad Said,Coolbet,Over,1.5,1.56,2026-07-25,2026-07-25
Dustin Jacoby,Muhammad Said,Coolbet,Under,1.5,2.5,2026-07-25,2026-07-25
Abubakar Vagaev,Saygid Izagakhmaev,Coolbet,Over,2.5,1.46,2026-07-25,2026-07-25
Abubakar Vagaev,Saygid Izagakhmaev,Coolbet,Under,2.5,2.8,2026-07-25,2026-07-25
Magomed Zaynukov,Damian Rzepecki,BetAnything,Over,1.5,1.45,2026-07-25,2026-07-25
Magomed Zaynukov,Damian Rzepecki,BetAnything,Under,1.5,2.7,2026-07-25,2026-07-25
Nina Milošević,Hailey Cowan,BetOnline.ag,Over,1.5,1.42,2026-07-27,2026-08-01
Nina Milošević,Hailey Cowan,BetOnline.ag,Under,1.5,2.9,2026-07-27,2026-08-01
Nina Milošević,Hailey Cowan,Pinnacle,Over,1.5,1.42,2026-07-27,2026-08-01
Nina Milošević,Hailey Cowan,Pinnacle,Under,1.5,2.93,2026-07-27,2026-08-01
Marina Spasić,Stephanie Luciano,BetOnline.ag,Over,2.5,1.36,2026-07-27,2026-08-01
Marina Spasić,Stephanie Luciano,BetOnline.ag,Under,2.5,3.3,2026-07-27,2026-08-01
Marina Spasić,Stephanie Luciano,Pinnacle,Over,2.5,1.35,2026-07-27,2026-08-01
Marina Spasić,Stephanie Luciano,Pinnacle,Under,2.5,3.27,2026-07-27,2026-08-01
Miloš Janičić,Noah Gugnon,BetOnline.ag,Over,1.5,1.8,2026-07-27,2026-08-01
Miloš Janičić,Noah Gugnon,BetOnline.ag,Under,1.5,2.05,2026-07-27,2026-08-01
Miloš Janičić,Noah Gugnon,1xBet,Over,1.5,1.75,2026-07-27,2026-08-01
Miloš Janičić,Noah Gugnon,1xBet,Under,1.5,2.0,2026-07-27,2026-08-01
Miloš Janičić,Noah Gugnon,Pinnacle,Over,1.5,1.85,2026-07-27,2026-08-01
Miloš Janičić,Noah Gugnon,Pinnacle,Under,1.5,1.97,2026-07-27,2026-08-01
Aleksandar Rakic,Marcin Tybura,BetOnline.ag,Over,1.5,1.49,2026-07-27,2026-08-01
Aleksandar Rakic,Marcin Tybura,BetOnline.ag,Under,1.5,2.77,2026-07-27,2026-08-01
Aleksandar Rakic,Marcin Tybura,1xBet,Over,2.5,1.9,2026-07-27,2026-08-01
Aleksandar Rakic,Marcin Tybura,1xBet,Under,2.5,1.84,2026-07-27,2026-08-01
Aleksandar Rakic,Marcin Tybura,Pinnacle,Over,1.5,1.48,2026-07-27,2026-08-01
Aleksandar Rakic,Marcin Tybura,Pinnacle,Under,1.5,2.69,2026-07-27,2026-08-01
Jovan Leka,Alexander Poppeck,BetOnline.ag,Over,1.5,1.54,2026-07-27,2026-08-01
Jovan Leka,Alexander Poppeck,BetOnline.ag,Under,1.5,2.61,2026-07-27,2026-08-01
Jovan Leka,Alexander Poppeck,Pinnacle,Over,1.5,1.53,2026-07-27,2026-08-01
Jovan Leka,Alexander Poppeck,Pinnacle,Under,1.5,2.52,2026-07-27,2026-08-01
Dennis Buzukja,Bogdan Grad,BetOnline.ag,Over,2.5,1.69,2026-07-27,2026-08-01
Dennis Buzukja,Bogdan Grad,BetOnline.ag,Under,2.5,2.25,2026-07-27,2026-08-01
Dennis Buzukja,Bogdan Grad,Pinnacle,Over,2.5,1.72,2026-07-27,2026-08-01
Dennis Buzukja,Bogdan Grad,Pinnacle,Under,2.5,2.14,2026-07-27,2026-08-01
Uros Medic,Daniel Rodriguez,BetOnline.ag,Over,1.5,2.77,2026-07-27,2026-08-01
Uros Medic,Daniel Rodriguez,BetOnline.ag,Under,1.5,1.49,2026-07-27,2026-08-01
Uros Medic,Daniel Rodriguez,1xBet,Over,1.5,2.16,2026-07-27,2026-08-01
Uros Medic,Daniel Rodriguez,1xBet,Under,1.5,1.65,2026-07-27,2026-08-01
Uros Medic,Daniel Rodriguez,Pinnacle,Over,1.5,2.69,2026-07-27,2026-08-01
Uros Medic,Daniel Rodriguez,Pinnacle,Under,1.5,1.48,2026-07-27,2026-08-01
Dusko Todorovic,Robert Valentin,BetOnline.ag,Over,1.5,2.0,2026-07-27,2026-08-01
Dusko Todorovic,Robert Valentin,BetOnline.ag,Under,1.5,1.83,2026-07-27,2026-08-01
Dusko Todorovic,Robert Valentin,1xBet,Over,1.5,1.8,2026-07-27,2026-08-01
Dusko Todorovic,Robert Valentin,1xBet,Under,1.5,1.95,2026-07-27,2026-08-01
Dusko Todorovic,Robert Valentin,Pinnacle,Over,1.5,1.99,2026-07-27,2026-08-01
Dusko Todorovic,Robert Valentin,Pinnacle,Under,1.5,1.83,2026-07-27,2026-08-01
Vlasto Cepo,Gilbert Urbina,BetOnline.ag,Over,1.5,3.45,2026-07-27,2026-08-01
Vlasto Cepo,Gilbert Urbina,BetOnline.ag,Under,1.5,1.33,2026-07-27,2026-08-01
Vlasto Cepo,Gilbert Urbina,1xBet,Over,0.5,1.5,2026-07-27,2026-08-01
Vlasto Cepo,Gilbert Urbina,1xBet,Under,0.5,2.48,2026-07-27,2026-08-01
Vlasto Cepo,Gilbert Urbina,Pinnacle,Over,1.5,3.15,2026-07-27,2026-08-01
Vlasto Cepo,Gilbert Urbina,Pinnacle,Under,1.5,1.37,2026-07-27,2026-08-01
Jan Blachowicz,Navajo Stirling,BetOnline.ag,Over,2.5,1.49,2026-07-27,2026-08-01
Jan Blachowicz,Navajo Stirling,BetOnline.ag,Under,2.5,2.77,2026-07-27,2026-08-01
Jan Blachowicz,Navajo Stirling,1xBet,Over,2.5,1.6,2026-07-27,2026-08-01
Jan Blachowicz,Navajo Stirling,1xBet,Under,2.5,2.25,2026-07-27,2026-08-01
Jan Blachowicz,Navajo Stirling,Pinnacle,Over,2.5,1.48,2026-07-27,2026-08-01
Jan Blachowicz,Navajo Stirling,Pinnacle,Under,2.5,2.69,2026-07-27,2026-08-01
Mateusz Rebecki,Kyle Prepolec,BetOnline.ag,Over,1.5,1.69,2026-07-27,2026-08-01
Mateusz Rebecki,Kyle Prepolec,BetOnline.ag,Under,1.5,2.15,2026-07-27,2026-08-01
Mateusz Rebecki,Kyle Prepolec,1xBet,Over,1.5,1.75,2026-07-27,2026-08-01
Mateusz Rebecki,Kyle Prepolec,1xBet,Under,1.5,2.0,2026-07-27,2026-08-01
Mateusz Rebecki,Kyle Prepolec,Pinnacle,Over,1.5,1.68,2026-07-27,2026-08-01
Mateusz Rebecki,Kyle Prepolec,Pinnacle,Under,1.5,2.21,2026-07-27,2026-08-01
L'udovit Klein,Tofiq Musayev,BetOnline.ag,Over,2.5,1.62,2026-07-27,2026-08-01
L'udovit Klein,Tofiq Musayev,BetOnline.ag,Under,2.5,2.4,2026-07-27,2026-08-01
L'udovit Klein,Tofiq Musayev,1xBet,Over,2.5,1.55,2026-07-27,2026-08-01
L'udovit Klein,Tofiq Musayev,1xBet,Under,2.5,2.36,2026-07-27,2026-08-01
L'udovit Klein,Tofiq Musayev,Pinnacle,Over,2.5,1.61,2026-07-27,2026-08-01
L'udovit Klein,Tofiq Musayev,Pinnacle,Under,2.5,2.34,2026-07-27,2026-08-01
Oban Elliott,Michael Oliveira,BetOnline.ag,Over,1.5,1.65,2026-07-27,2026-08-01
Oban Elliott,Michael Oliveira,BetOnline.ag,Under,1.5,2.35,2026-07-27,2026-08-01
Oban Elliott,Michael Oliveira,1xBet,Over,1.5,1.55,2026-07-27,2026-08-01
Oban Elliott,Michael Oliveira,1xBet,Under,1.5,2.36,2026-07-27,2026-08-01
Oban Elliott,Michael Oliveira,Pinnacle,Over,1.5,1.63,2026-07-27,2026-08-01
Oban Elliott,Michael Oliveira,Pinnacle,Under,1.5,2.3,2026-07-27,2026-08-01
Mackenzie Dern,Gillian Robertson,1xBet,Over,4.5,1.65,2026-07-27,2026-08-16
Mackenzie Dern,Gillian Robertson,1xBet,Under,4.5,2.16,2026-07-27,2026-08-16
Islam Makhachev,Ian Garry,1xBet,Over,3.5,1.52,2026-07-27,2026-08-16
Islam Makhachev,Ian Garry,1xBet,Under,3.5,2.55,2026-07-27,2026-08-16
Umar Nurmagomedov,Song Yadong,1xBet,Over,3.5,1.45,2026-07-27,2026-08-29
Umar Nurmagomedov,Song Yadong,1xBet,Under,3.5,2.65,2026-07-27,2026-08-29
Montana De La Rosa,Tatiana Postarnakova,BetOnline.ag,Over,2.5,1.44,2026-07-31,2026-07-31
Montana De La Rosa,Tatiana Postarnakova,BetOnline.ag,Under,2.5,2.89,2026-07-31,2026-07-31
Jonathan Piersma,Omar El Dafrawy,BetOnline.ag,Over,1.5,1.61,2026-07-31,2026-07-31
Jonathan Piersma,Omar El Dafrawy,BetOnline.ag,Under,1.5,2.45,2026-07-31,2026-07-31
Sean Gauci,Allan Begosso,BetOnline.ag,Over,2.5,1.48,2026-07-31,2026-07-31
Sean Gauci,Allan Begosso,BetOnline.ag,Under,2.5,2.79,2026-07-31,2026-07-31
Raufeon Stots,Lazaro Dayron,BetOnline.ag,Over,2.5,1.43,2026-07-31,2026-07-31
Raufeon Stots,Lazaro Dayron,BetOnline.ag,Under,2.5,2.92,2026-07-31,2026-07-31
Amru Magomedov,Joel Alvarez,BetOnline.ag,Over,1.5,2.65,2026-07-31,2026-07-31
Amru Magomedov,Joel Alvarez,BetOnline.ag,Under,1.5,1.53,2026-07-31,2026-07-31
Dakota Ditcheva,Denise Kielholtz,BetOnline.ag,Over,1.5,2.89,2026-07-31,2026-08-01
Dakota Ditcheva,Denise Kielholtz,BetOnline.ag,Under,1.5,1.44,2026-07-31,2026-08-01
Usman Nurmagomedov,Archie Colgan,BetOnline.ag,Over,4.5,1.51,2026-07-31,2026-08-01
Usman Nurmagomedov,Archie Colgan,BetOnline.ag,Under,4.5,2.7,2026-07-31,2026-08-01
Aristides Vinicius Dias,Alexsandro Cangaty,BetOnline.ag,Over,1.5,1.65,2026-07-31,2026-08-01
Aristides Vinicius Dias,Alexsandro Cangaty,BetOnline.ag,Under,1.5,2.35,2026-07-31,2026-08-01
Daniel Araujo,Victor Gabriel,BetOnline.ag,Over,1.5,1.77,2026-07-31,2026-08-01
Daniel Araujo,Victor Gabriel,BetOnline.ag,Under,1.5,2.1,2026-07-31,2026-08-01
Juan Pablo Vieira,Eduardo Terencio,BetOnline.ag,Over,1.5,3.15,2026-07-31,2026-08-01
Juan Pablo Vieira,Eduardo Terencio,BetOnline.ag,Under,1.5,1.38,2026-07-31,2026-08-01
Rayan Kadosoe,Felipe Rosa,BetOnline.ag,Over,1.5,1.69,2026-07-31,2026-08-01
Rayan Kadosoe,Felipe Rosa,BetOnline.ag,Under,1.5,2.25,2026-07-31,2026-08-01
Leonardo Cerboni,Wily Pereira,BetOnline.ag,Over,1.5,1.61,2026-07-31,2026-08-01
Leonardo Cerboni,Wily Pereira,BetOnline.ag,Under,1.5,2.45,2026-07-31,2026-08-01
Herbeth Sousa,Paulo Portillo,BetOnline.ag,Over,1.5,1.74,2026-07-31,2026-08-01
Herbeth Sousa,Paulo Portillo,BetOnline.ag,Under,1.5,2.15,2026-07-31,2026-08-01
Mark Vologdin,Borislav Nikolić,Pinnacle,Over,2.5,1.75,2026-07-31,2026-08-01
Mark Vologdin,Borislav Nikolić,Pinnacle,Under,2.5,2.1,2026-07-31,2026-08-01
Mark Vologdin,Borislav Nikolić,1xBet,Over,2.5,1.65,2026-07-31,2026-08-01
Mark Vologdin,Borislav Nikolić,1xBet,Under,2.5,2.16,2026-07-31,2026-08-01
Mark Vologdin,Borislav Nikolić,Coolbet,Over,2.5,1.74,2026-07-31,2026-08-01
Mark Vologdin,Borislav Nikolić,Coolbet,Under,2.5,2.15,2026-07-31,2026-08-01
Mark Vologdin,Borislav Nikolić,BetOnline.ag,Over,2.5,1.74,2026-07-31,2026-08-01
Mark Vologdin,Borislav Nikolić,BetOnline.ag,Under,2.5,2.15,2026-07-31,2026-08-01
Mark Vologdin,Borislav Nikolić,BetAnything,Over,2.5,1.74,2026-07-31,2026-08-01
Mark Vologdin,Borislav Nikolić,BetAnything,Under,2.5,2.05,2026-07-31,2026-08-01
Nina Milošević,Hailey Cowan,BetOnline.ag,Over,1.5,1.4,2026-07-31,2026-08-01
Nina Milošević,Hailey Cowan,BetOnline.ag,Under,1.5,3.07,2026-07-31,2026-08-01
Nina Milošević,Hailey Cowan,Coolbet,Over,1.5,1.43,2026-07-31,2026-08-01
Nina Milošević,Hailey Cowan,Coolbet,Under,1.5,2.95,2026-07-31,2026-08-01
Nina Milošević,Hailey Cowan,BetAnything,Over,2.5,1.69,2026-07-31,2026-08-01
Nina Milošević,Hailey Cowan,BetAnything,Under,2.5,2.15,2026-07-31,2026-08-01
Nina Milošević,Hailey Cowan,Pinnacle,Over,1.5,1.41,2026-07-31,2026-08-01
Nina Milošević,Hailey Cowan,Pinnacle,Under,1.5,2.95,2026-07-31,2026-08-01
Marina Spasić,Stephanie Luciano,BetOnline.ag,Over,2.5,1.36,2026-07-31,2026-08-01
Marina Spasić,Stephanie Luciano,BetOnline.ag,Under,2.5,3.3,2026-07-31,2026-08-01
Marina Spasić,Stephanie Luciano,Coolbet,Over,2.5,1.36,2026-07-31,2026-08-01
Marina Spasić,Stephanie Luciano,Coolbet,Under,2.5,3.3,2026-07-31,2026-08-01
Marina Spasić,Stephanie Luciano,BetAnything,Over,2.5,1.4,2026-07-31,2026-08-01
Marina Spasić,Stephanie Luciano,BetAnything,Under,2.5,3.0,2026-07-31,2026-08-01
Marina Spasić,Stephanie Luciano,Pinnacle,Over,2.5,1.36,2026-07-31,2026-08-01
Marina Spasić,Stephanie Luciano,Pinnacle,Under,2.5,3.21,2026-07-31,2026-08-01
Miloš Janičić,Noah Gugnon,BetOnline.ag,Over,1.5,1.71,2026-07-31,2026-08-01
Miloš Janičić,Noah Gugnon,BetOnline.ag,Under,1.5,2.2,2026-07-31,2026-08-01
Miloš Janičić,Noah Gugnon,1xBet,Over,1.5,1.75,2026-07-31,2026-08-01
Miloš Janičić,Noah Gugnon,1xBet,Under,1.5,2.0,2026-07-31,2026-08-01
Miloš Janičić,Noah Gugnon,Coolbet,Over,1.5,1.72,2026-07-31,2026-08-01
Miloš Janičić,Noah Gugnon,Coolbet,Under,1.5,2.16,2026-07-31,2026-08-01
Miloš Janičić,Noah Gugnon,BetAnything,Over,1.5,1.67,2026-07-31,2026-08-01
Miloš Janičić,Noah Gugnon,BetAnything,Under,1.5,2.2,2026-07-31,2026-08-01
Miloš Janičić,Noah Gugnon,Pinnacle,Over,1.5,1.75,2026-07-31,2026-08-01
Miloš Janičić,Noah Gugnon,Pinnacle,Under,1.5,2.11,2026-07-31,2026-08-01
Miloš Janičić,Noah Gugnon,PMU (FR),Over,1.5,1.68,2026-07-31,2026-08-01
Miloš Janičić,Noah Gugnon,PMU (FR),Under,1.5,2.12,2026-07-31,2026-08-01
Aleksandar Rakic,Marcin Tybura,BetOnline.ag,Over,1.5,1.48,2026-07-31,2026-08-01
Aleksandar Rakic,Marcin Tybura,BetOnline.ag,Under,1.5,2.8,2026-07-31,2026-08-01
Aleksandar Rakic,Marcin Tybura,1xBet,Over,2.5,1.9,2026-07-31,2026-08-01
Aleksandar Rakic,Marcin Tybura,1xBet,Under,2.5,1.84,2026-07-31,2026-08-01
Aleksandar Rakic,Marcin Tybura,Coolbet,Over,1.5,1.49,2026-07-31,2026-08-01
Aleksandar Rakic,Marcin Tybura,Coolbet,Under,1.5,2.7,2026-07-31,2026-08-01
Aleksandar Rakic,Marcin Tybura,BetAnything,Over,2.5,1.8,2026-07-31,2026-08-01
Aleksandar Rakic,Marcin Tybura,BetAnything,Under,2.5,1.95,2026-07-31,2026-08-01
Aleksandar Rakic,Marcin Tybura,Pinnacle,Over,1.5,1.48,2026-07-31,2026-08-01
Aleksandar Rakic,Marcin Tybura,Pinnacle,Under,1.5,2.68,2026-07-31,2026-08-01
Aleksandar Rakic,Marcin Tybura,PMU (FR),Over,2.5,1.91,2026-07-31,2026-08-01
Aleksandar Rakic,Marcin Tybura,PMU (FR),Under,2.5,1.83,2026-07-31,2026-08-01
Jovan Leka,Alexander Poppeck,BetOnline.ag,Over,1.5,1.48,2026-07-31,2026-08-01
Jovan Leka,Alexander Poppeck,BetOnline.ag,Under,1.5,2.8,2026-07-31,2026-08-01
Jovan Leka,Alexander Poppeck,1xBet,Over,2.5,1.95,2026-07-31,2026-08-01
Jovan Leka,Alexander Poppeck,1xBet,Under,2.5,1.8,2026-07-31,2026-08-01
Jovan Leka,Alexander Poppeck,Coolbet,Over,1.5,1.54,2026-07-31,2026-08-01
Jovan Leka,Alexander Poppeck,Coolbet,Under,1.5,2.55,2026-07-31,2026-08-01
Jovan Leka,Alexander Poppeck,BetAnything,Over,1.5,1.54,2026-07-31,2026-08-01
Jovan Leka,Alexander Poppeck,BetAnything,Under,1.5,2.55,2026-07-31,2026-08-01
Jovan Leka,Alexander Poppeck,Pinnacle,Over,1.5,1.53,2026-07-31,2026-08-01
Jovan Leka,Alexander Poppeck,Pinnacle,Under,1.5,2.53,2026-07-31,2026-08-01
Dennis Buzukja,Bogdan Grad,BetOnline.ag,Over,2.5,1.74,2026-07-31,2026-08-01
Dennis Buzukja,Bogdan Grad,BetOnline.ag,Under,2.5,2.15,2026-07-31,2026-08-01
Dennis Buzukja,Bogdan Grad,1xBet,Over,2.5,1.72,2026-07-31,2026-08-01
Dennis Buzukja,Bogdan Grad,1xBet,Under,2.5,2.05,2026-07-31,2026-08-01
Dennis Buzukja,Bogdan Grad,Coolbet,Over,2.5,1.72,2026-07-31,2026-08-01
Dennis Buzukja,Bogdan Grad,Coolbet,Under,2.5,2.2,2026-07-31,2026-08-01
Dennis Buzukja,Bogdan Grad,BetAnything,Over,2.5,1.71,2026-07-31,2026-08-01
Dennis Buzukja,Bogdan Grad,BetAnything,Under,2.5,2.1,2026-07-31,2026-08-01
Dennis Buzukja,Bogdan Grad,Pinnacle,Over,2.5,1.69,2026-07-31,2026-08-01
Dennis Buzukja,Bogdan Grad,Pinnacle,Under,2.5,2.19,2026-07-31,2026-08-01
Uros Medic,Daniel Rodriguez,BetOnline.ag,Over,1.5,2.61,2026-07-31,2026-08-01
Uros Medic,Daniel Rodriguez,BetOnline.ag,Under,1.5,1.54,2026-07-31,2026-08-01
Uros Medic,Daniel Rodriguez,1xBet,Over,1.5,2.16,2026-07-31,2026-08-01
Uros Medic,Daniel Rodriguez,1xBet,Under,1.5,1.65,2026-07-31,2026-08-01
Uros Medic,Daniel Rodriguez,Coolbet,Over,1.5,2.7,2026-07-31,2026-08-01
Uros Medic,Daniel Rodriguez,Coolbet,Under,1.5,1.49,2026-07-31,2026-08-01
Uros Medic,Daniel Rodriguez,BetAnything,Over,1.5,2.4,2026-07-31,2026-08-01
Uros Medic,Daniel Rodriguez,BetAnything,Under,1.5,1.59,2026-07-31,2026-08-01
Uros Medic,Daniel Rodriguez,Pinnacle,Over,1.5,2.49,2026-07-31,2026-08-01
Uros Medic,Daniel Rodriguez,Pinnacle,Under,1.5,1.55,2026-07-31,2026-08-01
Uros Medic,Daniel Rodriguez,PMU (FR),Over,1.5,2.4,2026-07-31,2026-08-01
Uros Medic,Daniel Rodriguez,PMU (FR),Under,1.5,1.53,2026-07-31,2026-08-01
Dusko Todorovic,Robert Valentin,BetOnline.ag,Over,1.5,2.0,2026-07-31,2026-08-01
Dusko Todorovic,Robert Valentin,BetOnline.ag,Under,1.5,1.83,2026-07-31,2026-08-01
Dusko Todorovic,Robert Valentin,1xBet,Over,1.5,1.8,2026-07-31,2026-08-01
Dusko Todorovic,Robert Valentin,1xBet,Under,1.5,1.95,2026-07-31,2026-08-01
Dusko Todorovic,Robert Valentin,Coolbet,Over,1.5,1.91,2026-07-31,2026-08-01
Dusko Todorovic,Robert Valentin,Coolbet,Under,1.5,1.91,2026-07-31,2026-08-01
Dusko Todorovic,Robert Valentin,BetAnything,Over,1.5,1.87,2026-07-31,2026-08-01
Dusko Todorovic,Robert Valentin,BetAnything,Under,1.5,1.87,2026-07-31,2026-08-01
Dusko Todorovic,Robert Valentin,Pinnacle,Over,1.5,1.97,2026-07-31,2026-08-01
Dusko Todorovic,Robert Valentin,Pinnacle,Under,1.5,1.85,2026-07-31,2026-08-01
Dusko Todorovic,Robert Valentin,PMU (FR),Over,1.5,2.02,2026-07-31,2026-08-01
Dusko Todorovic,Robert Valentin,PMU (FR),Under,1.5,1.75,2026-07-31,2026-08-01
Vlasto Cepo,Gilbert Urbina,BetOnline.ag,Over,1.5,3.15,2026-07-31,2026-08-01
Vlasto Cepo,Gilbert Urbina,BetOnline.ag,Under,1.5,1.38,2026-07-31,2026-08-01
Vlasto Cepo,Gilbert Urbina,1xBet,Over,0.5,1.5,2026-07-31,2026-08-01
Vlasto Cepo,Gilbert Urbina,1xBet,Under,0.5,2.48,2026-07-31,2026-08-01
Vlasto Cepo,Gilbert Urbina,Coolbet,Over,1.5,3.1,2026-07-31,2026-08-01
Vlasto Cepo,Gilbert Urbina,Coolbet,Under,1.5,1.39,2026-07-31,2026-08-01
Vlasto Cepo,Gilbert Urbina,BetAnything,Over,1.5,3.0,2026-07-31,2026-08-01
Vlasto Cepo,Gilbert Urbina,BetAnything,Under,1.5,1.38,2026-07-31,2026-08-01
Vlasto Cepo,Gilbert Urbina,Pinnacle,Over,1.5,3.21,2026-07-31,2026-08-01
Vlasto Cepo,Gilbert Urbina,Pinnacle,Under,1.5,1.36,2026-07-31,2026-08-01
Vlasto Cepo,Gilbert Urbina,PMU (FR),Over,1.5,3.4,2026-07-31,2026-08-01
Vlasto Cepo,Gilbert Urbina,PMU (FR),Under,1.5,1.29,2026-07-31,2026-08-01
Jan Blachowicz,Navajo Stirling,BetOnline.ag,Over,2.5,1.5,2026-07-31,2026-08-01
Jan Blachowicz,Navajo Stirling,BetOnline.ag,Under,2.5,2.74,2026-07-31,2026-08-01
Jan Blachowicz,Navajo Stirling,1xBet,Over,2.5,1.6,2026-07-31,2026-08-01
Jan Blachowicz,Navajo Stirling,1xBet,Under,2.5,2.25,2026-07-31,2026-08-01
Jan Blachowicz,Navajo Stirling,Coolbet,Over,2.5,1.49,2026-07-31,2026-08-01
Jan Blachowicz,Navajo Stirling,Coolbet,Under,2.5,2.7,2026-07-31,2026-08-01
Jan Blachowicz,Navajo Stirling,BetAnything,Over,2.5,1.54,2026-07-31,2026-08-01
Jan Blachowicz,Navajo Stirling,BetAnything,Under,2.5,2.55,2026-07-31,2026-08-01
Jan Blachowicz,Navajo Stirling,Pinnacle,Over,2.5,1.48,2026-07-31,2026-08-01
Jan Blachowicz,Navajo Stirling,Pinnacle,Under,2.5,2.7,2026-07-31,2026-08-01
Jan Blachowicz,Navajo Stirling,PMU (FR),Over,2.5,1.44,2026-07-31,2026-08-01
Jan Blachowicz,Navajo Stirling,PMU (FR),Under,2.5,2.63,2026-07-31,2026-08-01
Mateusz Rebecki,Kyle Prepolec,BetOnline.ag,Over,1.5,1.62,2026-07-31,2026-08-01
Mateusz Rebecki,Kyle Prepolec,BetOnline.ag,Under,1.5,2.4,2026-07-31,2026-08-01
Mateusz Rebecki,Kyle Prepolec,1xBet,Over,2.5,2.15,2026-07-31,2026-08-01
Mateusz Rebecki,Kyle Prepolec,1xBet,Under,2.5,1.69,2026-07-31,2026-08-01
Mateusz Rebecki,Kyle Prepolec,Coolbet,Over,1.5,1.68,2026-07-31,2026-08-01
Mateusz Rebecki,Kyle Prepolec,Coolbet,Under,1.5,2.21,2026-07-31,2026-08-01
Mateusz Rebecki,Kyle Prepolec,BetAnything,Over,1.5,1.61,2026-07-31,2026-08-01
Mateusz Rebecki,Kyle Prepolec,BetAnything,Under,1.5,2.35,2026-07-31,2026-08-01
Mateusz Rebecki,Kyle Prepolec,Pinnacle,Over,1.5,1.66,2026-07-31,2026-08-01
Mateusz Rebecki,Kyle Prepolec,Pinnacle,Under,1.5,2.25,2026-07-31,2026-08-01
L'udovit Klein,Tofiq Musayev,BetOnline.ag,Over,2.5,1.62,2026-07-31,2026-08-01
L'udovit Klein,Tofiq Musayev,BetOnline.ag,Under,2.5,2.4,2026-07-31,2026-08-01
L'udovit Klein,Tofiq Musayev,1xBet,Over,2.5,1.55,2026-07-31,2026-08-01
L'udovit Klein,Tofiq Musayev,1xBet,Under,2.5,2.36,2026-07-31,2026-08-01
L'udovit Klein,Tofiq Musayev,Coolbet,Over,2.5,1.6,2026-07-31,2026-08-01
L'udovit Klein,Tofiq Musayev,Coolbet,Under,2.5,2.4,2026-07-31,2026-08-01
L'udovit Klein,Tofiq Musayev,BetAnything,Over,2.5,1.59,2026-07-31,2026-08-01
L'udovit Klein,Tofiq Musayev,BetAnything,Under,2.5,2.4,2026-07-31,2026-08-01
L'udovit Klein,Tofiq Musayev,Pinnacle,Over,2.5,1.61,2026-07-31,2026-08-01
L'udovit Klein,Tofiq Musayev,Pinnacle,Under,2.5,2.34,2026-07-31,2026-08-01
Oban Elliott,Michael Oliveira,BetOnline.ag,Over,1.5,1.62,2026-07-31,2026-08-01
Oban Elliott,Michael Oliveira,BetOnline.ag,Under,1.5,2.4,2026-07-31,2026-08-01
Oban Elliott,Michael Oliveira,1xBet,Over,1.5,1.55,2026-07-31,2026-08-01
Oban Elliott,Michael Oliveira,1xBet,Under,1.5,2.36,2026-07-31,2026-08-01
Oban Elliott,Michael Oliveira,Coolbet,Over,1.5,1.62,2026-07-31,2026-08-01
Oban Elliott,Michael Oliveira,Coolbet,Under,1.5,2.35,2026-07-31,2026-08-01
Oban Elliott,Michael Oliveira,BetAnything,Over,1.5,1.59,2026-07-31,2026-08-01
Oban Elliott,Michael Oliveira,BetAnything,Under,1.5,2.4,2026-07-31,2026-08-01
Oban Elliott,Michael Oliveira,Pinnacle,Over,1.5,1.54,2026-07-31,2026-08-01
Oban Elliott,Michael Oliveira,Pinnacle,Under,1.5,2.51,2026-07-31,2026-08-01
Amanda Lemos,Alexia Thainara,BetOnline.ag,Over,2.5,1.53,2026-07-31,2026-08-09
Amanda Lemos,Alexia Thainara,BetOnline.ag,Under,2.5,2.65,2026-07-31,2026-08-09
Carlos Diego Ferreira,Billy Quarantillo,BetOnline.ag,Over,2.5,2.15,2026-07-31,2026-08-09
Carlos Diego Ferreira,Billy Quarantillo,BetOnline.ag,Under,2.5,1.74,2026-07-31,2026-08-09
Diyar Nurgozhay,Bruno Lopes,BetOnline.ag,Over,1.5,1.63,2026-07-31,2026-08-09
Diyar Nurgozhay,Bruno Lopes,BetOnline.ag,Under,1.5,2.38,2026-07-31,2026-08-09
Darren Elkins,Yadier DelValle,BetOnline.ag,Over,2.5,2.61,2026-07-31,2026-08-09
Darren Elkins,Yadier DelValle,BetOnline.ag,Under,2.5,1.54,2026-07-31,2026-08-09
Steven Asplund,Guilherme Pat,BetOnline.ag,Over,1.5,1.5,2026-07-31,2026-08-09
Steven Asplund,Guilherme Pat,BetOnline.ag,Under,1.5,2.74,2026-07-31,2026-08-09
Juliana Miller,Ravena Oliveira,BetOnline.ag,Over,2.5,1.62,2026-07-31,2026-08-09
Juliana Miller,Ravena Oliveira,BetOnline.ag,Under,2.5,2.4,2026-07-31,2026-08-09
Mateusz Gamrot,Quillan Salkilld,BetOnline.ag,Over,3.5,1.62,2026-07-31,2026-08-09
Mateusz Gamrot,Quillan Salkilld,BetOnline.ag,Under,3.5,2.4,2026-07-31,2026-08-09
Mackenzie Dern,Gillian Robertson,1xBet,Over,4.5,1.65,2026-07-31,2026-08-16
Mackenzie Dern,Gillian Robertson,1xBet,Under,4.5,2.16,2026-07-31,2026-08-16
Islam Makhachev,Ian Garry,1xBet,Over,4.5,1.67,2026-07-31,2026-08-16
Islam Makhachev,Ian Garry,1xBet,Under,4.5,2.2,2026-07-31,2026-08-16
Umar Nurmagomedov,Song Yadong,1xBet,Over,3.5,1.45,2026-07-31,2026-08-29
Umar Nurmagomedov,Song Yadong,1xBet,Under,3.5,2.65,2026-07-31,2026-08-29
Chamy Delva,Levan Khabalaev,BetOnline.ag,Over,1.5,2.61,2026-07-31,2026-07-31
Chamy Delva,Levan Khabalaev,BetOnline.ag,Under,1.5,1.54,2026-07-31,2026-07-31
Darryl Walker,Moustapha Diakhate,BetOnline.ag,Over,2.5,2.57,2026-07-31,2026-07-31
Darryl Walker,Moustapha Diakhate,BetOnline.ag,Under,2.5,1.56,2026-07-31,2026-07-31
Louie Sutherland,Jose Montanha,Pinnacle,Over,1.5,1.73,2026-08-03,2026-08-08
Louie Sutherland,Jose Montanha,Pinnacle,Under,1.5,2.13,2026-08-03,2026-08-08
Louie Sutherland,Jose Montanha,BetOnline.ag,Over,1.5,1.76,2026-08-03,2026-08-08
Louie Sutherland,Jose Montanha,BetOnline.ag,Under,1.5,2.12,2026-08-03,2026-08-08
Amanda Lemos,Alexia Thainara,BetOnline.ag,Over,2.5,1.53,2026-08-03,2026-08-09
Amanda Lemos,Alexia Thainara,BetOnline.ag,Under,2.5,2.65,2026-08-03,2026-08-09
Amanda Lemos,Alexia Thainara,1xBet,Over,2.5,1.55,2026-08-03,2026-08-09
Amanda Lemos,Alexia Thainara,1xBet,Under,2.5,2.36,2026-08-03,2026-08-09
Amanda Lemos,Alexia Thainara,Pinnacle,Over,2.5,1.48,2026-08-03,2026-08-09
Amanda Lemos,Alexia Thainara,Pinnacle,Under,2.5,2.69,2026-08-03,2026-08-09
Ty Miller,Billy Goff,BetOnline.ag,Over,1.5,1.59,2026-08-03,2026-08-09
Ty Miller,Billy Goff,BetOnline.ag,Under,1.5,2.49,2026-08-03,2026-08-09
Ty Miller,Billy Goff,1xBet,Over,2.5,1.9,2026-08-03,2026-08-09
Ty Miller,Billy Goff,1xBet,Under,2.5,1.84,2026-08-03,2026-08-09
Ty Miller,Billy Goff,Pinnacle,Over,1.5,1.5,2026-08-03,2026-08-09
Ty Miller,Billy Goff,Pinnacle,Under,1.5,2.63,2026-08-03,2026-08-09
Carlos Diego Ferreira,Billy Quarantillo,BetOnline.ag,Over,2.5,2.61,2026-08-03,2026-08-09
Carlos Diego Ferreira,Billy Quarantillo,BetOnline.ag,Under,2.5,1.54,2026-08-03,2026-08-09
Carlos Diego Ferreira,Billy Quarantillo,1xBet,Over,1.5,1.55,2026-08-03,2026-08-09
Carlos Diego Ferreira,Billy Quarantillo,1xBet,Under,1.5,2.36,2026-08-03,2026-08-09
Carlos Diego Ferreira,Billy Quarantillo,Pinnacle,Over,2.5,2.54,2026-08-03,2026-08-09
Carlos Diego Ferreira,Billy Quarantillo,Pinnacle,Under,2.5,1.53,2026-08-03,2026-08-09
Diyar Nurgozhay,Bruno Lopes,BetOnline.ag,Over,1.5,1.74,2026-08-03,2026-08-09
Diyar Nurgozhay,Bruno Lopes,BetOnline.ag,Under,1.5,2.15,2026-08-03,2026-08-09
Diyar Nurgozhay,Bruno Lopes,1xBet,Over,1.5,1.55,2026-08-03,2026-08-09
Diyar Nurgozhay,Bruno Lopes,1xBet,Under,1.5,2.36,2026-08-03,2026-08-09
Diyar Nurgozhay,Bruno Lopes,Pinnacle,Over,1.5,1.72,2026-08-03,2026-08-09
Diyar Nurgozhay,Bruno Lopes,Pinnacle,Under,1.5,2.14,2026-08-03,2026-08-09
Darren Elkins,Yadier DelValle,BetOnline.ag,Over,2.5,3.03,2026-08-03,2026-08-09
Darren Elkins,Yadier DelValle,BetOnline.ag,Under,2.5,1.41,2026-08-03,2026-08-09
Darren Elkins,Yadier DelValle,1xBet,Over,1.5,1.6,2026-08-03,2026-08-09
Darren Elkins,Yadier DelValle,1xBet,Under,1.5,2.25,2026-08-03,2026-08-09
Darren Elkins,Yadier DelValle,Pinnacle,Over,2.5,3.07,2026-08-03,2026-08-09
Darren Elkins,Yadier DelValle,Pinnacle,Under,2.5,1.38,2026-08-03,2026-08-09
Steven Asplund,Guilherme Pat,BetOnline.ag,Over,1.5,1.5,2026-08-03,2026-08-09
Steven Asplund,Guilherme Pat,BetOnline.ag,Under,1.5,2.74,2026-08-03,2026-08-09
Steven Asplund,Guilherme Pat,1xBet,Over,2.5,1.98,2026-08-03,2026-08-09
Steven Asplund,Guilherme Pat,1xBet,Under,2.5,1.77,2026-08-03,2026-08-09
Steven Asplund,Guilherme Pat,Pinnacle,Over,1.5,1.49,2026-08-03,2026-08-09
Steven Asplund,Guilherme Pat,Pinnacle,Under,1.5,2.66,2026-08-03,2026-08-09
Juliana Miller,Ravena Oliveira,BetOnline.ag,Over,2.5,2.2,2026-08-03,2026-08-09
Juliana Miller,Ravena Oliveira,BetOnline.ag,Under,2.5,1.71,2026-08-03,2026-08-09
Juliana Miller,Ravena Oliveira,Pinnacle,Over,2.5,2.22,2026-08-03,2026-08-09
Juliana Miller,Ravena Oliveira,Pinnacle,Under,2.5,1.67,2026-08-03,2026-08-09
Manoel Sousa,Richie Miranda,BetOnline.ag,Over,1.5,1.47,2026-08-03,2026-08-09
Manoel Sousa,Richie Miranda,BetOnline.ag,Under,1.5,2.83,2026-08-03,2026-08-09
Manoel Sousa,Richie Miranda,Pinnacle,Over,1.5,1.45,2026-08-03,2026-08-09
Manoel Sousa,Richie Miranda,Pinnacle,Under,1.5,2.79,2026-08-03,2026-08-09
Mateusz Gamrot,Quillan Salkilld,BetOnline.ag,Over,3.5,1.71,2026-08-03,2026-08-09
Mateusz Gamrot,Quillan Salkilld,BetOnline.ag,Under,3.5,2.2,2026-08-03,2026-08-09
Mateusz Gamrot,Quillan Salkilld,1xBet,Over,2.5,1.55,2026-08-03,2026-08-09
Mateusz Gamrot,Quillan Salkilld,1xBet,Under,2.5,2.36,2026-08-03,2026-08-09
Mateusz Gamrot,Quillan Salkilld,Pinnacle,Over,3.5,1.69,2026-08-03,2026-08-09
Mateusz Gamrot,Quillan Salkilld,Pinnacle,Under,3.5,2.19,2026-08-03,2026-08-09
Mackenzie Dern,Gillian Robertson,1xBet,Over,4.5,1.65,2026-08-03,2026-08-16
Mackenzie Dern,Gillian Robertson,1xBet,Under,4.5,2.16,2026-08-03,2026-08-16
Islam Makhachev,Ian Garry,1xBet,Over,4.5,1.67,2026-08-03,2026-08-16
Islam Makhachev,Ian Garry,1xBet,Under,4.5,2.2,2026-08-03,2026-08-16
Umar Nurmagomedov,Song Yadong,1xBet,Over,3.5,1.45,2026-08-03,2026-08-29
Umar Nurmagomedov,Song Yadong,1xBet,Under,3.5,2.65,2026-08-03,2026-08-29
Miles Johns,Jessie Rosas,BetOnline.ag,Over,2.5,1.67,2026-08-05,2026-08-08
Miles Johns,Jessie Rosas,BetOnline.ag,Under,2.5,2.3,2026-08-05,2026-08-08
Miles Johns,Jessie Rosas,Pinnacle,Over,2.5,1.6,2026-08-05,2026-08-08
Miles Johns,Jessie Rosas,Pinnacle,Under,2.5,2.36,2026-08-05,2026-08-08
Miles Johns,Jessie Rosas,1xBet,Over,2.5,1.59,2026-08-05,2026-08-08
Miles Johns,Jessie Rosas,1xBet,Under,2.5,2.35,2026-08-05,2026-08-08
Miles Johns,Jessie Rosas,Coolbet,Over,2.5,1.61,2026-08-05,2026-08-08
Miles Johns,Jessie Rosas,Coolbet,Under,2.5,2.36,2026-08-05,2026-08-08
Miles Johns,Jessie Rosas,BetAnything,Over,2.5,1.67,2026-08-05,2026-08-08
Miles Johns,Jessie Rosas,BetAnything,Under,2.5,2.2,2026-08-05,2026-08-08
Louie Sutherland,Jose Montanha,Pinnacle,Over,1.5,1.73,2026-08-05,2026-08-08
Louie Sutherland,Jose Montanha,Pinnacle,Under,1.5,2.13,2026-08-05,2026-08-08
Louie Sutherland,Jose Montanha,1xBet,Over,1.5,1.5,2026-08-05,2026-08-08
Louie Sutherland,Jose Montanha,1xBet,Under,1.5,2.48,2026-08-05,2026-08-08
Louie Sutherland,Jose Montanha,BetOnline.ag,Over,1.5,1.71,2026-08-05,2026-08-08
Louie Sutherland,Jose Montanha,BetOnline.ag,Under,1.5,2.2,2026-08-05,2026-08-08
Louie Sutherland,Jose Montanha,Coolbet,Over,1.5,1.71,2026-08-05,2026-08-08
Louie Sutherland,Jose Montanha,Coolbet,Under,1.5,2.2,2026-08-05,2026-08-08
Louie Sutherland,Jose Montanha,BetAnything,Over,1.5,1.71,2026-08-05,2026-08-08
Louie Sutherland,Jose Montanha,BetAnything,Under,1.5,2.1,2026-08-05,2026-08-08
Amanda Lemos,Alexia Thainara,BetOnline.ag,Over,2.5,1.45,2026-08-05,2026-08-09
Amanda Lemos,Alexia Thainara,BetOnline.ag,Under,2.5,2.86,2026-08-05,2026-08-09
Amanda Lemos,Alexia Thainara,1xBet,Over,2.5,1.55,2026-08-05,2026-08-09
Amanda Lemos,Alexia Thainara,1xBet,Under,2.5,2.36,2026-08-05,2026-08-09
Amanda Lemos,Alexia Thainara,Pinnacle,Over,2.5,1.48,2026-08-05,2026-08-09
Amanda Lemos,Alexia Thainara,Pinnacle,Under,2.5,2.69,2026-08-05,2026-08-09
Amanda Lemos,Alexia Thainara,Coolbet,Over,2.5,1.53,2026-08-05,2026-08-09
Amanda Lemos,Alexia Thainara,Coolbet,Under,2.5,2.6,2026-08-05,2026-08-09
Amanda Lemos,Alexia Thainara,PMU (FR),Over,2.5,1.43,2026-08-05,2026-08-09
Amanda Lemos,Alexia Thainara,PMU (FR),Under,2.5,2.65,2026-08-05,2026-08-09
Amanda Lemos,Alexia Thainara,BetAnything,Over,2.5,1.45,2026-08-05,2026-08-09
Amanda Lemos,Alexia Thainara,BetAnything,Under,2.5,2.7,2026-08-05,2026-08-09
Ty Miller,Billy Goff,BetOnline.ag,Over,1.5,1.56,2026-08-05,2026-08-09
Ty Miller,Billy Goff,BetOnline.ag,Under,1.5,2.57,2026-08-05,2026-08-09
Ty Miller,Billy Goff,1xBet,Over,2.5,1.9,2026-08-05,2026-08-09
Ty Miller,Billy Goff,1xBet,Under,2.5,1.84,2026-08-05,2026-08-09
Ty Miller,Billy Goff,Pinnacle,Over,1.5,1.55,2026-08-05,2026-08-09
Ty Miller,Billy Goff,Pinnacle,Under,1.5,2.48,2026-08-05,2026-08-09
Ty Miller,Billy Goff,Coolbet,Over,1.5,1.56,2026-08-05,2026-08-09
Ty Miller,Billy Goff,Coolbet,Under,1.5,2.52,2026-08-05,2026-08-09
Ty Miller,Billy Goff,PMU (FR),Over,2.5,1.97,2026-08-05,2026-08-09
Ty Miller,Billy Goff,PMU (FR),Under,2.5,1.77,2026-08-05,2026-08-09
Ty Miller,Billy Goff,BetAnything,Over,1.5,1.56,2026-08-05,2026-08-09
Ty Miller,Billy Goff,BetAnything,Under,1.5,2.5,2026-08-05,2026-08-09
Carlos Diego Ferreira,Billy Quarantillo,BetOnline.ag,Over,2.5,2.57,2026-08-05,2026-08-09
Carlos Diego Ferreira,Billy Quarantillo,BetOnline.ag,Under,2.5,1.56,2026-08-05,2026-08-09
Carlos Diego Ferreira,Billy Quarantillo,1xBet,Over,1.5,1.55,2026-08-05,2026-08-09
Carlos Diego Ferreira,Billy Quarantillo,1xBet,Under,1.5,2.36,2026-08-05,2026-08-09
Carlos Diego Ferreira,Billy Quarantillo,Pinnacle,Over,2.5,2.54,2026-08-05,2026-08-09
Carlos Diego Ferreira,Billy Quarantillo,Pinnacle,Under,2.5,1.53,2026-08-05,2026-08-09
Carlos Diego Ferreira,Billy Quarantillo,Coolbet,Over,2.5,2.54,2026-08-05,2026-08-09
Carlos Diego Ferreira,Billy Quarantillo,Coolbet,Under,2.5,1.54,2026-08-05,2026-08-09
Carlos Diego Ferreira,Billy Quarantillo,PMU (FR),Over,1.5,1.66,2026-08-05,2026-08-09
Carlos Diego Ferreira,Billy Quarantillo,PMU (FR),Under,1.5,2.14,2026-08-05,2026-08-09
Carlos Diego Ferreira,Billy Quarantillo,BetAnything,Over,2.5,2.5,2026-08-05,2026-08-09
Carlos Diego Ferreira,Billy Quarantillo,BetAnything,Under,2.5,1.56,2026-08-05,2026-08-09
Diyar Nurgozhay,Bruno Lopes,BetOnline.ag,Over,1.5,1.8,2026-08-05,2026-08-09
Diyar Nurgozhay,Bruno Lopes,BetOnline.ag,Under,1.5,2.05,2026-08-05,2026-08-09
Diyar Nurgozhay,Bruno Lopes,1xBet,Over,1.5,1.58,2026-08-05,2026-08-09
Diyar Nurgozhay,Bruno Lopes,1xBet,Under,1.5,2.3,2026-08-05,2026-08-09
Diyar Nurgozhay,Bruno Lopes,Pinnacle,Over,1.5,1.76,2026-08-05,2026-08-09
Diyar Nurgozhay,Bruno Lopes,Pinnacle,Under,1.5,2.08,2026-08-05,2026-08-09
Diyar Nurgozhay,Bruno Lopes,Coolbet,Over,1.5,1.83,2026-08-05,2026-08-09
Diyar Nurgozhay,Bruno Lopes,Coolbet,Under,1.5,2.0,2026-08-05,2026-08-09
Diyar Nurgozhay,Bruno Lopes,BetAnything,Over,1.5,1.8,2026-08-05,2026-08-09
Diyar Nurgozhay,Bruno Lopes,BetAnything,Under,1.5,1.95,2026-08-05,2026-08-09
Darren Elkins,Yadier DelValle,BetOnline.ag,Over,2.5,2.89,2026-08-05,2026-08-09
Darren Elkins,Yadier DelValle,BetOnline.ag,Under,2.5,1.44,2026-08-05,2026-08-09
Darren Elkins,Yadier DelValle,1xBet,Over,1.5,1.65,2026-08-05,2026-08-09
Darren Elkins,Yadier DelValle,1xBet,Under,1.5,2.15,2026-08-05,2026-08-09
Darren Elkins,Yadier DelValle,Pinnacle,Over,2.5,2.79,2026-08-05,2026-08-09
Darren Elkins,Yadier DelValle,Pinnacle,Under,2.5,1.45,2026-08-05,2026-08-09
Darren Elkins,Yadier DelValle,Coolbet,Over,2.5,3.0,2026-08-05,2026-08-09
Darren Elkins,Yadier DelValle,Coolbet,Under,2.5,1.41,2026-08-05,2026-08-09
Darren Elkins,Yadier DelValle,PMU (FR),Over,1.5,1.91,2026-08-05,2026-08-09
Darren Elkins,Yadier DelValle,PMU (FR),Under,1.5,1.83,2026-08-05,2026-08-09
Darren Elkins,Yadier DelValle,BetAnything,Over,2.5,2.75,2026-08-05,2026-08-09
Darren Elkins,Yadier DelValle,BetAnything,Under,2.5,1.44,2026-08-05,2026-08-09
Steven Asplund,Guilherme Pat,BetOnline.ag,Over,1.5,1.43,2026-08-05,2026-08-09
Steven Asplund,Guilherme Pat,BetOnline.ag,Under,1.5,2.92,2026-08-05,2026-08-09
Steven Asplund,Guilherme Pat,1xBet,Over,2.5,1.98,2026-08-05,2026-08-09
Steven Asplund,Guilherme Pat,1xBet,Under,2.5,1.77,2026-08-05,2026-08-09
Steven Asplund,Guilherme Pat,Pinnacle,Over,1.5,1.49,2026-08-05,2026-08-09
Steven Asplund,Guilherme Pat,Pinnacle,Under,1.5,2.66,2026-08-05,2026-08-09
Steven Asplund,Guilherme Pat,Coolbet,Over,1.5,1.42,2026-08-05,2026-08-09
Steven Asplund,Guilherme Pat,Coolbet,Under,1.5,3.0,2026-08-05,2026-08-09
Steven Asplund,Guilherme Pat,BetAnything,Over,1.5,1.43,2026-08-05,2026-08-09
Steven Asplund,Guilherme Pat,BetAnything,Under,1.5,2.8,2026-08-05,2026-08-09
Juliana Miller,Ravena Oliveira,BetOnline.ag,Over,2.5,2.1,2026-08-05,2026-08-09
Juliana Miller,Ravena Oliveira,BetOnline.ag,Under,2.5,1.77,2026-08-05,2026-08-09
Juliana Miller,Ravena Oliveira,1xBet,Over,2.5,1.95,2026-08-05,2026-08-09
Juliana Miller,Ravena Oliveira,1xBet,Under,2.5,1.8,2026-08-05,2026-08-09
Juliana Miller,Ravena Oliveira,Pinnacle,Over,2.5,2.07,2026-08-05,2026-08-09
Juliana Miller,Ravena Oliveira,Pinnacle,Under,2.5,1.77,2026-08-05,2026-08-09
Juliana Miller,Ravena Oliveira,Coolbet,Over,2.5,2.2,2026-08-05,2026-08-09
Juliana Miller,Ravena Oliveira,Coolbet,Under,2.5,1.71,2026-08-05,2026-08-09
Juliana Miller,Ravena Oliveira,BetAnything,Over,2.5,2.0,2026-08-05,2026-08-09
Juliana Miller,Ravena Oliveira,BetAnything,Under,2.5,1.77,2026-08-05,2026-08-09
Manoel Sousa,Richie Miranda,BetOnline.ag,Over,1.5,1.44,2026-08-05,2026-08-09
Manoel Sousa,Richie Miranda,BetOnline.ag,Under,1.5,2.89,2026-08-05,2026-08-09
Manoel Sousa,Richie Miranda,1xBet,Over,2.5,1.83,2026-08-05,2026-08-09
Manoel Sousa,Richie Miranda,1xBet,Under,2.5,1.91,2026-08-05,2026-08-09
Manoel Sousa,Richie Miranda,Coolbet,Over,1.5,1.44,2026-08-05,2026-08-09
Manoel Sousa,Richie Miranda,Coolbet,Under,1.5,2.87,2026-08-05,2026-08-09
Manoel Sousa,Richie Miranda,Pinnacle,Over,1.5,1.45,2026-08-05,2026-08-09
Manoel Sousa,Richie Miranda,Pinnacle,Under,1.5,2.79,2026-08-05,2026-08-09
Manoel Sousa,Richie Miranda,BetAnything,Over,1.5,1.44,2026-08-05,2026-08-09
Manoel Sousa,Richie Miranda,BetAnything,Under,1.5,2.75,2026-08-05,2026-08-09
Mateusz Gamrot,Quillan Salkilld,BetOnline.ag,Over,3.5,1.74,2026-08-05,2026-08-09
Mateusz Gamrot,Quillan Salkilld,BetOnline.ag,Under,3.5,2.15,2026-08-05,2026-08-09
Mateusz Gamrot,Quillan Salkilld,1xBet,Over,3.5,1.83,2026-08-05,2026-08-09
Mateusz Gamrot,Quillan Salkilld,1xBet,Under,3.5,1.91,2026-08-05,2026-08-09
Mateusz Gamrot,Quillan Salkilld,Pinnacle,Over,3.5,1.69,2026-08-05,2026-08-09
Mateusz Gamrot,Quillan Salkilld,Pinnacle,Under,3.5,2.18,2026-08-05,2026-08-09
Mateusz Gamrot,Quillan Salkilld,Coolbet,Over,3.5,1.74,2026-08-05,2026-08-09
Mateusz Gamrot,Quillan Salkilld,Coolbet,Under,3.5,2.15,2026-08-05,2026-08-09
Mateusz Gamrot,Quillan Salkilld,PMU (FR),Over,3.5,1.81,2026-08-05,2026-08-09
Mateusz Gamrot,Quillan Salkilld,PMU (FR),Under,3.5,1.93,2026-08-05,2026-08-09
Mateusz Gamrot,Quillan Salkilld,BetAnything,Over,3.5,1.74,2026-08-05,2026-08-09
Mateusz Gamrot,Quillan Salkilld,BetAnything,Under,3.5,2.05,2026-08-05,2026-08-09
Mackenzie Dern,Gillian Robertson,1xBet,Over,4.5,1.65,2026-08-05,2026-08-16
Mackenzie Dern,Gillian Robertson,1xBet,Under,4.5,2.16,2026-08-05,2026-08-16
Islam Makhachev,Ian Garry,1xBet,Over,4.5,1.67,2026-08-05,2026-08-16
Islam Makhachev,Ian Garry,1xBet,Under,4.5,2.2,2026-08-05,2026-08-16
Umar Nurmagomedov,Song Yadong,1xBet,Over,3.5,1.45,2026-08-05,2026-08-29
Umar Nurmagomedov,Song Yadong,1xBet,Under,3.5,2.65,2026-08-05,2026-08-29
Denis Goltsov,Hasan Mezhiev,BetOnline.ag,Over,1.5,1.91,2026-08-05,2026-08-07
Denis Goltsov,Hasan Mezhiev,BetOnline.ag,Under,1.5,1.91,2026-08-05,2026-08-07
Lewis McGrillen,Brandon Lewis,BetOnline.ag,Over,1.5,1.74,2026-08-05,2026-08-07
Lewis McGrillen,Brandon Lewis,BetOnline.ag,Under,1.5,2.15,2026-08-05,2026-08-07
Trukon Carson,Trey Waters,BetOnline.ag,Over,1.5,1.91,2026-08-05,2026-08-07
Trukon Carson,Trey Waters,BetOnline.ag,Under,1.5,1.91,2026-08-05,2026-08-07
Eduardo Neves,Maxwell Djantou Nana,BetOnline.ag,Over,1.5,1.83,2026-08-05,2026-08-07
Eduardo Neves,Maxwell Djantou Nana,BetOnline.ag,Under,1.5,2.0,2026-08-05,2026-08-07
Jonathan Martin,Wilson Lopshire,BetOnline.ag,Over,2.5,2.05,2026-08-05,2026-08-07
Jonathan Martin,Wilson Lopshire,BetOnline.ag,Under,2.5,1.8,2026-08-05,2026-08-07
Valentin Moldavsky,Bruno Cappelozza,BetOnline.ag,Over,1.5,2.25,2026-08-05,2026-08-07
Valentin Moldavsky,Bruno Cappelozza,BetOnline.ag,Under,1.5,1.69,2026-08-05,2026-08-07
Michael Boylan,Landry Ward,BetOnline.ag,Over,1.5,1.69,2026-08-05,2026-08-08
Michael Boylan,Landry Ward,BetOnline.ag,Under,1.5,2.25,2026-08-05,2026-08-08
Cheyanne Bowers,Elora Dana,BetOnline.ag,Over,2.5,1.59,2026-08-05,2026-08-08
Cheyanne Bowers,Elora Dana,BetOnline.ag,Under,2.5,2.49,2026-08-05,2026-08-08
Cheyden Leialoha,Robbie Ring,BetOnline.ag,Over,2.5,2.3,2026-08-05,2026-08-08
Cheyden Leialoha,Robbie Ring,BetOnline.ag,Under,2.5,1.67,2026-08-05,2026-08-08
Josh Fremd,Jhony Gregory,BetOnline.ag,Over,1.5,2.15,2026-08-05,2026-08-08
Josh Fremd,Jhony Gregory,BetOnline.ag,Under,1.5,1.74,2026-08-05,2026-08-08
Joshua Silveira,Aaron Jeffery,BetOnline.ag,Over,2.5,1.33,2026-08-05,2026-08-08
Joshua Silveira,Aaron Jeffery,BetOnline.ag,Under,2.5,3.45,2026-08-05,2026-08-08
Dovletdzhan Yagshimuradov,Simeon Powell,BetOnline.ag,Over,1.5,1.45,2026-08-05,2026-08-08
Dovletdzhan Yagshimuradov,Simeon Powell,BetOnline.ag,Under,1.5,2.86,2026-08-05,2026-08-08
Bryan Battle,Dalton Rosta,BetOnline.ag,Over,1.5,1.53,2026-08-05,2026-08-08
Bryan Battle,Dalton Rosta,BetOnline.ag,Under,1.5,2.65,2026-08-05,2026-08-08
Trukon Carson,Trey Waters,BetOnline.ag,Over,1.5,1.71,2026-08-07,2026-08-07
Trukon Carson,Trey Waters,BetOnline.ag,Under,1.5,2.2,2026-08-07,2026-08-07
Eduardo Neves,Maxwell Djantou Nana,BetOnline.ag,Over,1.5,2.0,2026-08-07,2026-08-07
Eduardo Neves,Maxwell Djantou Nana,BetOnline.ag,Under,1.5,1.83,2026-08-07,2026-08-07
Jonathan Martin,Wilson Lopshire,BetOnline.ag,Over,2.5,2.15,2026-08-07,2026-08-07
Jonathan Martin,Wilson Lopshire,BetOnline.ag,Under,2.5,1.74,2026-08-07,2026-08-07
Valentin Moldavsky,Bruno Cappelozza,BetOnline.ag,Over,1.5,1.66,2026-08-07,2026-08-07
Valentin Moldavsky,Bruno Cappelozza,BetOnline.ag,Under,1.5,2.31,2026-08-07,2026-08-07
Michael Boylan,Landry Ward,BetOnline.ag,Over,1.5,1.62,2026-08-07,2026-08-08
Michael Boylan,Landry Ward,BetOnline.ag,Under,1.5,2.4,2026-08-07,2026-08-08
Cheyanne Bowers,Elora Dana,BetOnline.ag,Over,2.5,1.65,2026-08-07,2026-08-08
Cheyanne Bowers,Elora Dana,BetOnline.ag,Under,2.5,2.35,2026-08-07,2026-08-08
Cheyden Leialoha,Robbie Ring,BetOnline.ag,Over,2.5,2.15,2026-08-07,2026-08-08
Cheyden Leialoha,Robbie Ring,BetOnline.ag,Under,2.5,1.74,2026-08-07,2026-08-08
Josh Fremd,Jhony Gregory,BetOnline.ag,Over,1.5,2.25,2026-08-07,2026-08-08
Josh Fremd,Jhony Gregory,BetOnline.ag,Under,1.5,1.69,2026-08-07,2026-08-08
Joshua Silveira,Aaron Jeffery,BetOnline.ag,Over,2.5,1.34,2026-08-07,2026-08-08
Joshua Silveira,Aaron Jeffery,BetOnline.ag,Under,2.5,3.37,2026-08-07,2026-08-08
Dovletdzhan Yagshimuradov,Simeon Powell,BetOnline.ag,Over,1.5,1.49,2026-08-07,2026-08-08
Dovletdzhan Yagshimuradov,Simeon Powell,BetOnline.ag,Under,1.5,2.77,2026-08-07,2026-08-08
Bryan Battle,Dalton Rosta,BetOnline.ag,Over,1.5,1.51,2026-08-07,2026-08-08
Bryan Battle,Dalton Rosta,BetOnline.ag,Under,1.5,2.7,2026-08-07,2026-08-08
Giovanna Canuto,Carol Foro,BetOnline.ag,Over,2.5,2.4,2026-08-07,2026-08-08
Giovanna Canuto,Carol Foro,BetOnline.ag,Under,2.5,1.62,2026-08-07,2026-08-08
Giovanna Canuto,Carol Foro,1xBet,Over,1.5,1.5,2026-08-07,2026-08-08
Giovanna Canuto,Carol Foro,1xBet,Under,1.5,2.48,2026-08-07,2026-08-08
Giovanna Canuto,Carol Foro,Coolbet,Over,2.5,2.6,2026-08-07,2026-08-08
Giovanna Canuto,Carol Foro,Coolbet,Under,2.5,1.53,2026-08-07,2026-08-08
Giovanna Canuto,Carol Foro,BetAnything,Over,2.5,2.3,2026-08-07,2026-08-08
Giovanna Canuto,Carol Foro,BetAnything,Under,2.5,1.62,2026-08-07,2026-08-08
Juliana Miller,Ravena Oliveira,BetOnline.ag,Over,2.5,2.1,2026-08-07,2026-08-08
Juliana Miller,Ravena Oliveira,BetOnline.ag,Under,2.5,1.77,2026-08-07,2026-08-08
Juliana Miller,Ravena Oliveira,1xBet,Over,2.5,1.95,2026-08-07,2026-08-08
Juliana Miller,Ravena Oliveira,1xBet,Under,2.5,1.8,2026-08-07,2026-08-08
Juliana Miller,Ravena Oliveira,Pinnacle,Over,2.5,2.0,2026-08-07,2026-08-08
Juliana Miller,Ravena Oliveira,Pinnacle,Under,2.5,1.83,2026-08-07,2026-08-08
Juliana Miller,Ravena Oliveira,Coolbet,Over,2.5,2.2,2026-08-07,2026-08-08
Juliana Miller,Ravena Oliveira,Coolbet,Under,2.5,1.71,2026-08-07,2026-08-08
Juliana Miller,Ravena Oliveira,BetAnything,Over,2.5,2.0,2026-08-07,2026-08-08
Juliana Miller,Ravena Oliveira,BetAnything,Under,2.5,1.77,2026-08-07,2026-08-08
Miles Johns,Gianni Vazquez,BetOnline.ag,Over,2.5,1.59,2026-08-07,2026-08-08
Miles Johns,Gianni Vazquez,BetOnline.ag,Under,2.5,2.3,2026-08-07,2026-08-08
Manoel Sousa,Richie Miranda,BetOnline.ag,Over,1.5,1.44,2026-08-07,2026-08-08
Manoel Sousa,Richie Miranda,BetOnline.ag,Under,1.5,2.89,2026-08-07,2026-08-08
Manoel Sousa,Richie Miranda,1xBet,Over,2.5,1.75,2026-08-07,2026-08-08
Manoel Sousa,Richie Miranda,1xBet,Under,2.5,2.0,2026-08-07,2026-08-08
Manoel Sousa,Richie Miranda,Coolbet,Over,1.5,1.44,2026-08-07,2026-08-08
Manoel Sousa,Richie Miranda,Coolbet,Under,1.5,2.87,2026-08-07,2026-08-08
Manoel Sousa,Richie Miranda,Pinnacle,Over,1.5,1.4,2026-08-07,2026-08-08
Manoel Sousa,Richie Miranda,Pinnacle,Under,1.5,3.01,2026-08-07,2026-08-08
Manoel Sousa,Richie Miranda,BetAnything,Over,2.5,1.83,2026-08-07,2026-08-08
Manoel Sousa,Richie Miranda,BetAnything,Under,2.5,1.91,2026-08-07,2026-08-08
Diyar Nurgozhay,Bruno Lopes,BetOnline.ag,Over,1.5,1.8,2026-08-07,2026-08-08
Diyar Nurgozhay,Bruno Lopes,BetOnline.ag,Under,1.5,2.05,2026-08-07,2026-08-08
Diyar Nurgozhay,Bruno Lopes,1xBet,Over,1.5,1.77,2026-08-07,2026-08-08
Diyar Nurgozhay,Bruno Lopes,1xBet,Under,1.5,2.0,2026-08-07,2026-08-08
Diyar Nurgozhay,Bruno Lopes,Pinnacle,Over,1.5,1.88,2026-08-07,2026-08-08
Diyar Nurgozhay,Bruno Lopes,Pinnacle,Under,1.5,1.94,2026-08-07,2026-08-08
Diyar Nurgozhay,Bruno Lopes,Coolbet,Over,1.5,1.83,2026-08-07,2026-08-08
Diyar Nurgozhay,Bruno Lopes,Coolbet,Under,1.5,2.0,2026-08-07,2026-08-08
Diyar Nurgozhay,Bruno Lopes,BetAnything,Over,1.5,1.8,2026-08-07,2026-08-08
Diyar Nurgozhay,Bruno Lopes,BetAnything,Under,1.5,1.95,2026-08-07,2026-08-08
Louie Sutherland,Jose Montanha,Pinnacle,Over,1.5,1.69,2026-08-07,2026-08-08
Louie Sutherland,Jose Montanha,Pinnacle,Under,1.5,2.18,2026-08-07,2026-08-08
Louie Sutherland,Jose Montanha,1xBet,Over,1.5,1.69,2026-08-07,2026-08-08
Louie Sutherland,Jose Montanha,1xBet,Under,1.5,2.15,2026-08-07,2026-08-08
Louie Sutherland,Jose Montanha,BetOnline.ag,Over,1.5,1.71,2026-08-07,2026-08-08
Louie Sutherland,Jose Montanha,BetOnline.ag,Under,1.5,2.2,2026-08-07,2026-08-08
Louie Sutherland,Jose Montanha,Coolbet,Over,1.5,1.71,2026-08-07,2026-08-08
Louie Sutherland,Jose Montanha,Coolbet,Under,1.5,2.2,2026-08-07,2026-08-08
Louie Sutherland,Jose Montanha,BetAnything,Over,1.5,1.71,2026-08-07,2026-08-08
Louie Sutherland,Jose Montanha,BetAnything,Under,1.5,2.1,2026-08-07,2026-08-08
Steven Asplund,Guilherme Pat,BetOnline.ag,Over,1.5,1.5,2026-08-07,2026-08-08
Steven Asplund,Guilherme Pat,BetOnline.ag,Under,1.5,2.74,2026-08-07,2026-08-08
Steven Asplund,Guilherme Pat,1xBet,Over,2.5,1.98,2026-08-07,2026-08-08
Steven Asplund,Guilherme Pat,1xBet,Under,2.5,1.77,2026-08-07,2026-08-08
Steven Asplund,Guilherme Pat,Pinnacle,Over,1.5,1.47,2026-08-07,2026-08-08
Steven Asplund,Guilherme Pat,Pinnacle,Under,1.5,2.74,2026-08-07,2026-08-08
Steven Asplund,Guilherme Pat,Coolbet,Over,1.5,1.46,2026-08-07,2026-08-08
Steven Asplund,Guilherme Pat,Coolbet,Under,1.5,2.8,2026-08-07,2026-08-08
Steven Asplund,Guilherme Pat,BetAnything,Over,2.5,1.83,2026-08-07,2026-08-08
Steven Asplund,Guilherme Pat,BetAnything,Under,2.5,1.91,2026-08-07,2026-08-08
Ty Miller,Billy Goff,BetOnline.ag,Over,1.5,1.56,2026-08-07,2026-08-09
Ty Miller,Billy Goff,BetOnline.ag,Under,1.5,2.57,2026-08-07,2026-08-09
Ty Miller,Billy Goff,1xBet,Over,2.5,1.9,2026-08-07,2026-08-09
Ty Miller,Billy Goff,1xBet,Under,2.5,1.84,2026-08-07,2026-08-09
Ty Miller,Billy Goff,Pinnacle,Over,1.5,1.49,2026-08-07,2026-08-09
Ty Miller,Billy Goff,Pinnacle,Under,1.5,2.66,2026-08-07,2026-08-09
Ty Miller,Billy Goff,Coolbet,Over,1.5,1.56,2026-08-07,2026-08-09
Ty Miller,Billy Goff,Coolbet,Under,1.5,2.52,2026-08-07,2026-08-09
Ty Miller,Billy Goff,PMU (FR),Over,2.5,1.97,2026-08-07,2026-08-09
Ty Miller,Billy Goff,PMU (FR),Under,2.5,1.77,2026-08-07,2026-08-09
Ty Miller,Billy Goff,BetAnything,Over,1.5,1.56,2026-08-07,2026-08-09
Ty Miller,Billy Goff,BetAnything,Under,1.5,2.5,2026-08-07,2026-08-09
Amanda Lemos,Alexia Thainara,BetOnline.ag,Over,2.5,1.45,2026-08-07,2026-08-09
Amanda Lemos,Alexia Thainara,BetOnline.ag,Under,2.5,2.86,2026-08-07,2026-08-09
Amanda Lemos,Alexia Thainara,1xBet,Over,2.5,1.55,2026-08-07,2026-08-09
Amanda Lemos,Alexia Thainara,1xBet,Under,2.5,2.36,2026-08-07,2026-08-09
Amanda Lemos,Alexia Thainara,Pinnacle,Over,2.5,1.48,2026-08-07,2026-08-09
Amanda Lemos,Alexia Thainara,Pinnacle,Under,2.5,2.69,2026-08-07,2026-08-09
Amanda Lemos,Alexia Thainara,Coolbet,Over,2.5,1.53,2026-08-07,2026-08-09
Amanda Lemos,Alexia Thainara,Coolbet,Under,2.5,2.6,2026-08-07,2026-08-09
Amanda Lemos,Alexia Thainara,PMU (FR),Over,2.5,1.43,2026-08-07,2026-08-09
Amanda Lemos,Alexia Thainara,PMU (FR),Under,2.5,2.65,2026-08-07,2026-08-09
Amanda Lemos,Alexia Thainara,BetAnything,Over,2.5,1.45,2026-08-07,2026-08-09
Amanda Lemos,Alexia Thainara,BetAnything,Under,2.5,2.7,2026-08-07,2026-08-09
Darren Elkins,Yadier DelValle,BetOnline.ag,Over,2.5,2.92,2026-08-07,2026-08-09
Darren Elkins,Yadier DelValle,BetOnline.ag,Under,2.5,1.43,2026-08-07,2026-08-09
Darren Elkins,Yadier DelValle,1xBet,Over,1.5,2.0,2026-08-07,2026-08-09
Darren Elkins,Yadier DelValle,1xBet,Under,1.5,1.77,2026-08-07,2026-08-09
Darren Elkins,Yadier DelValle,Pinnacle,Over,2.5,2.79,2026-08-07,2026-08-09
Darren Elkins,Yadier DelValle,Pinnacle,Under,2.5,1.45,2026-08-07,2026-08-09
Darren Elkins,Yadier DelValle,Coolbet,Over,2.5,3.0,2026-08-07,2026-08-09
Darren Elkins,Yadier DelValle,Coolbet,Under,2.5,1.41,2026-08-07,2026-08-09
Darren Elkins,Yadier DelValle,PMU (FR),Over,1.5,1.91,2026-08-07,2026-08-09
Darren Elkins,Yadier DelValle,PMU (FR),Under,1.5,1.83,2026-08-07,2026-08-09
Darren Elkins,Yadier DelValle,BetAnything,Over,1.5,1.87,2026-08-07,2026-08-09
Darren Elkins,Yadier DelValle,BetAnything,Under,1.5,1.87,2026-08-07,2026-08-09
Carlos Diego Ferreira,Billy Quarantillo,BetOnline.ag,Over,2.5,2.45,2026-08-07,2026-08-09
Carlos Diego Ferreira,Billy Quarantillo,BetOnline.ag,Under,2.5,1.61,2026-08-07,2026-08-09
Carlos Diego Ferreira,Billy Quarantillo,1xBet,Over,1.5,1.69,2026-08-07,2026-08-09
Carlos Diego Ferreira,Billy Quarantillo,1xBet,Under,1.5,2.1,2026-08-07,2026-08-09
Carlos Diego Ferreira,Billy Quarantillo,Pinnacle,Over,2.5,2.37,2026-08-07,2026-08-09
Carlos Diego Ferreira,Billy Quarantillo,Pinnacle,Under,2.5,1.6,2026-08-07,2026-08-09
Carlos Diego Ferreira,Billy Quarantillo,Coolbet,Over,2.5,2.38,2026-08-07,2026-08-09
Carlos Diego Ferreira,Billy Quarantillo,Coolbet,Under,2.5,1.61,2026-08-07,2026-08-09
Carlos Diego Ferreira,Billy Quarantillo,PMU (FR),Over,1.5,1.66,2026-08-07,2026-08-09
Carlos Diego Ferreira,Billy Quarantillo,PMU (FR),Under,1.5,2.14,2026-08-07,2026-08-09
Carlos Diego Ferreira,Billy Quarantillo,BetAnything,Over,2.5,2.35,2026-08-07,2026-08-09
Carlos Diego Ferreira,Billy Quarantillo,BetAnything,Under,2.5,1.61,2026-08-07,2026-08-09
Mateusz Gamrot,Quillan Salkilld,BetOnline.ag,Over,3.5,1.71,2026-08-07,2026-08-09
Mateusz Gamrot,Quillan Salkilld,BetOnline.ag,Under,3.5,2.2,2026-08-07,2026-08-09
Mateusz Gamrot,Quillan Salkilld,1xBet,Over,3.5,1.8,2026-08-07,2026-08-09
Mateusz Gamrot,Quillan Salkilld,1xBet,Under,3.5,1.95,2026-08-07,2026-08-09
Mateusz Gamrot,Quillan Salkilld,Pinnacle,Over,3.5,1.72,2026-08-07,2026-08-09
Mateusz Gamrot,Quillan Salkilld,Pinnacle,Under,3.5,2.14,2026-08-07,2026-08-09
Mateusz Gamrot,Quillan Salkilld,Coolbet,Over,3.5,1.74,2026-08-07,2026-08-09
Mateusz Gamrot,Quillan Salkilld,Coolbet,Under,3.5,2.15,2026-08-07,2026-08-09
Mateusz Gamrot,Quillan Salkilld,PMU (FR),Over,3.5,1.81,2026-08-07,2026-08-09
Mateusz Gamrot,Quillan Salkilld,PMU (FR),Under,3.5,1.93,2026-08-07,2026-08-09
Mateusz Gamrot,Quillan Salkilld,BetAnything,Over,3.5,1.77,2026-08-07,2026-08-09
Mateusz Gamrot,Quillan Salkilld,BetAnything,Under,3.5,2.0,2026-08-07,2026-08-09
Mackenzie Dern,Gillian Robertson,1xBet,Over,4.5,1.65,2026-08-07,2026-08-16
Mackenzie Dern,Gillian Robertson,1xBet,Under,4.5,2.16,2026-08-07,2026-08-16
Islam Makhachev,Ian Garry,1xBet,Over,4.5,1.67,2026-08-07,2026-08-16
Islam Makhachev,Ian Garry,1xBet,Under,4.5,2.2,2026-08-07,2026-08-16
Umar Nurmagomedov,Song Yadong,1xBet,Over,3.5,1.45,2026-08-07,2026-08-29
Umar Nurmagomedov,Song Yadong,1xBet,Under,3.5,2.65,2026-08-07,2026-08-29
Chidi Njokuani,Joel Alvarez,1xBet,Over,1.5,1.5,2026-08-09,2026-08-16
Chidi Njokuani,Joel Alvarez,1xBet,Under,1.5,2.48,2026-08-09,2026-08-16
Donte Johnson,Eric McConico,1xBet,Over,2.5,2.05,2026-08-09,2026-08-16
Donte Johnson,Eric McConico,1xBet,Under,2.5,1.72,2026-08-09,2026-08-16
Mansur Abdul-Malik,Dustin Stoltzfus,1xBet,Over,1.5,1.55,2026-08-09,2026-08-16
Mansur Abdul-Malik,Dustin Stoltzfus,1xBet,Under,1.5,2.36,2026-08-09,2026-08-16
Edson Barboza,Esteban Ribovics,1xBet,Over,1.5,1.6,2026-08-09,2026-08-16
Edson Barboza,Esteban Ribovics,1xBet,Under,1.5,2.25,2026-08-09,2026-08-16
Jeremiah Wells,Myktybek Orolbai,1xBet,Over,2.5,2.05,2026-08-09,2026-08-16
Jeremiah Wells,Myktybek Orolbai,1xBet,Under,2.5,1.72,2026-08-09,2026-08-16
Rafael Tobias,Lucas Fernando,1xBet,Over,1.5,1.63,2026-08-09,2026-08-16
Rafael Tobias,Lucas Fernando,1xBet,Under,1.5,2.2,2026-08-09,2026-08-16
Neil Magny,Ramiz Brahimaj,1xBet,Over,2.5,1.65,2026-08-09,2026-08-16
Neil Magny,Ramiz Brahimaj,1xBet,Under,2.5,2.16,2026-08-09,2026-08-16
Vicente Luque,Tresean Gore,1xBet,Over,2.5,2.08,2026-08-09,2026-08-16
Vicente Luque,Tresean Gore,1xBet,Under,2.5,1.7,2026-08-09,2026-08-16
Mackenzie Dern,Gillian Robertson,1xBet,Over,4.5,1.65,2026-08-09,2026-08-16
Mackenzie Dern,Gillian Robertson,1xBet,Under,4.5,2.16,2026-08-09,2026-08-16
Islam Makhachev,Ian Garry,1xBet,Over,4.5,1.67,2026-08-09,2026-08-16
Islam Makhachev,Ian Garry,1xBet,Under,4.5,2.2,2026-08-09,2026-08-16
Umar Nurmagomedov,Song Yadong,1xBet,Over,3.5,1.45,2026-08-09,2026-08-29
Umar Nurmagomedov,Song Yadong,1xBet,Under,3.5,2.65,2026-08-09,2026-08-29
Jeremiah Wells,Myktybek Orolbai,BetOnline.ag,Over,1.5,1.65,2026-08-15,2026-08-15
Jeremiah Wells,Myktybek Orolbai,BetOnline.ag,Under,1.5,2.35,2026-08-15,2026-08-15
Jeremiah Wells,Myktybek Orolbai,1xBet,Over,1.5,1.81,2026-08-15,2026-08-15
Jeremiah Wells,Myktybek Orolbai,1xBet,Under,1.5,1.93,2026-08-15,2026-08-15
Jeremiah Wells,Myktybek Orolbai,Pinnacle,Over,1.5,1.65,2026-08-15,2026-08-15
Jeremiah Wells,Myktybek Orolbai,Pinnacle,Under,1.5,2.28,2026-08-15,2026-08-15
Jeremiah Wells,Myktybek Orolbai,Coolbet,Over,1.5,1.72,2026-08-15,2026-08-15
Jeremiah Wells,Myktybek Orolbai,Coolbet,Under,1.5,2.16,2026-08-15,2026-08-15
Jeremiah Wells,Myktybek Orolbai,BetAnything,Over,1.5,1.65,2026-08-15,2026-08-15
Jeremiah Wells,Myktybek Orolbai,BetAnything,Under,1.5,2.25,2026-08-15,2026-08-15
Neil Magny,Ramiz Brahimaj,BetOnline.ag,Over,2.5,2.25,2026-08-15,2026-08-15
Neil Magny,Ramiz Brahimaj,BetOnline.ag,Under,2.5,1.69,2026-08-15,2026-08-15
Neil Magny,Ramiz Brahimaj,1xBet,Over,1.5,1.55,2026-08-15,2026-08-15
Neil Magny,Ramiz Brahimaj,1xBet,Under,1.5,2.35,2026-08-15,2026-08-15
Neil Magny,Ramiz Brahimaj,Pinnacle,Over,2.5,2.13,2026-08-15,2026-08-15
Neil Magny,Ramiz Brahimaj,Pinnacle,Under,2.5,1.74,2026-08-15,2026-08-15
Neil Magny,Ramiz Brahimaj,Coolbet,Over,2.5,2.18,2026-08-15,2026-08-15
Neil Magny,Ramiz Brahimaj,Coolbet,Under,2.5,1.71,2026-08-15,2026-08-15
Neil Magny,Ramiz Brahimaj,BetAnything,Over,2.5,2.15,2026-08-15,2026-08-15
Neil Magny,Ramiz Brahimaj,BetAnything,Under,2.5,1.69,2026-08-15,2026-08-15
Rafael Tobias,Lucas Fernando,BetOnline.ag,Over,2.5,2.25,2026-08-15,2026-08-15
Rafael Tobias,Lucas Fernando,BetOnline.ag,Under,2.5,1.69,2026-08-15,2026-08-15
Rafael Tobias,Lucas Fernando,Pinnacle,Over,2.5,2.15,2026-08-15,2026-08-15
Rafael Tobias,Lucas Fernando,Pinnacle,Under,2.5,1.73,2026-08-15,2026-08-15
Rafael Tobias,Lucas Fernando,1xBet,Over,1.5,1.63,2026-08-15,2026-08-15
Rafael Tobias,Lucas Fernando,1xBet,Under,1.5,2.2,2026-08-15,2026-08-15
Rafael Tobias,Lucas Fernando,Coolbet,Over,2.5,2.35,2026-08-15,2026-08-15
Rafael Tobias,Lucas Fernando,Coolbet,Under,2.5,1.63,2026-08-15,2026-08-15
Rafael Tobias,Lucas Fernando,BetAnything,Over,2.5,2.15,2026-08-15,2026-08-15
Rafael Tobias,Lucas Fernando,BetAnything,Under,2.5,1.69,2026-08-15,2026-08-15
Vicente Luque,Tresean Gore,BetOnline.ag,Over,1.5,1.65,2026-08-15,2026-08-15
Vicente Luque,Tresean Gore,BetOnline.ag,Under,1.5,2.35,2026-08-15,2026-08-15
Vicente Luque,Tresean Gore,1xBet,Over,2.5,2.08,2026-08-15,2026-08-15
Vicente Luque,Tresean Gore,1xBet,Under,2.5,1.7,2026-08-15,2026-08-15
Vicente Luque,Tresean Gore,Pinnacle,Over,1.5,1.6,2026-08-15,2026-08-15
Vicente Luque,Tresean Gore,Pinnacle,Under,1.5,2.4,2026-08-15,2026-08-15
Vicente Luque,Tresean Gore,Coolbet,Over,1.5,1.63,2026-08-15,2026-08-15
Vicente Luque,Tresean Gore,Coolbet,Under,1.5,2.35,2026-08-15,2026-08-15
Vicente Luque,Tresean Gore,BetAnything,Over,1.5,1.65,2026-08-15,2026-08-15
Vicente Luque,Tresean Gore,BetAnything,Under,1.5,2.25,2026-08-15,2026-08-15
Donte Johnson,Eric McConico,BetOnline.ag,Over,1.5,1.65,2026-08-15,2026-08-15
Donte Johnson,Eric McConico,BetOnline.ag,Under,1.5,2.35,2026-08-15,2026-08-15
Donte Johnson,Eric McConico,1xBet,Over,1.5,1.65,2026-08-15,2026-08-15
Donte Johnson,Eric McConico,1xBet,Under,1.5,2.15,2026-08-15,2026-08-15
Donte Johnson,Eric McConico,Pinnacle,Over,1.5,1.67,2026-08-15,2026-08-15
Donte Johnson,Eric McConico,Pinnacle,Under,1.5,2.26,2026-08-15,2026-08-15
Donte Johnson,Eric McConico,Coolbet,Over,1.5,1.63,2026-08-15,2026-08-15
Donte Johnson,Eric McConico,Coolbet,Under,1.5,2.35,2026-08-15,2026-08-15
Donte Johnson,Eric McConico,BetAnything,Over,1.5,1.65,2026-08-15,2026-08-15
Donte Johnson,Eric McConico,BetAnything,Under,1.5,2.25,2026-08-15,2026-08-15
Charles Johnson,Eduardo Henrique,BetOnline.ag,Over,2.5,1.56,2026-08-15,2026-08-16
Charles Johnson,Eduardo Henrique,BetOnline.ag,Under,2.5,2.57,2026-08-15,2026-08-16
Charles Johnson,Eduardo Henrique,1xBet,Over,2.5,1.5,2026-08-15,2026-08-16
Charles Johnson,Eduardo Henrique,1xBet,Under,2.5,2.48,2026-08-15,2026-08-16
Charles Johnson,Eduardo Henrique,Coolbet,Over,2.5,1.54,2026-08-15,2026-08-16
Charles Johnson,Eduardo Henrique,Coolbet,Under,2.5,2.55,2026-08-15,2026-08-16
Charles Johnson,Eduardo Henrique,Pinnacle,Over,2.5,1.53,2026-08-15,2026-08-16
Charles Johnson,Eduardo Henrique,Pinnacle,Under,2.5,2.56,2026-08-15,2026-08-16
Charles Johnson,Eduardo Henrique,BetAnything,Over,2.5,1.56,2026-08-15,2026-08-16
Charles Johnson,Eduardo Henrique,BetAnything,Under,2.5,2.5,2026-08-15,2026-08-16
Chidi Njokuani,Joel Alvarez,BetOnline.ag,Over,1.5,1.77,2026-08-15,2026-08-16
Chidi Njokuani,Joel Alvarez,BetOnline.ag,Under,1.5,2.1,2026-08-15,2026-08-16
Chidi Njokuani,Joel Alvarez,Coolbet,Over,1.5,1.74,2026-08-15,2026-08-16
Chidi Njokuani,Joel Alvarez,Coolbet,Under,1.5,2.15,2026-08-15,2026-08-16
Chidi Njokuani,Joel Alvarez,BetAnything,Over,1.5,1.77,2026-08-15,2026-08-16
Chidi Njokuani,Joel Alvarez,BetAnything,Under,1.5,2.0,2026-08-15,2026-08-16
Chidi Njokuani,Joel Alvarez,Pinnacle,Over,1.5,1.74,2026-08-15,2026-08-16
Chidi Njokuani,Joel Alvarez,Pinnacle,Under,1.5,2.13,2026-08-15,2026-08-16
Edson Barboza,Esteban Ribovics,BetOnline.ag,Over,1.5,1.7,2026-08-15,2026-08-16
Edson Barboza,Esteban Ribovics,BetOnline.ag,Under,1.5,2.22,2026-08-15,2026-08-16
Edson Barboza,Esteban Ribovics,1xBet,Over,1.5,1.87,2026-08-15,2026-08-16
Edson Barboza,Esteban Ribovics,1xBet,Under,1.5,1.87,2026-08-15,2026-08-16
Edson Barboza,Esteban Ribovics,Pinnacle,Over,1.5,1.72,2026-08-15,2026-08-16
Edson Barboza,Esteban Ribovics,Pinnacle,Under,1.5,2.16,2026-08-15,2026-08-16
Edson Barboza,Esteban Ribovics,Coolbet,Over,1.5,1.78,2026-08-15,2026-08-16
Edson Barboza,Esteban Ribovics,Coolbet,Under,1.5,2.08,2026-08-15,2026-08-16
Edson Barboza,Esteban Ribovics,BetAnything,Over,1.5,1.7,2026-08-15,2026-08-16
Edson Barboza,Esteban Ribovics,BetAnything,Under,1.5,2.12,2026-08-15,2026-08-16
Edson Barboza,Esteban Ribovics,PMU (FR),Over,1.5,1.74,2026-08-15,2026-08-16
Edson Barboza,Esteban Ribovics,PMU (FR),Under,1.5,2.02,2026-08-15,2026-08-16
Mansur Abdul-Malik,Dustin Stoltzfus,BetOnline.ag,Over,1.5,1.71,2026-08-15,2026-08-16
Mansur Abdul-Malik,Dustin Stoltzfus,BetOnline.ag,Under,1.5,2.2,2026-08-15,2026-08-16
Mansur Abdul-Malik,Dustin Stoltzfus,1xBet,Over,1.5,1.69,2026-08-15,2026-08-16
Mansur Abdul-Malik,Dustin Stoltzfus,1xBet,Under,1.5,2.1,2026-08-15,2026-08-16
Mansur Abdul-Malik,Dustin Stoltzfus,Pinnacle,Over,1.5,1.71,2026-08-15,2026-08-16
Mansur Abdul-Malik,Dustin Stoltzfus,Pinnacle,Under,1.5,2.18,2026-08-15,2026-08-16
Mansur Abdul-Malik,Dustin Stoltzfus,Coolbet,Over,1.5,1.65,2026-08-15,2026-08-16
Mansur Abdul-Malik,Dustin Stoltzfus,Coolbet,Under,1.5,2.3,2026-08-15,2026-08-16
Mansur Abdul-Malik,Dustin Stoltzfus,BetAnything,Over,1.5,1.71,2026-08-15,2026-08-16
Mansur Abdul-Malik,Dustin Stoltzfus,BetAnything,Under,1.5,2.1,2026-08-15,2026-08-16
Mansur Abdul-Malik,Dustin Stoltzfus,PMU (FR),Over,1.5,1.73,2026-08-15,2026-08-16
Mansur Abdul-Malik,Dustin Stoltzfus,PMU (FR),Under,1.5,2.04,2026-08-15,2026-08-16
Jalin Turner,Kauê Fernandes,BetOnline.ag,Over,1.5,2.05,2026-08-15,2026-08-16
Jalin Turner,Kauê Fernandes,BetOnline.ag,Under,1.5,1.8,2026-08-15,2026-08-16
Jalin Turner,Kauê Fernandes,1xBet,Over,1.5,2.12,2026-08-15,2026-08-16
Jalin Turner,Kauê Fernandes,1xBet,Under,1.5,1.67,2026-08-15,2026-08-16
Jalin Turner,Kauê Fernandes,Pinnacle,Over,1.5,1.97,2026-08-15,2026-08-16
Jalin Turner,Kauê Fernandes,Pinnacle,Under,1.5,1.87,2026-08-15,2026-08-16
Jalin Turner,Kauê Fernandes,Coolbet,Over,1.5,2.06,2026-08-15,2026-08-16
Jalin Turner,Kauê Fernandes,Coolbet,Under,1.5,1.8,2026-08-15,2026-08-16
Jalin Turner,Kauê Fernandes,BetAnything,Over,1.5,1.95,2026-08-15,2026-08-16
Jalin Turner,Kauê Fernandes,BetAnything,Under,1.5,1.8,2026-08-15,2026-08-16
Jalin Turner,Kauê Fernandes,PMU (FR),Over,1.5,2.12,2026-08-15,2026-08-16
Jalin Turner,Kauê Fernandes,PMU (FR),Under,1.5,1.68,2026-08-15,2026-08-16
Mackenzie Dern,Gillian Robertson,BetOnline.ag,Over,3.5,1.48,2026-08-15,2026-08-16
Mackenzie Dern,Gillian Robertson,BetOnline.ag,Under,3.5,2.8,2026-08-15,2026-08-16
Mackenzie Dern,Gillian Robertson,1xBet,Over,4.5,1.69,2026-08-15,2026-08-16
Mackenzie Dern,Gillian Robertson,1xBet,Under,4.5,2.1,2026-08-15,2026-08-16
Mackenzie Dern,Gillian Robertson,Pinnacle,Over,3.5,1.46,2026-08-15,2026-08-16
Mackenzie Dern,Gillian Robertson,Pinnacle,Under,3.5,2.79,2026-08-15,2026-08-16
Mackenzie Dern,Gillian Robertson,Coolbet,Over,3.5,1.48,2026-08-15,2026-08-16
Mackenzie Dern,Gillian Robertson,Coolbet,Under,3.5,2.75,2026-08-15,2026-08-16
Mackenzie Dern,Gillian Robertson,BetAnything,Over,3.5,1.48,2026-08-15,2026-08-16
Mackenzie Dern,Gillian Robertson,BetAnything,Under,3.5,2.75,2026-08-15,2026-08-16
Mackenzie Dern,Gillian Robertson,PMU (FR),Over,4.5,1.6,2026-08-15,2026-08-16
Mackenzie Dern,Gillian Robertson,PMU (FR),Under,4.5,2.25,2026-08-15,2026-08-16
Islam Makhachev,Ian Garry,BetOnline.ag,Over,4.5,1.62,2026-08-15,2026-08-16
Islam Makhachev,Ian Garry,BetOnline.ag,Under,4.5,2.4,2026-08-15,2026-08-16
Islam Makhachev,Ian Garry,1xBet,Over,4.5,1.69,2026-08-15,2026-08-16
Islam Makhachev,Ian Garry,1xBet,Under,4.5,2.1,2026-08-15,2026-08-16
Islam Makhachev,Ian Garry,Pinnacle,Over,4.5,1.62,2026-08-15,2026-08-16
Islam Makhachev,Ian Garry,Pinnacle,Under,4.5,2.36,2026-08-15,2026-08-16
Islam Makhachev,Ian Garry,Coolbet,Over,4.5,1.57,2026-08-15,2026-08-16
Islam Makhachev,Ian Garry,Coolbet,Under,4.5,2.48,2026-08-15,2026-08-16
Islam Makhachev,Ian Garry,BetAnything,Over,4.5,1.62,2026-08-15,2026-08-16
Islam Makhachev,Ian Garry,BetAnything,Under,4.5,2.3,2026-08-15,2026-08-16
Islam Makhachev,Ian Garry,PMU (FR),Over,4.5,1.56,2026-08-15,2026-08-16
Islam Makhachev,Ian Garry,PMU (FR),Under,4.5,2.3,2026-08-15,2026-08-16
Umar Nurmagomedov,Song Yadong,1xBet,Over,3.5,1.45,2026-08-15,2026-08-29
Umar Nurmagomedov,Song Yadong,1xBet,Under,3.5,2.65,2026-08-15,2026-08-29
Mackenzie Dern,Gillian Robertson,BetAnything,Over,4.5,1.62,2026-08-15,2026-08-16
Mackenzie Dern,Gillian Robertson,BetAnything,Under,4.5,2.3,2026-08-15,2026-08-16
Nasrat Haqparast,Chris Padilla,1xBet,Over,2.5,1.5,2026-08-15,2026-08-22
Nasrat Haqparast,Chris Padilla,1xBet,Under,2.5,2.48,2026-08-15,2026-08-22
Jamall Emmers,Lerryan Douglas,1xBet,Over,1.5,1.8,2026-08-15,2026-08-22
Jamall Emmers,Lerryan Douglas,1xBet,Under,1.5,1.95,2026-08-15,2026-08-22
Marquel Mederos,Mason Jones,1xBet,Over,2.5,1.6,2026-08-15,2026-08-22
Marquel Mederos,Mason Jones,1xBet,Under,2.5,2.25,2026-08-15,2026-08-22
Carli Judice,Jeisla Chaves,1xBet,Over,2.5,1.45,2026-08-15,2026-08-23
Carli Judice,Jeisla Chaves,1xBet,Under,2.5,2.65,2026-08-15,2026-08-23
Shamil Gaziev,Kennedy Nzechukwu,1xBet,Over,1.5,1.65,2026-08-15,2026-08-23
Shamil Gaziev,Kennedy Nzechukwu,1xBet,Under,1.5,2.16,2026-08-15,2026-08-23
Reinier de Ridder,Roman Dolidze,1xBet,Over,2.5,1.63,2026-08-15,2026-08-23
Reinier de Ridder,Roman Dolidze,1xBet,Under,2.5,2.2,2026-08-15,2026-08-23
Sergey Spivak,Vitor Petrino,1xBet,Over,2.5,2.12,2026-08-15,2026-08-23
Sergey Spivak,Vitor Petrino,1xBet,Under,2.5,1.67,2026-08-15,2026-08-23
Anthony Hernandez,Gregory Rodrigues,1xBet,Over,2.5,1.82,2026-08-15,2026-08-23
Anthony Hernandez,Gregory Rodrigues,1xBet,Under,2.5,1.92,2026-08-15,2026-08-23
Anthony Wint,Terrance Chatman,BetOnline.ag,Over,1.5,3.63,2026-08-18,2026-08-22
Anthony Wint,Terrance Chatman,BetOnline.ag,Under,1.5,1.31,2026-08-18,2026-08-22
Anthony Wint,Terrance Chatman,1xBet,Over,1.5,3.3,2026-08-18,2026-08-22
Anthony Wint,Terrance Chatman,1xBet,Under,1.5,1.3,2026-08-18,2026-08-22
Nasrat Haqparast,Chris Padilla,BetOnline.ag,Over,2.5,1.56,2026-08-18,2026-08-22
Nasrat Haqparast,Chris Padilla,BetOnline.ag,Under,2.5,2.57,2026-08-18,2026-08-22
Nasrat Haqparast,Chris Padilla,1xBet,Over,2.5,1.5,2026-08-18,2026-08-22
Nasrat Haqparast,Chris Padilla,1xBet,Under,2.5,2.48,2026-08-18,2026-08-22
Gauge Young,Stan Dorsainvil,BetOnline.ag,Over,2.5,1.62,2026-08-18,2026-08-22
Gauge Young,Stan Dorsainvil,BetOnline.ag,Under,2.5,2.4,2026-08-18,2026-08-22
Gauge Young,Stan Dorsainvil,1xBet,Over,2.5,1.52,2026-08-18,2026-08-22
Gauge Young,Stan Dorsainvil,1xBet,Under,2.5,2.43,2026-08-18,2026-08-22
Jackson McVey,Wes Schultz,BetOnline.ag,Over,1.5,2.57,2026-08-18,2026-08-22
Jackson McVey,Wes Schultz,BetOnline.ag,Under,1.5,1.56,2026-08-18,2026-08-22
Jackson McVey,Wes Schultz,1xBet,Over,1.5,2.16,2026-08-18,2026-08-22
Jackson McVey,Wes Schultz,1xBet,Under,1.5,1.65,2026-08-18,2026-08-22
Jamall Emmers,Lerryan Douglas,BetOnline.ag,Over,1.5,2.35,2026-08-18,2026-08-22
Jamall Emmers,Lerryan Douglas,BetOnline.ag,Under,1.5,1.65,2026-08-18,2026-08-22
Jamall Emmers,Lerryan Douglas,1xBet,Over,1.5,2.25,2026-08-18,2026-08-22
Jamall Emmers,Lerryan Douglas,1xBet,Under,1.5,1.6,2026-08-18,2026-08-22
Shamil Gaziev,Kennedy Nzechukwu,BetOnline.ag,Over,1.5,1.8,2026-08-18,2026-08-22
Shamil Gaziev,Kennedy Nzechukwu,BetOnline.ag,Under,1.5,2.05,2026-08-18,2026-08-22
Shamil Gaziev,Kennedy Nzechukwu,1xBet,Over,1.5,1.65,2026-08-18,2026-08-22
Shamil Gaziev,Kennedy Nzechukwu,1xBet,Under,1.5,2.16,2026-08-18,2026-08-22
Márcio Barbosa,Ryan Kuse,BetOnline.ag,Over,1.5,3.45,2026-08-18,2026-08-22
Márcio Barbosa,Ryan Kuse,BetOnline.ag,Under,1.5,1.33,2026-08-18,2026-08-22
Márcio Barbosa,Ryan Kuse,1xBet,Over,1.5,2.65,2026-08-18,2026-08-22
Márcio Barbosa,Ryan Kuse,1xBet,Under,1.5,1.44,2026-08-18,2026-08-22
Shanelle Dyer,Elise Reed,BetOnline.ag,Over,2.5,2.35,2026-08-18,2026-08-22
Shanelle Dyer,Elise Reed,BetOnline.ag,Under,2.5,1.65,2026-08-18,2026-08-22
Shanelle Dyer,Elise Reed,1xBet,Over,2.5,2.08,2026-08-18,2026-08-22
Shanelle Dyer,Elise Reed,1xBet,Under,2.5,1.7,2026-08-18,2026-08-22
Carli Judice,Jeisla Chaves,BetOnline.ag,Over,2.5,1.69,2026-08-18,2026-08-23
Carli Judice,Jeisla Chaves,BetOnline.ag,Under,2.5,2.25,2026-08-18,2026-08-23
Carli Judice,Jeisla Chaves,1xBet,Over,2.5,1.45,2026-08-18,2026-08-23
Carli Judice,Jeisla Chaves,1xBet,Under,2.5,2.65,2026-08-18,2026-08-23
Marquel Mederos,Mason Jones,BetOnline.ag,Over,2.5,1.61,2026-08-18,2026-08-23
Marquel Mederos,Mason Jones,BetOnline.ag,Under,2.5,2.45,2026-08-18,2026-08-23
Marquel Mederos,Mason Jones,1xBet,Over,2.5,1.6,2026-08-18,2026-08-23
Marquel Mederos,Mason Jones,1xBet,Under,2.5,2.25,2026-08-18,2026-08-23
Reinier de Ridder,Roman Dolidze,BetOnline.ag,Over,2.5,1.74,2026-08-18,2026-08-23
Reinier de Ridder,Roman Dolidze,BetOnline.ag,Under,2.5,2.15,2026-08-18,2026-08-23
Reinier de Ridder,Roman Dolidze,1xBet,Over,2.5,1.63,2026-08-18,2026-08-23
Reinier de Ridder,Roman Dolidze,1xBet,Under,2.5,2.2,2026-08-18,2026-08-23
Sergey Spivak,Vitor Petrino,BetOnline.ag,Over,1.5,1.5,2026-08-18,2026-08-23
Sergey Spivak,Vitor Petrino,BetOnline.ag,Under,1.5,2.74,2026-08-18,2026-08-23
Sergey Spivak,Vitor Petrino,1xBet,Over,2.5,2.12,2026-08-18,2026-08-23
Sergey Spivak,Vitor Petrino,1xBet,Under,2.5,1.67,2026-08-18,2026-08-23
Anthony Hernandez,Gregory Rodrigues,BetOnline.ag,Over,3.5,2.74,2026-08-18,2026-08-23
Anthony Hernandez,Gregory Rodrigues,BetOnline.ag,Under,3.5,1.5,2026-08-18,2026-08-23
Anthony Hernandez,Gregory Rodrigues,1xBet,Over,2.5,1.82,2026-08-18,2026-08-23
Anthony Hernandez,Gregory Rodrigues,1xBet,Under,2.5,1.92,2026-08-18,2026-08-23
Umar Nurmagomedov,Song Yadong,1xBet,Over,3.5,1.45,2026-08-18,2026-08-29
Umar Nurmagomedov,Song Yadong,1xBet,Under,3.5,2.65,2026-08-18,2026-08-29
Yair Rodriguez,Jean Silva,1xBet,Over,2.5,1.72,2026-08-18,2026-09-12
Yair Rodriguez,Jean Silva,1xBet,Under,2.5,2.05,2026-08-18,2026-09-12
Arman Tsarukyan,Mauricio Ruffy,1xBet,Over,2.5,1.87,2026-08-18,2026-09-20
Arman Tsarukyan,Mauricio Ruffy,1xBet,Under,2.5,1.87,2026-08-18,2026-09-20
Joshua Van,Alexandre Pantoja,1xBet,Over,4.5,2.08,2026-08-18,2026-09-20
Joshua Van,Alexandre Pantoja,1xBet,Under,4.5,1.7,2026-08-18,2026-09-20
Petr Yan,Merab Dvalishvili,1xBet,Over,4.5,1.4,2026-08-18,2026-10-25
Petr Yan,Merab Dvalishvili,1xBet,Under,4.5,3.0,2026-08-18,2026-10-25
Alex Volkanovski,Movsar Evloev,1xBet,Over,4.5,1.4,2026-08-18,2026-10-25
Alex Volkanovski,Movsar Evloev,1xBet,Under,4.5,3.0,2026-08-18,2026-10-25
Nasrat Haqparast,Chris Padilla,BetOnline.ag,Over,2.5,1.5,2026-08-19,2026-08-22
Nasrat Haqparast,Chris Padilla,BetOnline.ag,Under,2.5,2.74,2026-08-19,2026-08-22
Nasrat Haqparast,Chris Padilla,1xBet,Over,2.5,1.5,2026-08-19,2026-08-22
Nasrat Haqparast,Chris Padilla,1xBet,Under,2.5,2.48,2026-08-19,2026-08-22
Nasrat Haqparast,Chris Padilla,Pinnacle,Over,2.5,1.54,2026-08-19,2026-08-22
Nasrat Haqparast,Chris Padilla,Pinnacle,Under,2.5,2.5,2026-08-19,2026-08-22
Nasrat Haqparast,Chris Padilla,BetAnything,Over,2.5,1.5,2026-08-19,2026-08-22
Nasrat Haqparast,Chris Padilla,BetAnything,Under,2.5,2.7,2026-08-19,2026-08-22
Gauge Young,Stan Dorsainvil,BetOnline.ag,Over,2.5,1.57,2026-08-19,2026-08-22
Gauge Young,Stan Dorsainvil,BetOnline.ag,Under,2.5,2.53,2026-08-19,2026-08-22
Gauge Young,Stan Dorsainvil,1xBet,Over,2.5,1.52,2026-08-19,2026-08-22
Gauge Young,Stan Dorsainvil,1xBet,Under,2.5,2.43,2026-08-19,2026-08-22
Gauge Young,Stan Dorsainvil,BetAnything,Over,2.5,1.56,2026-08-19,2026-08-22
Gauge Young,Stan Dorsainvil,BetAnything,Under,2.5,2.5,2026-08-19,2026-08-22
Gauge Young,Stan Dorsainvil,Pinnacle,Over,2.5,1.56,2026-08-19,2026-08-22
Gauge Young,Stan Dorsainvil,Pinnacle,Under,2.5,2.46,2026-08-19,2026-08-22
Jackson McVey,Wes Schultz,BetOnline.ag,Over,1.5,2.57,2026-08-19,2026-08-22
Jackson McVey,Wes Schultz,BetOnline.ag,Under,1.5,1.56,2026-08-19,2026-08-22
Jackson McVey,Wes Schultz,1xBet,Over,1.5,2.16,2026-08-19,2026-08-22
Jackson McVey,Wes Schultz,1xBet,Under,1.5,1.65,2026-08-19,2026-08-22
Jackson McVey,Wes Schultz,Pinnacle,Over,1.5,2.49,2026-08-19,2026-08-22
Jackson McVey,Wes Schultz,Pinnacle,Under,1.5,1.55,2026-08-19,2026-08-22
Jackson McVey,Wes Schultz,BetAnything,Over,1.5,2.5,2026-08-19,2026-08-22
Jackson McVey,Wes Schultz,BetAnything,Under,1.5,1.56,2026-08-19,2026-08-22
Jamall Emmers,Lerryan Douglas,BetOnline.ag,Over,1.5,2.4,2026-08-19,2026-08-22
Jamall Emmers,Lerryan Douglas,BetOnline.ag,Under,1.5,1.62,2026-08-19,2026-08-22
Jamall Emmers,Lerryan Douglas,1xBet,Over,1.5,2.25,2026-08-19,2026-08-22
Jamall Emmers,Lerryan Douglas,1xBet,Under,1.5,1.6,2026-08-19,2026-08-22
Jamall Emmers,Lerryan Douglas,Pinnacle,Over,1.5,2.37,2026-08-19,2026-08-22
Jamall Emmers,Lerryan Douglas,Pinnacle,Under,1.5,1.6,2026-08-19,2026-08-22
Jamall Emmers,Lerryan Douglas,BetAnything,Over,1.5,2.3,2026-08-19,2026-08-22
Jamall Emmers,Lerryan Douglas,BetAnything,Under,1.5,1.62,2026-08-19,2026-08-22
Shamil Gaziev,Kennedy Nzechukwu,BetOnline.ag,Over,1.5,1.83,2026-08-19,2026-08-22
Shamil Gaziev,Kennedy Nzechukwu,BetOnline.ag,Under,1.5,2.0,2026-08-19,2026-08-22
Shamil Gaziev,Kennedy Nzechukwu,1xBet,Over,1.5,1.76,2026-08-19,2026-08-22
Shamil Gaziev,Kennedy Nzechukwu,1xBet,Under,1.5,2.0,2026-08-19,2026-08-22
Shamil Gaziev,Kennedy Nzechukwu,Pinnacle,Over,1.5,1.76,2026-08-19,2026-08-22
Shamil Gaziev,Kennedy Nzechukwu,Pinnacle,Under,1.5,2.09,2026-08-19,2026-08-22
Shamil Gaziev,Kennedy Nzechukwu,BetAnything,Over,1.5,1.74,2026-08-19,2026-08-22
Shamil Gaziev,Kennedy Nzechukwu,BetAnything,Under,1.5,2.05,2026-08-19,2026-08-22
Shanelle Dyer,Elise Reed,BetOnline.ag,Over,2.5,2.35,2026-08-19,2026-08-22
Shanelle Dyer,Elise Reed,BetOnline.ag,Under,2.5,1.65,2026-08-19,2026-08-22
Shanelle Dyer,Elise Reed,BetAnything,Over,2.5,2.25,2026-08-19,2026-08-22
Shanelle Dyer,Elise Reed,BetAnything,Under,2.5,1.65,2026-08-19,2026-08-22
Shanelle Dyer,Elise Reed,Pinnacle,Over,2.5,2.31,2026-08-19,2026-08-22
Shanelle Dyer,Elise Reed,Pinnacle,Under,2.5,1.63,2026-08-19,2026-08-22
Márcio Barbosa,Ryan Kuse,BetOnline.ag,Over,1.5,3.45,2026-08-19,2026-08-22
Márcio Barbosa,Ryan Kuse,BetOnline.ag,Under,1.5,1.33,2026-08-19,2026-08-22
Márcio Barbosa,Ryan Kuse,1xBet,Over,1.5,2.65,2026-08-19,2026-08-22
Márcio Barbosa,Ryan Kuse,1xBet,Under,1.5,1.44,2026-08-19,2026-08-22
Márcio Barbosa,Ryan Kuse,BetAnything,Over,1.5,3.3,2026-08-19,2026-08-22
Márcio Barbosa,Ryan Kuse,BetAnything,Under,1.5,1.33,2026-08-19,2026-08-22
Márcio Barbosa,Ryan Kuse,Pinnacle,Over,1.5,3.39,2026-08-19,2026-08-22
Márcio Barbosa,Ryan Kuse,Pinnacle,Under,1.5,1.33,2026-08-19,2026-08-22
Anthony Wint,Terrance Chatman,BetOnline.ag,Over,1.5,3.63,2026-08-19,2026-08-23
Anthony Wint,Terrance Chatman,BetOnline.ag,Under,1.5,1.31,2026-08-19,2026-08-23
Anthony Wint,Terrance Chatman,1xBet,Over,0.5,1.44,2026-08-19,2026-08-23
Anthony Wint,Terrance Chatman,1xBet,Under,0.5,2.75,2026-08-19,2026-08-23
Anthony Wint,Terrance Chatman,BetAnything,Over,1.5,3.5,2026-08-19,2026-08-23
Anthony Wint,Terrance Chatman,BetAnything,Under,1.5,1.3,2026-08-19,2026-08-23
Anthony Wint,Terrance Chatman,Pinnacle,Over,1.5,3.58,2026-08-19,2026-08-23
Anthony Wint,Terrance Chatman,Pinnacle,Under,1.5,1.3,2026-08-19,2026-08-23
Carli Judice,Jeisla Chaves,BetOnline.ag,Over,2.5,1.69,2026-08-19,2026-08-23
Carli Judice,Jeisla Chaves,BetOnline.ag,Under,2.5,2.25,2026-08-19,2026-08-23
Carli Judice,Jeisla Chaves,1xBet,Over,2.5,1.5,2026-08-19,2026-08-23
Carli Judice,Jeisla Chaves,1xBet,Under,2.5,2.48,2026-08-19,2026-08-23
Carli Judice,Jeisla Chaves,Pinnacle,Over,2.5,1.68,2026-08-19,2026-08-23
Carli Judice,Jeisla Chaves,Pinnacle,Under,2.5,2.22,2026-08-19,2026-08-23
Carli Judice,Jeisla Chaves,BetAnything,Over,2.5,1.65,2026-08-19,2026-08-23
Carli Judice,Jeisla Chaves,BetAnything,Under,2.5,2.25,2026-08-19,2026-08-23
Marquel Mederos,Mason Jones,BetOnline.ag,Over,2.5,1.56,2026-08-19,2026-08-23
Marquel Mederos,Mason Jones,BetOnline.ag,Under,2.5,2.57,2026-08-19,2026-08-23
Marquel Mederos,Mason Jones,1xBet,Over,2.5,1.6,2026-08-19,2026-08-23
Marquel Mederos,Mason Jones,1xBet,Under,2.5,2.25,2026-08-19,2026-08-23
Marquel Mederos,Mason Jones,Pinnacle,Over,2.5,1.56,2026-08-19,2026-08-23
Marquel Mederos,Mason Jones,Pinnacle,Under,2.5,2.45,2026-08-19,2026-08-23
Marquel Mederos,Mason Jones,BetAnything,Over,2.5,1.56,2026-08-19,2026-08-23
Marquel Mederos,Mason Jones,BetAnything,Under,2.5,2.5,2026-08-19,2026-08-23
Reinier de Ridder,Roman Dolidze,BetOnline.ag,Over,2.5,1.74,2026-08-19,2026-08-23
Reinier de Ridder,Roman Dolidze,BetOnline.ag,Under,2.5,2.15,2026-08-19,2026-08-23
Reinier de Ridder,Roman Dolidze,1xBet,Over,2.5,1.63,2026-08-19,2026-08-23
Reinier de Ridder,Roman Dolidze,1xBet,Under,2.5,2.2,2026-08-19,2026-08-23
Reinier de Ridder,Roman Dolidze,Pinnacle,Over,2.5,1.73,2026-08-19,2026-08-23
Reinier de Ridder,Roman Dolidze,Pinnacle,Under,2.5,2.13,2026-08-19,2026-08-23
Reinier de Ridder,Roman Dolidze,BetAnything,Over,2.5,1.67,2026-08-19,2026-08-23
Reinier de Ridder,Roman Dolidze,BetAnything,Under,2.5,2.2,2026-08-19,2026-08-23
Sergey Spivak,Vitor Petrino,BetOnline.ag,Over,1.5,1.5,2026-08-19,2026-08-23
Sergey Spivak,Vitor Petrino,BetOnline.ag,Under,1.5,2.74,2026-08-19,2026-08-23
Sergey Spivak,Vitor Petrino,1xBet,Over,2.5,2.12,2026-08-19,2026-08-23
Sergey Spivak,Vitor Petrino,1xBet,Under,2.5,1.67,2026-08-19,2026-08-23
Sergey Spivak,Vitor Petrino,Pinnacle,Over,1.5,1.49,2026-08-19,2026-08-23
Sergey Spivak,Vitor Petrino,Pinnacle,Under,1.5,2.66,2026-08-19,2026-08-23
Sergey Spivak,Vitor Petrino,BetAnything,Over,2.5,1.95,2026-08-19,2026-08-23
Sergey Spivak,Vitor Petrino,BetAnything,Under,2.5,1.8,2026-08-19,2026-08-23
Anthony Hernandez,Gregory Rodrigues,BetOnline.ag,Over,3.5,2.77,2026-08-19,2026-08-23
Anthony Hernandez,Gregory Rodrigues,BetOnline.ag,Under,3.5,1.49,2026-08-19,2026-08-23
Anthony Hernandez,Gregory Rodrigues,1xBet,Over,2.5,1.82,2026-08-19,2026-08-23
Anthony Hernandez,Gregory Rodrigues,1xBet,Under,2.5,1.92,2026-08-19,2026-08-23
Anthony Hernandez,Gregory Rodrigues,Pinnacle,Over,3.5,2.66,2026-08-19,2026-08-23
Anthony Hernandez,Gregory Rodrigues,Pinnacle,Under,3.5,1.49,2026-08-19,2026-08-23
Anthony Hernandez,Gregory Rodrigues,BetAnything,Over,2.5,1.83,2026-08-19,2026-08-23
Anthony Hernandez,Gregory Rodrigues,BetAnything,Under,2.5,1.91,2026-08-19,2026-08-23
Umar Nurmagomedov,Song Yadong,1xBet,Over,3.5,1.45,2026-08-19,2026-08-29
Umar Nurmagomedov,Song Yadong,1xBet,Under,3.5,2.65,2026-08-19,2026-08-29
Yair Rodriguez,Jean Silva,1xBet,Over,2.5,1.72,2026-08-19,2026-09-12
Yair Rodriguez,Jean Silva,1xBet,Under,2.5,2.05,2026-08-19,2026-09-12
Arman Tsarukyan,Mauricio Ruffy,1xBet,Over,2.5,1.87,2026-08-19,2026-09-20
Arman Tsarukyan,Mauricio Ruffy,1xBet,Under,2.5,1.87,2026-08-19,2026-09-20
Joshua Van,Alexandre Pantoja,1xBet,Over,4.5,2.08,2026-08-19,2026-09-20
Joshua Van,Alexandre Pantoja,1xBet,Under,4.5,1.7,2026-08-19,2026-09-20
Petr Yan,Merab Dvalishvili,1xBet,Over,4.5,1.4,2026-08-19,2026-10-25
Petr Yan,Merab Dvalishvili,1xBet,Under,4.5,3.0,2026-08-19,2026-10-25
Alex Volkanovski,Movsar Evloev,1xBet,Over,4.5,1.4,2026-08-19,2026-10-25
Alex Volkanovski,Movsar Evloev,1xBet,Under,4.5,3.0,2026-08-19,2026-10-25
Nasrat Haqparast,Chris Padilla,BetOnline.ag,Over,2.5,1.56,2026-08-20,2026-08-22
Nasrat Haqparast,Chris Padilla,BetOnline.ag,Under,2.5,2.57,2026-08-20,2026-08-22
Nasrat Haqparast,Chris Padilla,1xBet,Over,2.5,1.5,2026-08-20,2026-08-22
Nasrat Haqparast,Chris Padilla,1xBet,Under,2.5,2.48,2026-08-20,2026-08-22
Nasrat Haqparast,Chris Padilla,Pinnacle,Over,2.5,1.57,2026-08-20,2026-08-22
Nasrat Haqparast,Chris Padilla,Pinnacle,Under,2.5,2.43,2026-08-20,2026-08-22
Nasrat Haqparast,Chris Padilla,Coolbet,Over,2.5,1.5,2026-08-20,2026-08-22
Nasrat Haqparast,Chris Padilla,Coolbet,Under,2.5,2.68,2026-08-20,2026-08-22
Nasrat Haqparast,Chris Padilla,BetAnything,Over,2.5,1.54,2026-08-20,2026-08-22
Nasrat Haqparast,Chris Padilla,BetAnything,Under,2.5,2.55,2026-08-20,2026-08-22
Gauge Young,Stan Dorsainvil,BetOnline.ag,Over,2.5,1.54,2026-08-20,2026-08-22
Gauge Young,Stan Dorsainvil,BetOnline.ag,Under,2.5,2.61,2026-08-20,2026-08-22
Gauge Young,Stan Dorsainvil,1xBet,Over,2.5,1.52,2026-08-20,2026-08-22
Gauge Young,Stan Dorsainvil,1xBet,Under,2.5,2.43,2026-08-20,2026-08-22
Gauge Young,Stan Dorsainvil,Coolbet,Over,2.5,1.5,2026-08-20,2026-08-22
Gauge Young,Stan Dorsainvil,Coolbet,Under,2.5,2.68,2026-08-20,2026-08-22
Gauge Young,Stan Dorsainvil,BetAnything,Over,2.5,1.56,2026-08-20,2026-08-22
Gauge Young,Stan Dorsainvil,BetAnything,Under,2.5,2.5,2026-08-20,2026-08-22
Gauge Young,Stan Dorsainvil,Pinnacle,Over,2.5,1.58,2026-08-20,2026-08-22
Gauge Young,Stan Dorsainvil,Pinnacle,Under,2.5,2.4,2026-08-20,2026-08-22
Jackson McVey,Wes Schultz,BetOnline.ag,Over,1.5,2.57,2026-08-20,2026-08-22
Jackson McVey,Wes Schultz,BetOnline.ag,Under,1.5,1.56,2026-08-20,2026-08-22
Jackson McVey,Wes Schultz,1xBet,Over,1.5,2.16,2026-08-20,2026-08-22
Jackson McVey,Wes Schultz,1xBet,Under,1.5,1.65,2026-08-20,2026-08-22
Jackson McVey,Wes Schultz,Pinnacle,Over,1.5,2.49,2026-08-20,2026-08-22
Jackson McVey,Wes Schultz,Pinnacle,Under,1.5,1.55,2026-08-20,2026-08-22
Jackson McVey,Wes Schultz,Coolbet,Over,1.5,2.55,2026-08-20,2026-08-22
Jackson McVey,Wes Schultz,Coolbet,Under,1.5,1.54,2026-08-20,2026-08-22
Jackson McVey,Wes Schultz,BetAnything,Over,1.5,2.5,2026-08-20,2026-08-22
Jackson McVey,Wes Schultz,BetAnything,Under,1.5,1.56,2026-08-20,2026-08-22
Jamall Emmers,Lerryan Douglas,BetOnline.ag,Over,1.5,2.45,2026-08-20,2026-08-22
Jamall Emmers,Lerryan Douglas,BetOnline.ag,Under,1.5,1.61,2026-08-20,2026-08-22
Jamall Emmers,Lerryan Douglas,1xBet,Over,1.5,2.25,2026-08-20,2026-08-22
Jamall Emmers,Lerryan Douglas,1xBet,Under,1.5,1.6,2026-08-20,2026-08-22
Jamall Emmers,Lerryan Douglas,Pinnacle,Over,1.5,2.32,2026-08-20,2026-08-22
Jamall Emmers,Lerryan Douglas,Pinnacle,Under,1.5,1.62,2026-08-20,2026-08-22
Jamall Emmers,Lerryan Douglas,Coolbet,Over,1.5,2.45,2026-08-20,2026-08-22
Jamall Emmers,Lerryan Douglas,Coolbet,Under,1.5,1.58,2026-08-20,2026-08-22
Jamall Emmers,Lerryan Douglas,BetAnything,Over,1.5,2.35,2026-08-20,2026-08-22
Jamall Emmers,Lerryan Douglas,BetAnything,Under,1.5,1.61,2026-08-20,2026-08-22
Shamil Gaziev,Kennedy Nzechukwu,BetOnline.ag,Over,1.5,1.83,2026-08-20,2026-08-22
Shamil Gaziev,Kennedy Nzechukwu,BetOnline.ag,Under,1.5,2.0,2026-08-20,2026-08-22
Shamil Gaziev,Kennedy Nzechukwu,1xBet,Over,1.5,1.76,2026-08-20,2026-08-22
Shamil Gaziev,Kennedy Nzechukwu,1xBet,Under,1.5,2.0,2026-08-20,2026-08-22
Shamil Gaziev,Kennedy Nzechukwu,Pinnacle,Over,1.5,1.81,2026-08-20,2026-08-22
Shamil Gaziev,Kennedy Nzechukwu,Pinnacle,Under,1.5,2.03,2026-08-20,2026-08-22
Shamil Gaziev,Kennedy Nzechukwu,Coolbet,Over,1.5,1.83,2026-08-20,2026-08-22
Shamil Gaziev,Kennedy Nzechukwu,Coolbet,Under,1.5,2.0,2026-08-20,2026-08-22
Shamil Gaziev,Kennedy Nzechukwu,BetAnything,Over,1.5,1.83,2026-08-20,2026-08-22
Shamil Gaziev,Kennedy Nzechukwu,BetAnything,Under,1.5,1.91,2026-08-20,2026-08-22
Shanelle Dyer,Elise Reed,BetOnline.ag,Over,2.5,2.35,2026-08-20,2026-08-22
Shanelle Dyer,Elise Reed,BetOnline.ag,Under,2.5,1.65,2026-08-20,2026-08-22
Shanelle Dyer,Elise Reed,1xBet,Over,2.5,2.08,2026-08-20,2026-08-22
Shanelle Dyer,Elise Reed,1xBet,Under,2.5,1.7,2026-08-20,2026-08-22
Shanelle Dyer,Elise Reed,Coolbet,Over,2.5,2.35,2026-08-20,2026-08-22
Shanelle Dyer,Elise Reed,Coolbet,Under,2.5,1.63,2026-08-20,2026-08-22
Shanelle Dyer,Elise Reed,BetAnything,Over,2.5,2.25,2026-08-20,2026-08-22
Shanelle Dyer,Elise Reed,BetAnything,Under,2.5,1.65,2026-08-20,2026-08-22
Shanelle Dyer,Elise Reed,Pinnacle,Over,2.5,2.13,2026-08-20,2026-08-22
Shanelle Dyer,Elise Reed,Pinnacle,Under,2.5,1.73,2026-08-20,2026-08-22
Márcio Barbosa,Ryan Kuse,BetOnline.ag,Over,1.5,3.3,2026-08-20,2026-08-22
Márcio Barbosa,Ryan Kuse,BetOnline.ag,Under,1.5,1.36,2026-08-20,2026-08-22
Márcio Barbosa,Ryan Kuse,1xBet,Over,1.5,2.65,2026-08-20,2026-08-22
Márcio Barbosa,Ryan Kuse,1xBet,Under,1.5,1.44,2026-08-20,2026-08-22
Márcio Barbosa,Ryan Kuse,Coolbet,Over,1.5,3.45,2026-08-20,2026-08-22
Márcio Barbosa,Ryan Kuse,Coolbet,Under,1.5,1.33,2026-08-20,2026-08-22
Márcio Barbosa,Ryan Kuse,BetAnything,Over,1.5,3.15,2026-08-20,2026-08-22
Márcio Barbosa,Ryan Kuse,BetAnything,Under,1.5,1.36,2026-08-20,2026-08-22
Márcio Barbosa,Ryan Kuse,Pinnacle,Over,1.5,3.15,2026-08-20,2026-08-22
Márcio Barbosa,Ryan Kuse,Pinnacle,Under,1.5,1.37,2026-08-20,2026-08-22
Anthony Wint,Terrance Chatman,BetOnline.ag,Over,1.5,3.63,2026-08-20,2026-08-23
Anthony Wint,Terrance Chatman,BetOnline.ag,Under,1.5,1.31,2026-08-20,2026-08-23
Anthony Wint,Terrance Chatman,1xBet,Over,0.5,1.44,2026-08-20,2026-08-23
Anthony Wint,Terrance Chatman,1xBet,Under,0.5,2.75,2026-08-20,2026-08-23
Anthony Wint,Terrance Chatman,Coolbet,Over,1.5,3.6,2026-08-20,2026-08-23
Anthony Wint,Terrance Chatman,Coolbet,Under,1.5,1.31,2026-08-20,2026-08-23
Anthony Wint,Terrance Chatman,BetAnything,Over,1.5,3.4,2026-08-20,2026-08-23
Anthony Wint,Terrance Chatman,BetAnything,Under,1.5,1.32,2026-08-20,2026-08-23
Anthony Wint,Terrance Chatman,Pinnacle,Over,1.5,3.24,2026-08-20,2026-08-23
Anthony Wint,Terrance Chatman,Pinnacle,Under,1.5,1.35,2026-08-20,2026-08-23
Carli Judice,Jeisla Chaves,BetOnline.ag,Over,2.5,1.69,2026-08-20,2026-08-23
Carli Judice,Jeisla Chaves,BetOnline.ag,Under,2.5,2.25,2026-08-20,2026-08-23
Carli Judice,Jeisla Chaves,1xBet,Over,2.5,1.5,2026-08-20,2026-08-23
Carli Judice,Jeisla Chaves,1xBet,Under,2.5,2.48,2026-08-20,2026-08-23
Carli Judice,Jeisla Chaves,Pinnacle,Over,2.5,1.68,2026-08-20,2026-08-23
Carli Judice,Jeisla Chaves,Pinnacle,Under,2.5,2.22,2026-08-20,2026-08-23
Carli Judice,Jeisla Chaves,Coolbet,Over,2.5,1.69,2026-08-20,2026-08-23
Carli Judice,Jeisla Chaves,Coolbet,Under,2.5,2.23,2026-08-20,2026-08-23
Carli Judice,Jeisla Chaves,BetAnything,Over,2.5,1.65,2026-08-20,2026-08-23
Carli Judice,Jeisla Chaves,BetAnything,Under,2.5,2.25,2026-08-20,2026-08-23
Marquel Mederos,Mason Jones,BetOnline.ag,Over,2.5,1.5,2026-08-20,2026-08-23
Marquel Mederos,Mason Jones,BetOnline.ag,Under,2.5,2.74,2026-08-20,2026-08-23
Marquel Mederos,Mason Jones,1xBet,Over,2.5,1.6,2026-08-20,2026-08-23
Marquel Mederos,Mason Jones,1xBet,Under,2.5,2.25,2026-08-20,2026-08-23
Marquel Mederos,Mason Jones,Pinnacle,Over,2.5,1.51,2026-08-20,2026-08-23
Marquel Mederos,Mason Jones,Pinnacle,Under,2.5,2.59,2026-08-20,2026-08-23
Marquel Mederos,Mason Jones,Coolbet,Over,2.5,1.54,2026-08-20,2026-08-23
Marquel Mederos,Mason Jones,Coolbet,Under,2.5,2.55,2026-08-20,2026-08-23
Marquel Mederos,Mason Jones,BetAnything,Over,2.5,1.5,2026-08-20,2026-08-23
Marquel Mederos,Mason Jones,BetAnything,Under,2.5,2.7,2026-08-20,2026-08-23
Reinier de Ridder,Roman Dolidze,BetOnline.ag,Over,2.5,1.74,2026-08-20,2026-08-23
Reinier de Ridder,Roman Dolidze,BetOnline.ag,Under,2.5,2.15,2026-08-20,2026-08-23
Reinier de Ridder,Roman Dolidze,1xBet,Over,2.5,1.63,2026-08-20,2026-08-23
Reinier de Ridder,Roman Dolidze,1xBet,Under,2.5,2.2,2026-08-20,2026-08-23
Reinier de Ridder,Roman Dolidze,Pinnacle,Over,2.5,1.72,2026-08-20,2026-08-23
Reinier de Ridder,Roman Dolidze,Pinnacle,Under,2.5,2.14,2026-08-20,2026-08-23
Reinier de Ridder,Roman Dolidze,Coolbet,Over,2.5,1.74,2026-08-20,2026-08-23
Reinier de Ridder,Roman Dolidze,Coolbet,Under,2.5,2.15,2026-08-20,2026-08-23
Reinier de Ridder,Roman Dolidze,BetAnything,Over,2.5,1.67,2026-08-20,2026-08-23
Reinier de Ridder,Roman Dolidze,BetAnything,Under,2.5,2.2,2026-08-20,2026-08-23
Sergey Spivak,Vitor Petrino,BetOnline.ag,Over,1.5,1.5,2026-08-20,2026-08-23
Sergey Spivak,Vitor Petrino,BetOnline.ag,Under,1.5,2.74,2026-08-20,2026-08-23
Sergey Spivak,Vitor Petrino,1xBet,Over,2.5,2.12,2026-08-20,2026-08-23
Sergey Spivak,Vitor Petrino,1xBet,Under,2.5,1.67,2026-08-20,2026-08-23
Sergey Spivak,Vitor Petrino,Pinnacle,Over,1.5,1.49,2026-08-20,2026-08-23
Sergey Spivak,Vitor Petrino,Pinnacle,Under,1.5,2.66,2026-08-20,2026-08-23
Sergey Spivak,Vitor Petrino,Coolbet,Over,1.5,1.5,2026-08-20,2026-08-23
Sergey Spivak,Vitor Petrino,Coolbet,Under,1.5,2.68,2026-08-20,2026-08-23
Sergey Spivak,Vitor Petrino,BetAnything,Over,2.5,1.95,2026-08-20,2026-08-23
Sergey Spivak,Vitor Petrino,BetAnything,Under,2.5,1.8,2026-08-20,2026-08-23
Anthony Hernandez,Gregory Rodrigues,BetOnline.ag,Over,3.5,2.77,2026-08-20,2026-08-23
Anthony Hernandez,Gregory Rodrigues,BetOnline.ag,Under,3.5,1.49,2026-08-20,2026-08-23
Anthony Hernandez,Gregory Rodrigues,1xBet,Over,2.5,1.82,2026-08-20,2026-08-23
Anthony Hernandez,Gregory Rodrigues,1xBet,Under,2.5,1.92,2026-08-20,2026-08-23
Anthony Hernandez,Gregory Rodrigues,Pinnacle,Over,3.5,2.66,2026-08-20,2026-08-23
Anthony Hernandez,Gregory Rodrigues,Pinnacle,Under,3.5,1.49,2026-08-20,2026-08-23
Anthony Hernandez,Gregory Rodrigues,Coolbet,Over,3.5,2.75,2026-08-20,2026-08-23
Anthony Hernandez,Gregory Rodrigues,Coolbet,Under,3.5,1.48,2026-08-20,2026-08-23
Anthony Hernandez,Gregory Rodrigues,BetAnything,Over,2.5,1.83,2026-08-20,2026-08-23
Anthony Hernandez,Gregory Rodrigues,BetAnything,Under,2.5,1.91,2026-08-20,2026-08-23
Umar Nurmagomedov,Song Yadong,1xBet,Over,3.5,1.45,2026-08-20,2026-08-29
Umar Nurmagomedov,Song Yadong,1xBet,Under,3.5,2.65,2026-08-20,2026-08-29
Arman Tsarukyan,Mauricio Ruffy,1xBet,Over,2.5,1.87,2026-08-20,2026-09-20
Arman Tsarukyan,Mauricio Ruffy,1xBet,Under,2.5,1.87,2026-08-20,2026-09-20
Joshua Van,Alexandre Pantoja,1xBet,Over,4.5,2.08,2026-08-20,2026-09-20
Joshua Van,Alexandre Pantoja,1xBet,Under,4.5,1.7,2026-08-20,2026-09-20
Petr Yan,Merab Dvalishvili,1xBet,Over,4.5,1.4,2026-08-20,2026-10-25
Petr Yan,Merab Dvalishvili,1xBet,Under,4.5,3.0,2026-08-20,2026-10-25
Alex Volkanovski,Movsar Evloev,1xBet,Over,4.5,1.4,2026-08-20,2026-10-25
Alex Volkanovski,Movsar Evloev,1xBet,Under,4.5,3.0,2026-08-20,2026-10-25
Ahejiang Ailinuer,George Mangos,Pinnacle,Over,1.5,1.68,2026-08-28,2026-08-28
Ahejiang Ailinuer,George Mangos,Pinnacle,Under,1.5,2.25,2026-08-28,2026-08-28
Ahejiang Ailinuer,George Mangos,BetOnline.ag,Over,1.5,1.62,2026-08-28,2026-08-28
Ahejiang Ailinuer,George Mangos,BetOnline.ag,Under,1.5,2.4,2026-08-28,2026-08-28
Ahejiang Ailinuer,George Mangos,BetAnything,Over,1.5,1.62,2026-08-28,2026-08-28
Ahejiang Ailinuer,George Mangos,BetAnything,Under,1.5,2.3,2026-08-28,2026-08-28
Yilizhati Maimaitijiang,Tre'ston Vines,Pinnacle,Over,1.5,2.64,2026-08-28,2026-08-28
Yilizhati Maimaitijiang,Tre'ston Vines,Pinnacle,Under,1.5,1.52,2026-08-28,2026-08-28
Yilizhati Maimaitijiang,Tre'ston Vines,BetOnline.ag,Over,1.5,2.74,2026-08-28,2026-08-28
Yilizhati Maimaitijiang,Tre'ston Vines,BetOnline.ag,Under,1.5,1.5,2026-08-28,2026-08-28
Yilizhati Maimaitijiang,Tre'ston Vines,BetAnything,Over,1.5,2.7,2026-08-28,2026-08-28
Yilizhati Maimaitijiang,Tre'ston Vines,BetAnything,Under,1.5,1.5,2026-08-28,2026-08-28
Hayisaer Maheshate,Darrius Flowers,BetOnline.ag,Over,1.5,1.87,2026-08-28,2026-08-28
Hayisaer Maheshate,Darrius Flowers,BetOnline.ag,Under,1.5,1.95,2026-08-28,2026-08-28
Hayisaer Maheshate,Darrius Flowers,1xBet,Over,2.5,2.3,2026-08-28,2026-08-28
Hayisaer Maheshate,Darrius Flowers,1xBet,Under,2.5,1.55,2026-08-28,2026-08-28
Hayisaer Maheshate,Darrius Flowers,Pinnacle,Over,1.5,1.77,2026-08-28,2026-08-28
Hayisaer Maheshate,Darrius Flowers,Pinnacle,Under,1.5,2.11,2026-08-28,2026-08-28
Hayisaer Maheshate,Darrius Flowers,BetAnything,Over,1.5,1.87,2026-08-28,2026-08-28
Hayisaer Maheshate,Darrius Flowers,BetAnything,Under,1.5,1.87,2026-08-28,2026-08-28
Alexander Schenk,Francisco Hernandez,BetOnline.ag,Over,1.5,1.5,2026-08-28,2026-08-28
Alexander Schenk,Francisco Hernandez,BetOnline.ag,Under,1.5,2.74,2026-08-28,2026-08-28
Andrew Stewart,Shane Sobnosky,BetOnline.ag,Over,2.5,1.74,2026-08-28,2026-08-28
Andrew Stewart,Shane Sobnosky,BetOnline.ag,Under,2.5,2.15,2026-08-28,2026-08-28
Finn Martin,Mataeo Garner,BetOnline.ag,Over,1.5,2.7,2026-08-28,2026-08-28
Finn Martin,Mataeo Garner,BetOnline.ag,Under,1.5,1.51,2026-08-28,2026-08-28
Elvis Silva,Akbarjon Islomboev,BetOnline.ag,Over,1.5,1.5,2026-08-28,2026-08-29
Elvis Silva,Akbarjon Islomboev,BetOnline.ag,Under,1.5,2.74,2026-08-28,2026-08-29
Dedrek Sanders,Luis Gomez,BetOnline.ag,Over,2.5,2.53,2026-08-28,2026-08-29
Dedrek Sanders,Luis Gomez,BetOnline.ag,Under,2.5,1.57,2026-08-28,2026-08-29
Cameron Nelson,Meng Ding,Pinnacle,Over,2.5,2.08,2026-08-28,2026-08-29
Cameron Nelson,Meng Ding,Pinnacle,Under,2.5,1.78,2026-08-28,2026-08-29
Cameron Nelson,Meng Ding,1xBet,Over,2.5,2.0,2026-08-28,2026-08-29
Cameron Nelson,Meng Ding,1xBet,Under,2.5,1.77,2026-08-28,2026-08-29
Cameron Nelson,Meng Ding,BetOnline.ag,Over,2.5,2.1,2026-08-28,2026-08-29
Cameron Nelson,Meng Ding,BetOnline.ag,Under,2.5,1.77,2026-08-28,2026-08-29
Cameron Nelson,Meng Ding,Coolbet,Over,2.5,2.06,2026-08-28,2026-08-29
Cameron Nelson,Meng Ding,Coolbet,Under,2.5,1.77,2026-08-28,2026-08-29
Cameron Nelson,Meng Ding,BetAnything,Over,2.5,2.0,2026-08-28,2026-08-29
Cameron Nelson,Meng Ding,BetAnything,Under,2.5,1.77,2026-08-28,2026-08-29
Julia Polastri,Jingnan Xiong,BetOnline.ag,Over,2.5,1.25,2026-08-28,2026-08-29
Julia Polastri,Jingnan Xiong,BetOnline.ag,Under,2.5,4.16,2026-08-28,2026-08-29
Julia Polastri,Jingnan Xiong,1xBet,Over,2.5,1.22,2026-08-28,2026-08-29
Julia Polastri,Jingnan Xiong,1xBet,Under,2.5,4.0,2026-08-28,2026-08-29
Julia Polastri,Jingnan Xiong,Pinnacle,Over,2.5,1.24,2026-08-28,2026-08-29
Julia Polastri,Jingnan Xiong,Pinnacle,Under,2.5,4.24,2026-08-28,2026-08-29
Julia Polastri,Jingnan Xiong,Coolbet,Over,2.5,1.29,2026-08-28,2026-08-29
Julia Polastri,Jingnan Xiong,Coolbet,Under,2.5,3.75,2026-08-28,2026-08-29
Julia Polastri,Jingnan Xiong,BetAnything,Over,2.5,1.25,2026-08-28,2026-08-29
Julia Polastri,Jingnan Xiong,BetAnything,Under,2.5,3.65,2026-08-28,2026-08-29
Hector Santiago,Lawrence Lui,Pinnacle,Over,2.5,1.98,2026-08-28,2026-08-29
Hector Santiago,Lawrence Lui,Pinnacle,Under,2.5,1.85,2026-08-28,2026-08-29
Hector Santiago,Lawrence Lui,1xBet,Over,2.5,2.0,2026-08-28,2026-08-29
Hector Santiago,Lawrence Lui,1xBet,Under,2.5,1.76,2026-08-28,2026-08-29
Hector Santiago,Lawrence Lui,BetOnline.ag,Over,2.5,2.0,2026-08-28,2026-08-29
Hector Santiago,Lawrence Lui,BetOnline.ag,Under,2.5,1.83,2026-08-28,2026-08-29
Hector Santiago,Lawrence Lui,Coolbet,Over,2.5,1.92,2026-08-28,2026-08-29
Hector Santiago,Lawrence Lui,Coolbet,Under,2.5,1.92,2026-08-28,2026-08-29
Hector Santiago,Lawrence Lui,BetAnything,Over,2.5,1.91,2026-08-28,2026-08-29
Hector Santiago,Lawrence Lui,BetAnything,Under,2.5,1.83,2026-08-28,2026-08-29
Francesco Nuzzi,Long Xiao,BetOnline.ag,Over,2.5,1.74,2026-08-28,2026-08-29
Francesco Nuzzi,Long Xiao,BetOnline.ag,Under,2.5,2.15,2026-08-28,2026-08-29
Francesco Nuzzi,Long Xiao,1xBet,Over,2.5,1.75,2026-08-28,2026-08-29
Francesco Nuzzi,Long Xiao,1xBet,Under,2.5,2.0,2026-08-28,2026-08-29
Francesco Nuzzi,Long Xiao,Pinnacle,Over,2.5,1.74,2026-08-28,2026-08-29
Francesco Nuzzi,Long Xiao,Pinnacle,Under,2.5,2.13,2026-08-28,2026-08-29
Francesco Nuzzi,Long Xiao,Coolbet,Over,2.5,1.74,2026-08-28,2026-08-29
Francesco Nuzzi,Long Xiao,Coolbet,Under,2.5,2.15,2026-08-28,2026-08-29
Francesco Nuzzi,Long Xiao,BetAnything,Over,2.5,1.67,2026-08-28,2026-08-29
Francesco Nuzzi,Long Xiao,BetAnything,Under,2.5,2.2,2026-08-28,2026-08-29
Sean Woodson,Jack Jenkins,BetOnline.ag,Over,2.5,1.51,2026-08-28,2026-08-29
Sean Woodson,Jack Jenkins,BetOnline.ag,Under,2.5,2.7,2026-08-28,2026-08-29
Sean Woodson,Jack Jenkins,1xBet,Over,2.5,1.52,2026-08-28,2026-08-29
Sean Woodson,Jack Jenkins,1xBet,Under,2.5,2.43,2026-08-28,2026-08-29
Sean Woodson,Jack Jenkins,Pinnacle,Over,2.5,1.56,2026-08-28,2026-08-29
Sean Woodson,Jack Jenkins,Pinnacle,Under,2.5,2.5,2026-08-28,2026-08-29
Sean Woodson,Jack Jenkins,Coolbet,Over,2.5,1.55,2026-08-28,2026-08-29
Sean Woodson,Jack Jenkins,Coolbet,Under,2.5,2.52,2026-08-28,2026-08-29
Sean Woodson,Jack Jenkins,BetAnything,Over,2.5,1.51,2026-08-28,2026-08-29
Sean Woodson,Jack Jenkins,BetAnything,Under,2.5,2.65,2026-08-28,2026-08-29
Kevin Borjas,Rei Tsuruya,BetOnline.ag,Over,2.5,2.38,2026-08-28,2026-08-29
Kevin Borjas,Rei Tsuruya,BetOnline.ag,Under,2.5,1.63,2026-08-28,2026-08-29
Kevin Borjas,Rei Tsuruya,1xBet,Over,2.5,2.0,2026-08-28,2026-08-29
Kevin Borjas,Rei Tsuruya,1xBet,Under,2.5,1.76,2026-08-28,2026-08-29
Kevin Borjas,Rei Tsuruya,Pinnacle,Over,2.5,2.4,2026-08-28,2026-08-29
Kevin Borjas,Rei Tsuruya,Pinnacle,Under,2.5,1.6,2026-08-28,2026-08-29
Kevin Borjas,Rei Tsuruya,Coolbet,Over,2.5,2.3,2026-08-28,2026-08-29
Kevin Borjas,Rei Tsuruya,Coolbet,Under,2.5,1.64,2026-08-28,2026-08-29
Kevin Borjas,Rei Tsuruya,BetAnything,Over,2.5,2.28,2026-08-28,2026-08-29
Kevin Borjas,Rei Tsuruya,BetAnything,Under,2.5,1.63,2026-08-28,2026-08-29
Andre Lima,Namsrai Batbayar,BetOnline.ag,Over,2.5,2.22,2026-08-28,2026-08-29
Andre Lima,Namsrai Batbayar,BetOnline.ag,Under,2.5,1.7,2026-08-28,2026-08-29
Andre Lima,Namsrai Batbayar,1xBet,Over,2.5,2.05,2026-08-28,2026-08-29
Andre Lima,Namsrai Batbayar,1xBet,Under,2.5,1.72,2026-08-28,2026-08-29
Andre Lima,Namsrai Batbayar,Pinnacle,Over,2.5,2.22,2026-08-28,2026-08-29
Andre Lima,Namsrai Batbayar,Pinnacle,Under,2.5,1.68,2026-08-28,2026-08-29
Andre Lima,Namsrai Batbayar,Coolbet,Over,2.5,2.4,2026-08-28,2026-08-29
Andre Lima,Namsrai Batbayar,Coolbet,Under,2.5,1.6,2026-08-28,2026-08-29
Andre Lima,Namsrai Batbayar,BetAnything,Over,2.5,2.12,2026-08-28,2026-08-29
Andre Lima,Namsrai Batbayar,BetAnything,Under,2.5,1.7,2026-08-28,2026-08-29
Nilson Rojas,Bilal Hasan,Pinnacle,Over,1.5,1.55,2026-08-28,2026-08-29
Nilson Rojas,Bilal Hasan,Pinnacle,Under,1.5,2.51,2026-08-28,2026-08-29
Nilson Rojas,Bilal Hasan,1xBet,Over,2.5,2.22,2026-08-28,2026-08-29
Nilson Rojas,Bilal Hasan,1xBet,Under,2.5,1.65,2026-08-28,2026-08-29
Nilson Rojas,Bilal Hasan,BetOnline.ag,Over,1.5,1.56,2026-08-28,2026-08-29
Nilson Rojas,Bilal Hasan,BetOnline.ag,Under,1.5,2.57,2026-08-28,2026-08-29
Nilson Rojas,Bilal Hasan,Coolbet,Over,1.5,1.58,2026-08-28,2026-08-29
Nilson Rojas,Bilal Hasan,Coolbet,Under,1.5,2.45,2026-08-28,2026-08-29
Nilson Rojas,Bilal Hasan,BetAnything,Over,1.5,1.56,2026-08-28,2026-08-29
Nilson Rojas,Bilal Hasan,BetAnything,Under,1.5,2.5,2026-08-28,2026-08-29
Levi Rodrigues,Liu Ce,Pinnacle,Over,1.5,2.65,2026-08-28,2026-08-29
Levi Rodrigues,Liu Ce,Pinnacle,Under,1.5,1.5,2026-08-28,2026-08-29
Levi Rodrigues,Liu Ce,1xBet,Over,1.5,2.55,2026-08-28,2026-08-29
Levi Rodrigues,Liu Ce,1xBet,Under,1.5,1.5,2026-08-28,2026-08-29
Levi Rodrigues,Liu Ce,BetOnline.ag,Over,1.5,2.7,2026-08-28,2026-08-29
Levi Rodrigues,Liu Ce,BetOnline.ag,Under,1.5,1.51,2026-08-28,2026-08-29
Levi Rodrigues,Liu Ce,Coolbet,Over,1.5,2.65,2026-08-28,2026-08-29
Levi Rodrigues,Liu Ce,Coolbet,Under,1.5,1.51,2026-08-28,2026-08-29
Levi Rodrigues,Liu Ce,BetAnything,Over,1.5,2.65,2026-08-28,2026-08-29
Levi Rodrigues,Liu Ce,BetAnything,Under,1.5,1.51,2026-08-28,2026-08-29
Su Mudaerji,Alex Perez,BetOnline.ag,Over,2.5,2.05,2026-08-28,2026-08-29
Su Mudaerji,Alex Perez,BetOnline.ag,Under,2.5,1.8,2026-08-28,2026-08-29
Su Mudaerji,Alex Perez,1xBet,Over,2.5,1.8,2026-08-28,2026-08-29
Su Mudaerji,Alex Perez,1xBet,Under,2.5,1.95,2026-08-28,2026-08-29
Su Mudaerji,Alex Perez,Pinnacle,Over,2.5,2.02,2026-08-28,2026-08-29
Su Mudaerji,Alex Perez,Pinnacle,Under,2.5,1.83,2026-08-28,2026-08-29
Su Mudaerji,Alex Perez,Coolbet,Over,2.5,2.05,2026-08-28,2026-08-29
Su Mudaerji,Alex Perez,Coolbet,Under,2.5,1.8,2026-08-28,2026-08-29
Su Mudaerji,Alex Perez,BetAnything,Over,2.5,1.95,2026-08-28,2026-08-29
Su Mudaerji,Alex Perez,BetAnything,Under,2.5,1.8,2026-08-28,2026-08-29
Kai Asakura,Aori Qileng,BetOnline.ag,Over,2.5,2.89,2026-08-28,2026-08-29
Kai Asakura,Aori Qileng,BetOnline.ag,Under,2.5,1.44,2026-08-28,2026-08-29
Kai Asakura,Aori Qileng,1xBet,Over,1.5,1.66,2026-08-28,2026-08-29
Kai Asakura,Aori Qileng,1xBet,Under,1.5,2.14,2026-08-28,2026-08-29
Kai Asakura,Aori Qileng,Pinnacle,Over,2.5,2.78,2026-08-28,2026-08-29
Kai Asakura,Aori Qileng,Pinnacle,Under,2.5,1.46,2026-08-28,2026-08-29
Kai Asakura,Aori Qileng,Coolbet,Over,2.5,2.75,2026-08-28,2026-08-29
Kai Asakura,Aori Qileng,Coolbet,Under,2.5,1.48,2026-08-28,2026-08-29
Kai Asakura,Aori Qileng,BetAnything,Over,1.5,1.8,2026-08-28,2026-08-29
Kai Asakura,Aori Qileng,BetAnything,Under,1.5,1.95,2026-08-28,2026-08-29
Denise Gomes,Yan Xiaonan,BetOnline.ag,Over,2.5,1.34,2026-08-28,2026-08-29
Denise Gomes,Yan Xiaonan,BetOnline.ag,Under,2.5,3.37,2026-08-28,2026-08-29
Denise Gomes,Yan Xiaonan,1xBet,Over,2.5,1.28,2026-08-28,2026-08-29
Denise Gomes,Yan Xiaonan,1xBet,Under,2.5,3.5,2026-08-28,2026-08-29
Denise Gomes,Yan Xiaonan,Pinnacle,Over,2.5,1.35,2026-08-28,2026-08-29
Denise Gomes,Yan Xiaonan,Pinnacle,Under,2.5,3.3,2026-08-28,2026-08-29
Denise Gomes,Yan Xiaonan,Coolbet,Over,2.5,1.36,2026-08-28,2026-08-29
Denise Gomes,Yan Xiaonan,Coolbet,Under,2.5,3.28,2026-08-28,2026-08-29
Denise Gomes,Yan Xiaonan,BetAnything,Over,2.5,1.32,2026-08-28,2026-08-29
Denise Gomes,Yan Xiaonan,BetAnything,Under,2.5,3.4,2026-08-28,2026-08-29
Umar Nurmagomedov,Song Yadong,BetOnline.ag,Over,4.5,1.47,2026-08-28,2026-08-29
Umar Nurmagomedov,Song Yadong,BetOnline.ag,Under,4.5,2.83,2026-08-28,2026-08-29
Umar Nurmagomedov,Song Yadong,1xBet,Over,4.5,1.41,2026-08-28,2026-08-29
Umar Nurmagomedov,Song Yadong,1xBet,Under,4.5,2.85,2026-08-28,2026-08-29
Umar Nurmagomedov,Song Yadong,Coolbet,Over,4.5,1.45,2026-08-28,2026-08-29
Umar Nurmagomedov,Song Yadong,Coolbet,Under,4.5,2.85,2026-08-28,2026-08-29
Umar Nurmagomedov,Song Yadong,Pinnacle,Over,4.5,1.5,2026-08-28,2026-08-29
Umar Nurmagomedov,Song Yadong,Pinnacle,Under,4.5,2.66,2026-08-28,2026-08-29
Umar Nurmagomedov,Song Yadong,BetAnything,Over,4.5,1.43,2026-08-28,2026-08-29
Umar Nurmagomedov,Song Yadong,BetAnything,Under,4.5,2.85,2026-08-28,2026-08-29
Salahdine Parnasse,Daniel Hooker,1xBet,Over,1.5,1.6,2026-08-28,2026-09-05
Salahdine Parnasse,Daniel Hooker,1xBet,Under,1.5,2.25,2026-08-28,2026-09-05
Arman Tsarukyan,Mauricio Ruffy,1xBet,Over,2.5,1.87,2026-08-28,2026-09-20
Arman Tsarukyan,Mauricio Ruffy,1xBet,Under,2.5,1.87,2026-08-28,2026-09-20
Joshua Van,Alexandre Pantoja,1xBet,Over,4.5,2.08,2026-08-28,2026-09-20
Joshua Van,Alexandre Pantoja,1xBet,Under,4.5,1.7,2026-08-28,2026-09-20
Petr Yan,Merab Dvalishvili,1xBet,Over,4.5,1.4,2026-08-28,2026-10-25
Petr Yan,Merab Dvalishvili,1xBet,Under,4.5,3.0,2026-08-28,2026-10-25
Alex Volkanovski,Movsar Evloev,1xBet,Over,4.5,1.4,2026-08-28,2026-10-25
Alex Volkanovski,Movsar Evloev,1xBet,Under,4.5,3.0,2026-08-28,2026-10-25
